num_created,num_modified,num_deleted,num_renamed,total_operations,operation_rate_per_sec,unique_directories,unique_extensions,rename_modify_ratio,cpu_percent,memory_mb,label
3.0,127.0,9.0,113.0,252.0,25.2,10.0,5.0,0.89,54.04,267.37,1.0
4.0,68.0,7.0,68.0,147.0,14.7,7.0,5.0,1.0,65.09,165.16,1.0
100.0,67.0,29.0,0.0,196.0,19.6,9.0,8.0,0.0,88.95,482.15,0.0
1.0,2.0,0.0,0.0,3.0,0.3,1.0,1.0,0.0,0.47,47.29,0.0
49.0,140.0,26.0,3.0,218.0,21.8,11.0,5.0,0.021,78.07,787.45,0.0
0.0,2.0,0.0,0.0,2.0,0.2,1.0,0.0,0.0,1.21,43.96,0.0
0.0,0.0,0.0,0.0,0.0,0.0,0.0,0.0,0.0,2.33,21.74,0.0
117.0,62.0,15.0,1.0,195.0,19.5,6.0,4.0,0.016,46.14,747.87,0.0
6.0,116.0,11.0,105.0,238.0,23.8,14.0,7.0,0.905,40.04,146.56,1.0
0.0,92.0,7.0,97.0,196.0,19.6,16.0,10.0,1.054,65.68,196.9,1.0
4.0,15.0,3.0,1.0,23.0,2.3,2.0,3.0,0.067,7.38,63.46,0.0
35.0,11.0,0.0,0.0,46.0,4.6,4.0,1.0,0.0,25.22,99.58,0.0
0.0,0.0,0.0,0.0,0.0,0.0,0.0,0.0,0.0,1.99,29.78,0.0
0.0,28.0,0.0,23.0,51.0,5.1,6.0,6.0,0.821,19.52,74.18,1.0
3.0,46.0,11.0,50.0,110.0,11.0,7.0,4.0,1.087,87.59,259.28,1.0
8.0,145.0,10.0,124.0,287.0,28.7,7.0,4.0,0.855,40.11,306.01,1.0
6.0,172.0,14.0,182.0,374.0,37.4,11.0,12.0,1.058,87.47,204.51,1.0
3.0,15.0,3.0,0.0,21.0,2.1,2.0,4.0,0.0,19.78,111.6,0.0
68.0,157.0,30.0,1.0,256.0,25.6,7.0,4.0,0.006,49.15,838.42,0.0
0.0,2.0,1.0,0.0,3.0,0.3,1.0,1.0,0.0,0.95,51.37,0.0
2.0,85.0,1.0,97.0,185.0,18.5,16.0,7.0,1.141,75.09,307.14,1.0
2.0,55.0,6.0,57.0,120.0,12.0,8.0,3.0,1.036,29.6,217.01,1.0
1.0,1.0,0.0,0.0,2.0,0.2,1.0,1.0,0.0,3.88,17.27,0.0
0.0,18.0,2.0,14.0,34.0,3.4,3.0,4.0,0.778,17.26,114.24,1.0
0.0,0.0,0.0,0.0,0.0,0.0,0.0,0.0,0.0,0.98,42.91,0.0
2.0,70.0,10.0,69.0,151.0,15.1,6.0,7.0,0.986,43.83,128.68,1.0
0.0,0.0,0.0,0.0,0.0,0.0,0.0,0.0,0.0,1.19,26.83,0.0
3.0,66.0,8.0,64.0,141.0,14.1,7.0,5.0,0.97,40.68,167.22,1.0
6.0,4.0,3.0,1.0,14.0,1.4,3.0,3.0,0.25,17.3,151.39,0.0
2.0,138.0,2.0,121.0,263.0,26.3,14.0,9.0,0.877,84.83,163.64,1.0
0.0,1.0,0.0,0.0,1.0,0.1,1.0,0.0,0.0,1.17,53.15,0.0
3.0,36.0,2.0,35.0,76.0,7.6,4.0,4.0,0.972,74.22,182.15,1.0
4.0,90.0,5.0,81.0,180.0,18.0,9.0,9.0,0.9,94.26,283.81,1.0
0.0,34.0,3.0,34.0,71.0,7.1,3.0,5.0,1.0,40.58,58.35,1.0
4.0,58.0,7.0,59.0,128.0,12.8,4.0,6.0,1.017,55.72,156.13,1.0
7.0,117.0,11.0,100.0,235.0,23.5,13.0,8.0,0.855,45.9,295.44,1.0
0.0,2.0,0.0,0.0,2.0,0.2,1.0,1.0,0.0,1.19,24.83,0.0
2.0,23.0,4.0,19.0,48.0,4.8,4.0,6.0,0.826,40.31,135.22,1.0
6.0,5.0,0.0,0.0,11.0,1.1,2.0,4.0,0.0,17.1,53.48,0.0
0.0,0.0,0.0,0.0,0.0,0.0,0.0,0.0,0.0,3.99,23.97,0.0
0.0,1.0,0.0,0.0,1.0,0.1,1.0,0.0,0.0,0.64,25.41,0.0
0.0,169.0,15.0,183.0,367.0,36.7,13.0,5.0,1.083,80.51,226.99,1.0
49.0,14.0,0.0,0.0,63.0,6.3,2.0,1.0,0.0,30.48,163.09,0.0
3.0,8.0,2.0,0.0,13.0,1.3,1.0,2.0,0.0,6.52,157.82,0.0
0.0,53.0,1.0,53.0,107.0,10.7,5.0,2.0,1.0,53.69,179.01,1.0
0.0,60.0,8.0,59.0,127.0,12.7,3.0,4.0,0.983,69.6,178.29,1.0
91.0,132.0,23.0,1.0,247.0,24.7,4.0,6.0,0.008,58.36,402.45,0.0
7.0,128.0,1.0,145.0,281.0,28.1,6.0,6.0,1.133,88.64,74.44,1.0
0.0,2.0,0.0,0.0,2.0,0.2,1.0,0.0,0.0,3.04,26.53,0.0
3.0,7.0,1.0,0.0,11.0,1.1,3.0,3.0,0.0,15.09,118.92,0.0
4.0,100.0,10.0,107.0,221.0,22.1,13.0,6.0,1.07,47.11,272.73,1.0
2.0,50.0,3.0,49.0,104.0,10.4,8.0,4.0,0.98,72.12,201.06,1.0
45.0,106.0,28.0,0.0,179.0,17.9,6.0,4.0,0.0,68.19,831.75,0.0
0.0,0.0,0.0,0.0,0.0,0.0,0.0,0.0,0.0,0.73,30.39,0.0
100.0,55.0,29.0,0.0,184.0,18.4,5.0,7.0,0.0,66.93,304.78,0.0
37.0,10.0,0.0,0.0,47.0,4.7,1.0,2.0,0.0,30.86,157.31,0.0
3.0,118.0,0.0,122.0,243.0,24.3,11.0,8.0,1.034,41.38,317.9,1.0
92.0,117.0,24.0,0.0,233.0,23.3,9.0,3.0,0.0,50.04,371.73,0.0
3.0,55.0,2.0,50.0,110.0,11.0,10.0,4.0,0.909,76.72,211.37,1.0
7.0,93.0,3.0,105.0,208.0,20.8,6.0,9.0,1.129,58.36,190.94,1.0
48.0,19.0,0.0,0.0,67.0,6.7,2.0,3.0,0.0,11.86,243.62,0.0
1.0,0.0,0.0,0.0,1.0,0.1,1.0,0.0,0.0,0.46,48.32,0.0
6.0,11.0,3.0,0.0,20.0,2.0,1.0,3.0,0.0,8.71,60.55,0.0
104.0,46.0,23.0,1.0,174.0,17.4,8.0,7.0,0.022,69.92,475.12,0.0
109.0,57.0,5.0,1.0,172.0,17.2,11.0,3.0,0.018,72.33,732.88,0.0
7.0,150.0,4.0,149.0,310.0,31.0,4.0,6.0,0.993,56.02,212.86,1.0
6.0,71.0,2.0,60.0,139.0,13.9,8.0,8.0,0.845,56.33,217.72,1.0
79.0,11.0,0.0,0.0,90.0,9.0,2.0,3.0,0.0,17.95,176.7,0.0
0.0,49.0,1.0,46.0,96.0,9.6,12.0,7.0,0.939,37.58,226.43,1.0
7.0,117.0,6.0,130.0,260.0,26.0,15.0,12.0,1.111,90.03,284.49,1.0
3.0,21.0,0.0,21.0,45.0,4.5,2.0,3.0,1.0,16.54,144.87,1.0
4.0,40.0,3.0,40.0,87.0,8.7,2.0,2.0,1.0,53.04,145.62,1.0
3.0,15.0,1.0,13.0,32.0,3.2,4.0,7.0,0.867,35.7,60.72,1.0
0.0,0.0,0.0,0.0,0.0,0.0,0.0,0.0,0.0,0.84,44.87,0.0
54.0,13.0,0.0,0.0,67.0,6.7,2.0,2.0,0.0,28.5,153.4,0.0
1.0,8.0,0.0,0.0,9.0,0.9,2.0,1.0,0.0,11.98,59.94,0.0
60.0,9.0,0.0,0.0,69.0,6.9,3.0,2.0,0.0,15.58,211.26,0.0
2.0,28.0,3.0,26.0,59.0,5.9,6.0,7.0,0.929,30.4,97.26,1.0
42.0,61.0,21.0,3.0,127.0,12.7,4.0,5.0,0.049,67.06,297.73,0.0
3.0,40.0,1.0,38.0,82.0,8.2,4.0,5.0,0.95,64.61,106.06,1.0
82.0,11.0,0.0,0.0,93.0,9.3,1.0,1.0,0.0,26.22,187.56,0.0
8.0,130.0,3.0,143.0,284.0,28.4,6.0,11.0,1.1,78.51,251.41,1.0
117.0,138.0,23.0,0.0,278.0,27.8,6.0,3.0,0.0,76.46,440.42,0.0
6.0,139.0,8.0,122.0,275.0,27.5,15.0,4.0,0.878,80.99,139.19,1.0
4.0,74.0,3.0,80.0,161.0,16.1,3.0,3.0,1.081,46.14,126.73,1.0
0.0,0.0,0.0,0.0,0.0,0.0,0.0,0.0,0.0,1.8,52.74,0.0
73.0,132.0,15.0,3.0,223.0,22.3,12.0,7.0,0.023,78.99,657.67,0.0
1.0,3.0,1.0,0.0,5.0,0.5,1.0,1.0,0.0,12.55,86.84,0.0
5.0,94.0,13.0,94.0,206.0,20.6,5.0,10.0,1.0,45.49,185.12,1.0
5.0,34.0,6.0,36.0,81.0,8.1,8.0,5.0,1.059,70.58,79.72,1.0
2.0,25.0,1.0,20.0,48.0,4.8,3.0,5.0,0.8,21.08,140.19,1.0
0.0,2.0,0.0,0.0,2.0,0.2,1.0,1.0,0.0,0.71,57.58,0.0
5.0,6.0,3.0,1.0,15.0,1.5,1.0,4.0,0.167,19.35,122.74,0.0
0.0,0.0,1.0,0.0,1.0,0.1,1.0,1.0,0.0,0.45,33.85,0.0
0.0,0.0,1.0,0.0,1.0,0.1,1.0,1.0,0.0,3.6,57.05,0.0
3.0,144.0,15.0,140.0,302.0,30.2,9.0,8.0,0.972,37.73,276.21,1.0
90.0,55.0,6.0,1.0,152.0,15.2,4.0,8.0,0.018,87.0,560.0,0.0
3.0,22.0,0.0,22.0,47.0,4.7,6.0,7.0,1.0,35.89,144.69,1.0
0.0,44.0,0.0,44.0,88.0,8.8,8.0,4.0,1.0,63.69,50.74,1.0
0.0,2.0,0.0,0.0,2.0,0.2,1.0,1.0,0.0,0.37,46.72,0.0
0.0,0.0,0.0,0.0,0.0,0.0,0.0,0.0,0.0,3.51,49.77,0.0
3.0,14.0,2.0,13.0,32.0,3.2,5.0,4.0,0.929,31.36,67.16,1.0
2.0,4.0,3.0,0.0,9.0,0.9,3.0,3.0,0.0,8.33,88.04,0.0
86.0,9.0,0.0,0.0,95.0,9.5,1.0,1.0,0.0,14.05,176.97,0.0
26.0,159.0,11.0,3.0,199.0,19.9,5.0,6.0,0.019,87.45,239.46,0.0
1.0,110.0,10.0,96.0,217.0,21.7,13.0,10.0,0.873,64.87,200.92,1.0
0.0,19.0,3.0,16.0,38.0,3.8,6.0,4.0,0.842,28.49,119.47,1.0
1.0,35.0,1.0,28.0,65.0,6.5,2.0,5.0,0.8,42.53,59.03,1.0
3.0,32.0,1.0,32.0,68.0,6.8,5.0,6.0,1.0,30.82,148.37,1.0
3.0,13.0,0.0,0.0,16.0,1.6,1.0,1.0,0.0,11.8,54.36,0.0
2.0,16.0,1.0,14.0,33.0,3.3,5.0,4.0,0.875,30.88,121.27,1.0
0.0,0.0,0.0,0.0,0.0,0.0,0.0,0.0,0.0,3.69,36.77,0.0
6.0,8.0,3.0,1.0,18.0,1.8,3.0,3.0,0.125,10.17,124.76,0.0
42.0,123.0,30.0,2.0,197.0,19.7,10.0,4.0,0.016,52.54,785.33,0.0
3.0,14.0,2.0,0.0,19.0,1.9,3.0,3.0,0.0,9.55,157.08,0.0
0.0,0.0,1.0,0.0,1.0,0.1,1.0,0.0,0.0,2.35,58.3,0.0
3.0,31.0,4.0,27.0,65.0,6.5,4.0,6.0,0.871,39.0,65.25,1.0
62.0,9.0,0.0,0.0,71.0,7.1,1.0,2.0,0.0,29.32,225.25,0.0
1.0,63.0,6.0,67.0,137.0,13.7,8.0,4.0,1.063,60.63,118.86,1.0
110.0,101.0,9.0,1.0,221.0,22.1,7.0,4.0,0.01,77.1,265.59,0.0
5.0,168.0,9.0,158.0,340.0,34.0,10.0,11.0,0.94,48.01,298.83,1.0
106.0,153.0,6.0,3.0,268.0,26.8,5.0,8.0,0.02,78.01,464.92,0.0
0.0,0.0,0.0,0.0,0.0,0.0,0.0,0.0,0.0,1.29,31.85,0.0
40.0,17.0,0.0,0.0,57.0,5.7,3.0,3.0,0.0,20.31,188.9,0.0
2.0,9.0,1.0,1.0,13.0,1.3,3.0,3.0,0.111,3.3,160.65,0.0
7.0,122.0,11.0,139.0,279.0,27.9,12.0,11.0,1.139,85.18,245.56,1.0
0.0,22.0,0.0,19.0,41.0,4.1,2.0,5.0,0.864,41.55,43.56,1.0
8.0,87.0,0.0,99.0,194.0,19.4,13.0,9.0,1.138,52.95,87.32,1.0
5.0,58.0,2.0,60.0,125.0,12.5,8.0,3.0,1.034,27.56,178.48,1.0
1.0,143.0,8.0,141.0,293.0,29.3,10.0,7.0,0.986,93.22,247.72,1.0
3.0,12.0,2.0,1.0,18.0,1.8,3.0,4.0,0.083,5.59,80.51,0.0
0.0,1.0,0.0,0.0,1.0,0.1,1.0,0.0,0.0,0.59,43.09,0.0
0.0,18.0,1.0,15.0,34.0,3.4,4.0,3.0,0.833,23.43,61.78,1.0
32.0,16.0,0.0,0.0,48.0,4.8,1.0,2.0,0.0,15.94,239.05,0.0
7.0,124.0,0.0,119.0,250.0,25.0,7.0,9.0,0.96,83.48,285.58,1.0
1.0,38.0,2.0,38.0,79.0,7.9,4.0,4.0,1.0,30.29,187.48,1.0
3.0,59.0,0.0,61.0,123.0,12.3,2.0,4.0,1.034,58.13,156.83,1.0
3.0,24.0,1.0,21.0,49.0,4.9,3.0,6.0,0.875,37.68,80.84,1.0
8.0,42.0,13.0,37.0,100.0,10.0,11.0,11.0,0.881,83.22,135.0,1.0
41.0,96.0,25.0,3.0,165.0,16.5,4.0,6.0,0.031,95.83,652.04,0.0
7.0,172.0,8.0,161.0,348.0,34.8,13.0,8.0,0.936,37.58,81.03,1.0
5.0,15.0,2.0,0.0,22.0,2.2,1.0,1.0,0.0,7.6,49.93,0.0
2.0,13.0,4.0,12.0,31.0,3.1,3.0,3.0,0.923,22.88,41.62,1.0
6.0,43.0,0.0,47.0,96.0,9.6,14.0,10.0,1.093,88.17,307.7,1.0
117.0,142.0,13.0,2.0,274.0,27.4,7.0,5.0,0.014,96.25,483.78,0.0
0.0,35.0,1.0,37.0,73.0,7.3,5.0,4.0,1.057,69.5,75.86,1.0
3.0,173.0,4.0,155.0,335.0,33.5,10.0,6.0,0.896,54.38,238.4,1.0
3.0,4.0,1.0,0.0,8.0,0.8,3.0,2.0,0.0,7.49,117.42,0.0
1.0,88.0,4.0,89.0,182.0,18.2,13.0,9.0,1.011,40.3,153.67,1.0
3.0,41.0,8.0,41.0,93.0,9.3,5.0,10.0,1.0,35.58,241.34,1.0
3.0,8.0,2.0,0.0,13.0,1.3,3.0,2.0,0.0,7.53,76.04,0.0
2.0,48.0,6.0,43.0,99.0,9.9,3.0,2.0,0.896,48.45,199.73,1.0
36.0,10.0,0.0,0.0,46.0,4.6,3.0,1.0,0.0,27.43,164.38,0.0
7.0,60.0,15.0,67.0,149.0,14.9,16.0,8.0,1.117,84.95,254.76,1.0
0.0,100.0,12.0,110.0,222.0,22.2,14.0,6.0,1.1,38.39,96.09,1.0
3.0,49.0,8.0,53.0,113.0,11.3,3.0,2.0,1.082,43.61,134.05,1.0
1.0,0.0,0.0,0.0,1.0,0.1,1.0,0.0,0.0,3.91,21.2,0.0
35.0,62.0,9.0,0.0,106.0,10.6,6.0,3.0,0.0,64.72,392.45,0.0
74.0,103.0,17.0,1.0,195.0,19.5,6.0,8.0,0.01,81.44,780.23,0.0
2.0,19.0,4.0,18.0,43.0,4.3,3.0,3.0,0.947,38.31,138.2,1.0
0.0,166.0,8.0,149.0,323.0,32.3,14.0,12.0,0.898,71.67,148.71,1.0
64.0,9.0,0.0,0.0,73.0,7.3,2.0,3.0,0.0,21.88,173.47,0.0
4.0,106.0,5.0,93.0,208.0,20.8,11.0,11.0,0.877,46.32,120.39,1.0
3.0,11.0,2.0,0.0,16.0,1.6,1.0,1.0,0.0,11.97,84.34,0.0
1.0,131.0,13.0,141.0,286.0,28.6,15.0,7.0,1.076,43.99,149.0,1.0
88.0,119.0,24.0,1.0,232.0,23.2,6.0,5.0,0.008,81.96,226.76,0.0
0.0,20.0,2.0,19.0,41.0,4.1,2.0,6.0,0.95,24.67,75.17,1.0
2.0,19.0,2.0,15.0,38.0,3.8,6.0,5.0,0.789,37.02,117.09,1.0
5.0,4.0,0.0,0.0,9.0,0.9,1.0,1.0,0.0,8.0,164.49,0.0
3.0,63.0,7.0,61.0,134.0,13.4,5.0,2.0,0.968,62.03,73.44,1.0
3.0,12.0,0.0,11.0,26.0,2.6,6.0,6.0,0.917,32.89,135.48,1.0
0.0,0.0,0.0,0.0,0.0,0.0,0.0,0.0,0.0,2.37,24.92,0.0
2.0,30.0,0.0,31.0,63.0,6.3,4.0,6.0,1.033,26.22,51.14,1.0
0.0,38.0,5.0,37.0,80.0,8.0,2.0,3.0,0.974,36.92,209.36,1.0
91.0,141.0,12.0,0.0,244.0,24.4,11.0,3.0,0.0,78.14,576.31,0.0
3.0,15.0,2.0,1.0,21.0,2.1,3.0,3.0,0.067,5.2,58.05,0.0
4.0,7.0,3.0,1.0,15.0,1.5,3.0,3.0,0.143,4.74,66.31,0.0
1.0,102.0,10.0,99.0,212.0,21.2,11.0,5.0,0.971,39.96,306.17,1.0
95.0,118.0,27.0,0.0,240.0,24.0,6.0,6.0,0.0,96.12,203.44,0.0
6.0,3.0,2.0,1.0,12.0,1.2,1.0,1.0,0.333,8.79,41.14,0.0
62.0,142.0,10.0,2.0,216.0,21.6,9.0,6.0,0.014,56.43,676.67,0.0
1.0,75.0,4.0,76.0,156.0,15.6,2.0,3.0,1.013,71.66,169.29,1.0
3.0,4.0,1.0,0.0,8.0,0.8,3.0,4.0,0.0,5.27,70.57,0.0
5.0,3.0,1.0,1.0,10.0,1.0,2.0,4.0,0.333,16.53,143.98,0.0
7.0,110.0,8.0,119.0,244.0,24.4,11.0,12.0,1.082,42.43,116.57,1.0
3.0,143.0,1.0,143.0,290.0,29.0,10.0,6.0,1.0,79.81,84.44,1.0
5.0,121.0,7.0,136.0,269.0,26.9,4.0,10.0,1.124,88.69,310.3,1.0
8.0,116.0,4.0,105.0,233.0,23.3,5.0,8.0,0.905,60.93,218.5,1.0
0.0,34.0,8.0,30.0,72.0,7.2,4.0,6.0,0.882,70.91,71.51,1.0
4.0,35.0,3.0,37.0,79.0,7.9,5.0,3.0,1.057,73.51,156.51,1.0
0.0,58.0,0.0,59.0,117.0,11.7,16.0,9.0,1.017,59.78,180.24,1.0
6.0,118.0,15.0,120.0,259.0,25.9,13.0,12.0,1.017,91.19,243.96,1.0
0.0,2.0,0.0,0.0,2.0,0.2,1.0,0.0,0.0,2.33,59.77,0.0
0.0,0.0,1.0,0.0,1.0,0.1,1.0,1.0,0.0,0.41,35.95,0.0
1.0,179.0,10.0,181.0,371.0,37.1,13.0,6.0,1.011,36.45,124.66,1.0
89.0,48.0,12.0,0.0,149.0,14.9,4.0,5.0,0.0,93.38,680.08,0.0
0.0,2.0,0.0,0.0,2.0,0.2,1.0,0.0,0.0,2.81,28.8,0.0
92.0,77.0,11.0,3.0,183.0,18.3,5.0,5.0,0.039,52.46,381.56,0.0
3.0,171.0,0.0,157.0,331.0,33.1,7.0,9.0,0.918,49.42,161.67,1.0
1.0,28.0,3.0,24.0,56.0,5.6,5.0,7.0,0.857,16.49,144.1,1.0
72.0,8.0,0.0,0.0,80.0,8.0,2.0,3.0,0.0,25.84,163.63,0.0
1.0,4.0,1.0,1.0,7.0,0.7,3.0,3.0,0.25,4.99,125.77,0.0
6.0,86.0,3.0,82.0,177.0,17.7,5.0,8.0,0.953,47.93,295.89,1.0
5.0,13.0,0.0,0.0,18.0,1.8,1.0,2.0,0.0,18.4,144.43,0.0
1.0,61.0,5.0,59.0,126.0,12.6,4.0,6.0,0.967,47.27,175.11,1.0
42.0,142.0,29.0,2.0,215.0,21.5,7.0,8.0,0.014,81.36,663.2,0.0
2.0,11.0,0.0,1.0,14.0,1.4,2.0,3.0,0.091,4.66,102.78,0.0
0.0,108.0,1.0,106.0,215.0,21.5,11.0,6.0,0.981,79.19,137.4,1.0
3.0,9.0,3.0,0.0,15.0,1.5,3.0,2.0,0.0,16.35,126.46,0.0
0.0,27.0,7.0,29.0,63.0,6.3,6.0,3.0,1.074,35.97,182.49,1.0
6.0,109.0,12.0,120.0,247.0,24.7,4.0,6.0,1.101,89.93,148.27,1.0
4.0,7.0,1.0,0.0,12.0,1.2,3.0,3.0,0.0,9.98,57.7,0.0
1.0,32.0,3.0,32.0,68.0,6.8,4.0,3.0,1.0,27.09,202.71,1.0
0.0,0.0,0.0,0.0,0.0,0.0,0.0,0.0,0.0,0.71,28.81,0.0
110.0,116.0,8.0,1.0,235.0,23.5,5.0,3.0,0.009,97.83,500.75,0.0
2.0,7.0,1.0,0.0,10.0,1.0,3.0,3.0,0.0,11.01,160.96,0.0
0.0,115.0,14.0,105.0,234.0,23.4,7.0,6.0,0.913,53.48,164.05,1.0
3.0,15.0,0.0,12.0,30.0,3.0,3.0,6.0,0.8,17.28,96.8,1.0
3.0,49.0,4.0,45.0,101.0,10.1,6.0,5.0,0.918,25.21,166.58,1.0
2.0,14.0,3.0,0.0,19.0,1.9,3.0,4.0,0.0,5.16,104.0,0.0
36.0,6.0,0.0,0.0,42.0,4.2,3.0,1.0,0.0,26.14,245.06,0.0
1.0,39.0,7.0,38.0,85.0,8.5,7.0,6.0,0.974,63.68,59.05,1.0
4.0,4.0,2.0,0.0,10.0,1.0,1.0,3.0,0.0,7.78,147.09,0.0
53.0,69.0,20.0,2.0,144.0,14.4,4.0,5.0,0.029,71.12,657.63,0.0
1.0,150.0,2.0,129.0,282.0,28.2,5.0,6.0,0.86,86.81,247.61,1.0
1.0,7.0,3.0,1.0,12.0,1.2,1.0,1.0,0.143,6.4,169.45,0.0
6.0,6.0,2.0,1.0,15.0,1.5,1.0,4.0,0.167,16.62,149.79,0.0
3.0,17.0,4.0,16.0,40.0,4.0,5.0,5.0,0.941,29.44,119.57,1.0
30.0,59.0,9.0,1.0,99.0,9.9,8.0,6.0,0.017,81.06,661.61,0.0
3.0,32.0,3.0,27.0,65.0,6.5,4.0,5.0,0.844,31.23,110.56,1.0
1.0,8.0,1.0,0.0,10.0,1.0,2.0,1.0,0.0,17.11,130.99,0.0
0.0,0.0,1.0,0.0,1.0,0.1,1.0,1.0,0.0,3.57,20.53,0.0
6.0,70.0,14.0,75.0,165.0,16.5,9.0,9.0,1.071,36.4,243.28,1.0
8.0,119.0,10.0,121.0,258.0,25.8,5.0,7.0,1.017,48.4,286.78,1.0
0.0,60.0,7.0,57.0,124.0,12.4,4.0,3.0,0.95,42.0,191.59,1.0
0.0,2.0,0.0,0.0,2.0,0.2,1.0,1.0,0.0,1.75,33.1,0.0
4.0,9.0,2.0,0.0,15.0,1.5,2.0,1.0,0.0,11.63,129.8,0.0
1.0,19.0,2.0,15.0,37.0,3.7,5.0,5.0,0.789,41.9,136.78,1.0
0.0,0.0,0.0,0.0,0.0,0.0,0.0,0.0,0.0,0.76,39.23,0.0
3.0,47.0,6.0,48.0,104.0,10.4,6.0,6.0,1.021,28.51,110.96,1.0
0.0,1.0,0.0,0.0,1.0,0.1,1.0,0.0,0.0,0.33,36.85,0.0
0.0,1.0,1.0,0.0,2.0,0.2,1.0,0.0,0.0,1.66,18.75,0.0
3.0,10.0,0.0,0.0,13.0,1.3,3.0,4.0,0.0,16.91,51.47,0.0
2.0,158.0,11.0,174.0,345.0,34.5,5.0,12.0,1.101,52.48,233.86,1.0
55.0,66.0,11.0,1.0,133.0,13.3,9.0,4.0,0.015,88.91,367.52,0.0
0.0,0.0,0.0,0.0,0.0,0.0,0.0,0.0,0.0,1.25,26.08,0.0
3.0,175.0,2.0,195.0,375.0,37.5,8.0,4.0,1.114,38.07,128.06,1.0
0.0,0.0,1.0,0.0,1.0,0.1,1.0,0.0,0.0,0.43,33.14,0.0
2.0,107.0,3.0,92.0,204.0,20.4,5.0,12.0,0.86,62.1,102.07,1.0
0.0,2.0,0.0,0.0,2.0,0.2,1.0,1.0,0.0,2.7,59.46,0.0
6.0,139.0,7.0,139.0,291.0,29.1,10.0,4.0,1.0,49.25,211.34,1.0
0.0,21.0,1.0,19.0,41.0,4.1,4.0,4.0,0.905,34.05,96.32,1.0
2.0,21.0,3.0,20.0,46.0,4.6,2.0,3.0,0.952,19.06,140.23,1.0
3.0,88.0,7.0,101.0,199.0,19.9,4.0,5.0,1.148,41.51,98.01,1.0
93.0,142.0,11.0,0.0,246.0,24.6,11.0,3.0,0.0,64.59,383.19,0.0
5.0,14.0,2.0,0.0,21.0,2.1,3.0,1.0,0.0,15.72,129.79,0.0
6.0,8.0,2.0,0.0,16.0,1.6,3.0,4.0,0.0,10.29,142.59,0.0
0.0,0.0,1.0,0.0,1.0,0.1,1.0,1.0,0.0,3.75,48.9,0.0
51.0,6.0,0.0,0.0,57.0,5.7,1.0,1.0,0.0,11.14,189.05,0.0
3.0,75.0,8.0,68.0,154.0,15.4,5.0,4.0,0.907,58.15,181.09,1.0
103.0,127.0,10.0,1.0,241.0,24.1,11.0,4.0,0.008,54.49,816.66,0.0
1.0,18.0,2.0,15.0,36.0,3.6,6.0,4.0,0.833,27.22,75.39,1.0
82.0,10.0,0.0,0.0,92.0,9.2,4.0,2.0,0.0,10.27,224.6,0.0
107.0,126.0,11.0,1.0,245.0,24.5,10.0,3.0,0.008,50.72,738.48,0.0
3.0,74.0,6.0,68.0,151.0,15.1,7.0,5.0,0.919,33.97,210.59,1.0
64.0,10.0,0.0,0.0,74.0,7.4,3.0,3.0,0.0,11.2,84.75,0.0
3.0,34.0,4.0,31.0,72.0,7.2,2.0,5.0,0.912,40.03,107.48,1.0
0.0,18.0,1.0,17.0,36.0,3.6,5.0,3.0,0.944,21.43,91.86,1.0
4.0,3.0,1.0,0.0,8.0,0.8,3.0,4.0,0.0,9.0,138.66,0.0
33.0,11.0,0.0,0.0,44.0,4.4,3.0,1.0,0.0,28.39,230.36,0.0
0.0,69.0,14.0,61.0,144.0,14.4,4.0,6.0,0.884,63.96,203.26,1.0
56.0,99.0,16.0,3.0,174.0,17.4,7.0,8.0,0.03,92.72,694.31,0.0
0.0,1.0,0.0,0.0,1.0,0.1,1.0,0.0,0.0,3.58,53.23,0.0
0.0,0.0,0.0,0.0,0.0,0.0,0.0,0.0,0.0,2.37,24.39,0.0
3.0,11.0,3.0,0.0,17.0,1.7,1.0,1.0,0.0,18.01,142.83,0.0
3.0,56.0,5.0,62.0,126.0,12.6,12.0,5.0,1.107,85.51,105.31,1.0
0.0,13.0,1.0,12.0,26.0,2.6,6.0,4.0,0.923,15.54,51.18,1.0
91.0,120.0,5.0,2.0,218.0,21.8,10.0,8.0,0.017,73.7,285.82,0.0
102.0,66.0,16.0,1.0,185.0,18.5,5.0,7.0,0.015,89.36,644.13,0.0
1.0,33.0,4.0,33.0,71.0,7.1,5.0,6.0,1.0,35.62,95.23,1.0
3.0,27.0,3.0,28.0,61.0,6.1,4.0,5.0,1.037,27.14,92.19,1.0
6.0,7.0,2.0,1.0,16.0,1.6,1.0,2.0,0.143,15.9,49.52,0.0
3.0,15.0,0.0,0.0,18.0,1.8,3.0,3.0,0.0,8.14,141.42,0.0
6.0,13.0,2.0,0.0,21.0,2.1,1.0,3.0,0.0,6.1,73.2,0.0
2.0,113.0,14.0,119.0,248.0,24.8,15.0,5.0,1.053,66.75,103.18,1.0
2.0,166.0,6.0,164.0,338.0,33.8,10.0,7.0,0.988,60.95,201.49,1.0
1.0,10.0,0.0,0.0,11.0,1.1,3.0,1.0,0.0,19.44,169.69,0.0
56.0,129.0,23.0,3.0,211.0,21.1,12.0,6.0,0.023,61.52,529.37,0.0
3.0,30.0,4.0,30.0,67.0,6.7,2.0,5.0,1.0,19.42,115.9,1.0
66.0,116.0,19.0,3.0,204.0,20.4,8.0,3.0,0.026,61.66,643.18,0.0
5.0,93.0,3.0,91.0,192.0,19.2,13.0,7.0,0.978,39.47,182.28,1.0
5.0,49.0,5.0,47.0,106.0,10.6,2.0,6.0,0.959,58.75,112.58,1.0
0.0,74.0,6.0,77.0,157.0,15.7,5.0,2.0,1.041,56.62,183.37,1.0
66.0,18.0,0.0,0.0,84.0,8.4,1.0,3.0,0.0,29.96,183.21,0.0
1.0,1.0,1.0,0.0,3.0,0.3,1.0,1.0,0.0,3.49,55.8,0.0
7.0,154.0,13.0,159.0,333.0,33.3,16.0,7.0,1.032,49.39,238.45,1.0
0.0,2.0,0.0,0.0,2.0,0.2,1.0,1.0,0.0,3.72,58.16,0.0
61.0,56.0,11.0,0.0,128.0,12.8,12.0,8.0,0.0,84.72,202.08,0.0
0.0,2.0,0.0,0.0,2.0,0.2,1.0,0.0,0.0,2.61,50.67,0.0
4.0,141.0,2.0,135.0,282.0,28.2,16.0,12.0,0.957,44.61,95.74,1.0
1.0,26.0,0.0,22.0,49.0,4.9,3.0,6.0,0.846,16.66,98.8,1.0
8.0,174.0,13.0,189.0,384.0,38.4,13.0,5.0,1.086,47.85,108.91,1.0
1.0,1.0,1.0,0.0,3.0,0.3,1.0,0.0,0.0,0.89,39.24,0.0
1.0,45.0,10.0,42.0,98.0,9.8,4.0,11.0,0.933,87.08,302.42,1.0
7.0,82.0,15.0,73.0,177.0,17.7,9.0,4.0,0.89,51.19,268.91,1.0
3.0,134.0,1.0,130.0,268.0,26.8,4.0,4.0,0.97,46.18,105.78,1.0
2.0,12.0,3.0,12.0,29.0,2.9,3.0,3.0,1.0,28.61,51.1,1.0
0.0,2.0,0.0,0.0,2.0,0.2,1.0,1.0,0.0,1.05,43.67,0.0
47.0,20.0,0.0,0.0,67.0,6.7,1.0,1.0,0.0,16.15,149.09,0.0
7.0,95.0,0.0,108.0,210.0,21.0,7.0,12.0,1.137,60.54,310.33,1.0
0.0,2.0,0.0,0.0,2.0,0.2,1.0,1.0,0.0,0.68,52.19,0.0
1.0,0.0,0.0,0.0,1.0,0.1,1.0,0.0,0.0,3.35,28.03,0.0
45.0,5.0,0.0,0.0,50.0,5.0,3.0,1.0,0.0,29.16,167.25,0.0
74.0,12.0,0.0,0.0,86.0,8.6,3.0,3.0,0.0,32.89,245.33,0.0
114.0,122.0,9.0,0.0,245.0,24.5,4.0,6.0,0.0,54.41,286.76,0.0
7.0,128.0,3.0,141.0,279.0,27.9,16.0,10.0,1.102,79.98,105.72,1.0
0.0,47.0,6.0,46.0,99.0,9.9,5.0,4.0,0.979,49.55,196.31,1.0
3.0,41.0,5.0,42.0,91.0,9.1,4.0,6.0,1.024,51.59,108.33,1.0
3.0,44.0,8.0,47.0,102.0,10.2,7.0,6.0,1.068,31.59,208.63,1.0
3.0,24.0,2.0,21.0,50.0,5.0,4.0,5.0,0.875,27.55,90.75,1.0
0.0,0.0,0.0,0.0,0.0,0.0,0.0,0.0,0.0,3.86,36.86,0.0
7.0,43.0,12.0,45.0,107.0,10.7,5.0,9.0,1.047,86.95,78.29,1.0
0.0,27.0,1.0,21.0,49.0,4.9,5.0,4.0,0.778,20.37,101.55,1.0
6.0,10.0,1.0,1.0,18.0,1.8,3.0,2.0,0.1,14.11,75.8,0.0
27.0,84.0,26.0,2.0,139.0,13.9,9.0,8.0,0.024,61.02,847.4,0.0
0.0,0.0,1.0,0.0,1.0,0.1,1.0,0.0,0.0,2.99,25.48,0.0
113.0,111.0,13.0,2.0,239.0,23.9,4.0,8.0,0.018,74.85,241.13,0.0
1.0,0.0,0.0,0.0,1.0,0.1,1.0,0.0,0.0,3.71,22.91,0.0
4.0,3.0,1.0,0.0,8.0,0.8,1.0,4.0,0.0,7.73,100.44,0.0
6.0,3.0,0.0,1.0,10.0,1.0,2.0,2.0,0.333,9.46,129.98,0.0
3.0,48.0,1.0,43.0,95.0,9.5,13.0,5.0,0.896,78.07,137.11,1.0
2.0,130.0,8.0,149.0,289.0,28.9,7.0,7.0,1.146,69.6,171.73,1.0
1.0,11.0,3.0,1.0,16.0,1.6,1.0,4.0,0.091,14.02,78.96,0.0
3.0,25.0,3.0,24.0,55.0,5.5,4.0,3.0,0.96,19.27,128.29,1.0
0.0,0.0,0.0,0.0,0.0,0.0,0.0,0.0,0.0,3.52,42.81,0.0
40.0,130.0,18.0,2.0,190.0,19.0,11.0,3.0,0.015,96.82,463.6,0.0
2.0,55.0,5.0,57.0,119.0,11.9,2.0,3.0,1.036,47.59,161.98,1.0
1.0,2.0,1.0,0.0,4.0,0.4,1.0,0.0,0.0,2.03,16.67,0.0
30.0,86.0,15.0,2.0,133.0,13.3,5.0,4.0,0.023,94.65,628.8,0.0
2.0,47.0,6.0,42.0,97.0,9.7,4.0,5.0,0.894,69.08,73.82,1.0
6.0,10.0,1.0,0.0,17.0,1.7,1.0,1.0,0.0,10.14,165.82,0.0
46.0,68.0,18.0,1.0,133.0,13.3,6.0,7.0,0.015,79.96,371.94,0.0
6.0,5.0,0.0,0.0,11.0,1.1,2.0,3.0,0.0,12.19,160.11,0.0
0.0,56.0,8.0,52.0,116.0,11.6,8.0,6.0,0.929,73.81,75.03,1.0
0.0,24.0,3.0,24.0,51.0,5.1,5.0,3.0,1.0,34.14,109.01,1.0
1.0,23.0,0.0,18.0,42.0,4.2,4.0,3.0,0.783,19.46,113.16,1.0
33.0,68.0,19.0,1.0,121.0,12.1,11.0,3.0,0.015,49.24,498.74,0.0
6.0,10.0,3.0,0.0,19.0,1.9,3.0,2.0,0.0,14.48,141.09,0.0
63.0,86.0,19.0,0.0,168.0,16.8,7.0,7.0,0.0,92.18,748.32,0.0
3.0,180.0,3.0,204.0,390.0,39.0,4.0,5.0,1.133,63.52,242.77,1.0
80.0,16.0,0.0,0.0,96.0,9.6,4.0,2.0,0.0,23.1,229.82,0.0
78.0,77.0,8.0,3.0,166.0,16.6,4.0,5.0,0.039,54.11,815.95,0.0
0.0,35.0,0.0,35.0,70.0,7.0,3.0,4.0,1.0,28.36,113.83,1.0
5.0,71.0,0.0,80.0,156.0,15.6,6.0,6.0,1.127,66.91,220.78,1.0
1.0,37.0,6.0,38.0,82.0,8.2,6.0,4.0,1.027,36.25,185.24,1.0
1.0,3.0,2.0,1.0,7.0,0.7,3.0,2.0,0.333,14.68,61.98,0.0
44.0,139.0,25.0,1.0,209.0,20.9,9.0,4.0,0.007,65.7,668.87,0.0
1.0,10.0,0.0,0.0,11.0,1.1,2.0,1.0,0.0,11.52,129.14,0.0
5.0,178.0,15.0,153.0,351.0,35.1,14.0,4.0,0.86,82.53,282.48,1.0
1.0,8.0,1.0,0.0,10.0,1.0,2.0,1.0,0.0,3.82,108.89,0.0
4.0,118.0,7.0,106.0,235.0,23.5,11.0,11.0,0.898,65.13,288.73,1.0
5.0,6.0,3.0,1.0,15.0,1.5,3.0,2.0,0.167,14.28,79.75,0.0
3.0,23.0,2.0,19.0,47.0,4.7,3.0,5.0,0.826,19.22,50.56,1.0
2.0,5.0,0.0,0.0,7.0,0.7,3.0,2.0,0.0,13.92,171.66,0.0
2.0,28.0,2.0,24.0,56.0,5.6,4.0,3.0,0.857,40.3,107.42,1.0
0.0,2.0,0.0,0.0,2.0,0.2,1.0,1.0,0.0,3.49,47.45,0.0
5.0,40.0,2.0,37.0,84.0,8.4,8.0,2.0,0.925,26.65,77.28,1.0
4.0,13.0,3.0,0.0,20.0,2.0,3.0,4.0,0.0,13.1,115.38,0.0
1.0,26.0,0.0,25.0,52.0,5.2,6.0,3.0,0.962,44.72,82.57,1.0
5.0,170.0,6.0,163.0,344.0,34.4,15.0,12.0,0.959,67.25,194.63,1.0
8.0,89.0,0.0,79.0,176.0,17.6,5.0,6.0,0.888,60.28,214.23,1.0
3.0,10.0,1.0,0.0,14.0,1.4,1.0,2.0,0.0,2.18,82.25,0.0
6.0,137.0,4.0,150.0,297.0,29.7,4.0,12.0,1.095,46.61,137.75,1.0
5.0,172.0,14.0,147.0,338.0,33.8,7.0,6.0,0.855,41.94,164.54,1.0
0.0,2.0,1.0,0.0,3.0,0.3,1.0,1.0,0.0,3.98,26.62,0.0
78.0,11.0,0.0,0.0,89.0,8.9,3.0,1.0,0.0,18.19,89.05,0.0
0.0,31.0,0.0,31.0,62.0,6.2,4.0,4.0,1.0,21.81,66.73,1.0
6.0,13.0,3.0,0.0,22.0,2.2,3.0,4.0,0.0,19.48,51.04,0.0
1.0,30.0,4.0,25.0,60.0,6.0,5.0,7.0,0.833,21.09,102.41,1.0
2.0,14.0,1.0,0.0,17.0,1.7,2.0,4.0,0.0,18.03,83.88,0.0
49.0,18.0,0.0,0.0,67.0,6.7,3.0,3.0,0.0,25.53,183.64,0.0
5.0,13.0,1.0,0.0,19.0,1.9,1.0,2.0,0.0,13.57,155.61,0.0
103.0,68.0,25.0,0.0,196.0,19.6,11.0,4.0,0.0,62.55,250.57,0.0
1.0,44.0,14.0,42.0,101.0,10.1,15.0,4.0,0.955,87.33,286.63,1.0
3.0,59.0,14.0,63.0,139.0,13.9,12.0,8.0,1.068,46.15,241.7,1.0
0.0,41.0,2.0,39.0,82.0,8.2,2.0,6.0,0.951,35.08,121.37,1.0
1.0,107.0,2.0,120.0,230.0,23.0,12.0,5.0,1.121,63.39,110.43,1.0
1.0,18.0,4.0,14.0,37.0,3.7,4.0,7.0,0.778,41.21,116.6,1.0
3.0,58.0,4.0,60.0,125.0,12.5,4.0,5.0,1.034,26.85,128.45,1.0
1.0,8.0,2.0,1.0,12.0,1.2,1.0,4.0,0.125,8.8,57.21,0.0
3.0,15.0,3.0,0.0,21.0,2.1,1.0,3.0,0.0,7.08,169.23,0.0
1.0,40.0,7.0,37.0,85.0,8.5,7.0,3.0,0.925,65.42,205.31,1.0
0.0,31.0,4.0,31.0,66.0,6.6,3.0,5.0,1.0,55.32,130.64,1.0
6.0,8.0,3.0,1.0,18.0,1.8,2.0,4.0,0.125,14.83,74.31,0.0
5.0,34.0,2.0,32.0,73.0,7.3,4.0,5.0,0.941,53.01,73.35,1.0
2.0,66.0,8.0,62.0,138.0,13.8,8.0,4.0,0.939,32.37,197.6,1.0
3.0,29.0,1.0,27.0,60.0,6.0,4.0,4.0,0.931,15.28,125.7,1.0
5.0,3.0,0.0,0.0,8.0,0.8,3.0,4.0,0.0,8.24,157.97,0.0
0.0,2.0,0.0,0.0,2.0,0.2,1.0,1.0,0.0,1.65,48.76,0.0
0.0,37.0,5.0,36.0,78.0,7.8,2.0,2.0,0.973,39.24,90.14,1.0
4.0,9.0,0.0,0.0,13.0,1.3,1.0,4.0,0.0,11.07,50.51,0.0
8.0,158.0,11.0,150.0,327.0,32.7,5.0,10.0,0.949,58.92,210.63,1.0
83.0,14.0,0.0,0.0,97.0,9.7,2.0,1.0,0.0,17.24,125.05,0.0
0.0,46.0,3.0,43.0,92.0,9.2,15.0,4.0,0.935,55.35,315.23,1.0
0.0,0.0,1.0,0.0,1.0,0.1,1.0,1.0,0.0,0.57,24.62,0.0
1.0,12.0,1.0,1.0,15.0,1.5,3.0,1.0,0.083,14.75,56.8,0.0
0.0,0.0,0.0,0.0,0.0,0.0,0.0,0.0,0.0,0.87,49.79,0.0
0.0,0.0,1.0,0.0,1.0,0.1,1.0,1.0,0.0,3.57,46.2,0.0
36.0,12.0,0.0,0.0,48.0,4.8,2.0,2.0,0.0,23.34,214.51,0.0
7.0,79.0,12.0,78.0,176.0,17.6,9.0,7.0,0.987,83.32,305.48,1.0
1.0,1.0,0.0,0.0,2.0,0.2,1.0,0.0,0.0,2.26,58.54,0.0
4.0,51.0,8.0,53.0,116.0,11.6,3.0,4.0,1.039,40.04,198.12,1.0
5.0,7.0,3.0,1.0,16.0,1.6,2.0,1.0,0.143,12.98,145.84,0.0
4.0,68.0,6.0,65.0,143.0,14.3,8.0,3.0,0.956,47.31,92.4,1.0
0.0,78.0,0.0,75.0,153.0,15.3,13.0,4.0,0.962,63.32,113.21,1.0
1.0,1.0,0.0,0.0,2.0,0.2,1.0,0.0,0.0,2.12,37.24,0.0
50.0,50.0,18.0,2.0,120.0,12.0,6.0,6.0,0.04,91.45,814.09,0.0
1.0,55.0,4.0,57.0,117.0,11.7,6.0,5.0,1.036,49.22,127.87,1.0
0.0,20.0,2.0,20.0,42.0,4.2,4.0,3.0,1.0,33.5,63.24,1.0
95.0,90.0,8.0,1.0,194.0,19.4,9.0,7.0,0.011,90.89,235.18,0.0
0.0,0.0,1.0,0.0,1.0,0.1,1.0,0.0,0.0,0.52,19.33,0.0
5.0,55.0,2.0,50.0,112.0,11.2,5.0,5.0,0.909,53.59,164.28,1.0
2.0,5.0,1.0,0.0,8.0,0.8,3.0,4.0,0.0,13.89,135.31,0.0
0.0,0.0,0.0,0.0,0.0,0.0,0.0,0.0,0.0,3.55,32.01,0.0
2.0,79.0,3.0,88.0,172.0,17.2,10.0,12.0,1.114,70.26,141.88,1.0
6.0,11.0,2.0,0.0,19.0,1.9,2.0,1.0,0.0,2.27,131.19,0.0
2.0,6.0,3.0,0.0,11.0,1.1,3.0,4.0,0.0,11.58,132.46,0.0
57.0,85.0,26.0,2.0,170.0,17.0,9.0,4.0,0.024,59.66,709.41,0.0
3.0,163.0,10.0,156.0,332.0,33.2,6.0,8.0,0.957,60.03,148.07,1.0
5.0,118.0,3.0,120.0,246.0,24.6,8.0,7.0,1.017,62.02,71.13,1.0
3.0,58.0,9.0,60.0,130.0,13.0,13.0,7.0,1.034,80.52,171.8,1.0
0.0,23.0,2.0,20.0,45.0,4.5,2.0,3.0,0.87,34.34,103.66,1.0
8.0,103.0,13.0,109.0,233.0,23.3,5.0,9.0,1.058,69.73,112.41,1.0
0.0,2.0,0.0,0.0,2.0,0.2,1.0,1.0,0.0,0.13,49.63,0.0
4.0,150.0,12.0,136.0,302.0,30.2,11.0,8.0,0.907,73.86,136.62,1.0
3.0,39.0,6.0,36.0,84.0,8.4,8.0,2.0,0.923,72.47,211.56,1.0
0.0,67.0,12.0,59.0,138.0,13.8,8.0,10.0,0.881,51.67,172.2,1.0
3.0,6.0,0.0,1.0,10.0,1.0,3.0,3.0,0.167,5.27,57.46,0.0
0.0,2.0,0.0,0.0,2.0,0.2,1.0,1.0,0.0,0.13,43.37,0.0
0.0,0.0,0.0,0.0,0.0,0.0,0.0,0.0,0.0,2.63,37.27,0.0
1.0,168.0,14.0,180.0,363.0,36.3,12.0,4.0,1.071,56.94,292.37,1.0
105.0,141.0,18.0,2.0,266.0,26.6,9.0,3.0,0.014,77.31,573.83,0.0
3.0,5.0,2.0,0.0,10.0,1.0,3.0,1.0,0.0,6.0,159.95,0.0
4.0,15.0,1.0,0.0,20.0,2.0,1.0,4.0,0.0,14.39,61.7,0.0
2.0,149.0,11.0,150.0,312.0,31.2,12.0,7.0,1.007,46.2,86.74,1.0
6.0,7.0,1.0,0.0,14.0,1.4,3.0,2.0,0.0,10.41,102.24,0.0
0.0,2.0,0.0,0.0,2.0,0.2,1.0,1.0,0.0,3.47,58.51,0.0
1.0,109.0,1.0,101.0,212.0,21.2,16.0,5.0,0.927,35.94,106.48,1.0
108.0,103.0,14.0,2.0,227.0,22.7,10.0,6.0,0.019,65.58,222.96,0.0
1.0,132.0,7.0,119.0,259.0,25.9,14.0,4.0,0.902,44.0,116.43,1.0
6.0,78.0,11.0,88.0,183.0,18.3,8.0,8.0,1.128,39.95,257.06,1.0
3.0,23.0,3.0,22.0,51.0,5.1,5.0,5.0,0.957,16.22,107.03,1.0
3.0,13.0,2.0,10.0,28.0,2.8,3.0,6.0,0.769,22.29,143.05,1.0
1.0,25.0,4.0,25.0,55.0,5.5,2.0,7.0,1.0,18.89,50.55,1.0
0.0,2.0,0.0,0.0,2.0,0.2,1.0,0.0,0.0,0.2,41.87,0.0
1.0,2.0,0.0,0.0,3.0,0.3,1.0,1.0,0.0,2.6,54.81,0.0
6.0,10.0,3.0,0.0,19.0,1.9,2.0,3.0,0.0,16.91,99.62,0.0
0.0,16.0,3.0,12.0,31.0,3.1,5.0,7.0,0.75,42.83,59.45,1.0
31.0,156.0,24.0,3.0,214.0,21.4,8.0,4.0,0.019,77.17,429.01,0.0
4.0,68.0,0.0,63.0,135.0,13.5,16.0,5.0,0.926,47.98,198.31,1.0
0.0,2.0,0.0,0.0,2.0,0.2,1.0,0.0,0.0,2.23,55.57,0.0
98.0,87.0,9.0,0.0,194.0,19.4,11.0,5.0,0.0,62.79,404.33,0.0
1.0,163.0,13.0,172.0,349.0,34.9,6.0,5.0,1.055,64.94,80.45,1.0
1.0,167.0,7.0,162.0,337.0,33.7,10.0,5.0,0.97,59.49,158.01,1.0
2.0,177.0,8.0,197.0,384.0,38.4,4.0,9.0,1.113,75.3,148.82,1.0
83.0,48.0,8.0,3.0,142.0,14.2,12.0,3.0,0.062,78.49,573.78,0.0
0.0,23.0,0.0,18.0,41.0,4.1,3.0,7.0,0.783,41.93,147.81,1.0
85.0,68.0,11.0,3.0,167.0,16.7,9.0,5.0,0.044,88.49,766.36,0.0
1.0,62.0,8.0,60.0,131.0,13.1,6.0,5.0,0.968,35.61,96.71,1.0
1.0,1.0,0.0,0.0,2.0,0.2,1.0,1.0,0.0,0.85,19.88,0.0
6.0,8.0,3.0,0.0,17.0,1.7,2.0,4.0,0.0,15.73,40.79,0.0
6.0,11.0,1.0,0.0,18.0,1.8,1.0,3.0,0.0,15.98,85.28,0.0
120.0,150.0,21.0,0.0,291.0,29.1,5.0,6.0,0.0,96.62,821.76,0.0
2.0,35.0,3.0,31.0,71.0,7.1,6.0,3.0,0.886,44.79,109.05,1.0
1.0,0.0,0.0,0.0,1.0,0.1,1.0,0.0,0.0,1.42,28.98,0.0
1.0,1.0,1.0,0.0,3.0,0.3,1.0,1.0,0.0,0.68,31.94,0.0
4.0,13.0,3.0,1.0,21.0,2.1,3.0,4.0,0.077,18.0,105.33,0.0
0.0,25.0,2.0,22.0,49.0,4.9,2.0,6.0,0.88,19.07,55.48,1.0
4.0,105.0,0.0,115.0,224.0,22.4,14.0,11.0,1.095,49.13,95.31,1.0
2.0,35.0,1.0,29.0,67.0,6.7,2.0,6.0,0.829,43.89,106.6,1.0
5.0,5.0,0.0,0.0,10.0,1.0,1.0,1.0,0.0,19.56,52.16,0.0
1.0,47.0,0.0,49.0,97.0,9.7,8.0,2.0,1.043,44.8,82.58,1.0
3.0,58.0,7.0,61.0,129.0,12.9,2.0,2.0,1.052,44.84,105.51,1.0
1.0,0.0,0.0,0.0,1.0,0.1,1.0,1.0,0.0,2.67,20.03,0.0
0.0,18.0,4.0,17.0,39.0,3.9,2.0,5.0,0.944,35.27,142.95,1.0
3.0,89.0,8.0,95.0,195.0,19.5,8.0,8.0,1.067,47.68,218.78,1.0
0.0,1.0,0.0,0.0,1.0,0.1,1.0,0.0,0.0,1.22,46.94,0.0
0.0,27.0,1.0,22.0,50.0,5.0,4.0,3.0,0.815,21.91,94.22,1.0
0.0,114.0,1.0,108.0,223.0,22.3,9.0,8.0,0.947,70.39,77.84,1.0
3.0,14.0,2.0,12.0,31.0,3.1,5.0,6.0,0.857,21.99,83.01,1.0
0.0,29.0,3.0,24.0,56.0,5.6,6.0,4.0,0.828,39.23,46.1,1.0
1.0,24.0,1.0,21.0,47.0,4.7,5.0,7.0,0.875,36.41,51.36,1.0
81.0,5.0,0.0,0.0,86.0,8.6,4.0,3.0,0.0,22.72,204.24,0.0
0.0,23.0,4.0,23.0,50.0,5.0,4.0,5.0,1.0,32.38,76.76,1.0
3.0,32.0,4.0,28.0,67.0,6.7,3.0,4.0,0.875,38.05,93.78,1.0
2.0,15.0,0.0,1.0,18.0,1.8,2.0,3.0,0.067,10.38,164.51,0.0
0.0,0.0,0.0,0.0,0.0,0.0,0.0,0.0,0.0,3.48,18.55,0.0
4.0,51.0,4.0,46.0,105.0,10.5,6.0,5.0,0.902,35.9,205.36,1.0
1.0,2.0,0.0,0.0,3.0,0.3,1.0,1.0,0.0,0.18,46.01,0.0
0.0,27.0,2.0,25.0,54.0,5.4,2.0,4.0,0.926,39.33,64.64,1.0
1.0,88.0,1.0,77.0,167.0,16.7,12.0,6.0,0.875,39.21,124.24,1.0
4.0,58.0,5.0,55.0,122.0,12.2,15.0,7.0,0.948,35.73,78.31,1.0
1.0,15.0,2.0,13.0,31.0,3.1,5.0,7.0,0.867,18.76,136.89,1.0
7.0,146.0,8.0,134.0,295.0,29.5,15.0,5.0,0.918,43.49,196.64,1.0
4.0,11.0,0.0,0.0,15.0,1.5,3.0,4.0,0.0,12.43,114.65,0.0
2.0,11.0,3.0,0.0,16.0,1.6,3.0,3.0,0.0,7.97,163.49,0.0
0.0,0.0,0.0,0.0,0.0,0.0,0.0,0.0,0.0,2.33,20.73,0.0
1.0,21.0,2.0,20.0,44.0,4.4,4.0,4.0,0.952,35.99,82.37,1.0
1.0,0.0,0.0,0.0,1.0,0.1,1.0,0.0,0.0,2.74,54.56,0.0
8.0,65.0,14.0,62.0,149.0,14.9,6.0,7.0,0.954,59.61,147.05,1.0
6.0,13.0,0.0,1.0,20.0,2.0,3.0,2.0,0.077,6.7,103.77,0.0
46.0,20.0,0.0,0.0,66.0,6.6,4.0,2.0,0.0,27.82,143.17,0.0
0.0,0.0,0.0,0.0,0.0,0.0,0.0,0.0,0.0,1.65,15.53,0.0
1.0,1.0,0.0,0.0,2.0,0.2,1.0,0.0,0.0,3.37,26.64,0.0
3.0,163.0,12.0,169.0,347.0,34.7,9.0,5.0,1.037,83.11,279.5,1.0
33.0,157.0,7.0,2.0,199.0,19.9,12.0,7.0,0.013,63.45,826.14,0.0
0.0,2.0,0.0,0.0,2.0,0.2,1.0,0.0,0.0,3.75,40.08,0.0
115.0,138.0,22.0,0.0,275.0,27.5,12.0,4.0,0.0,93.79,624.2,0.0
4.0,28.0,6.0,26.0,64.0,6.4,3.0,6.0,0.929,34.77,154.7,1.0
5.0,162.0,10.0,149.0,326.0,32.6,4.0,10.0,0.92,91.7,278.62,1.0
3.0,39.0,4.0,39.0,85.0,8.5,6.0,2.0,1.0,72.63,85.81,1.0
7.0,130.0,14.0,123.0,274.0,27.4,14.0,4.0,0.946,78.43,220.28,1.0
2.0,15.0,3.0,0.0,20.0,2.0,2.0,2.0,0.0,6.02,161.18,0.0
94.0,135.0,24.0,3.0,256.0,25.6,6.0,3.0,0.022,91.65,690.26,0.0
0.0,46.0,0.0,42.0,88.0,8.8,5.0,2.0,0.913,46.74,130.27,1.0
0.0,1.0,0.0,0.0,1.0,0.1,1.0,0.0,0.0,2.85,58.36,0.0
0.0,0.0,0.0,0.0,0.0,0.0,0.0,0.0,0.0,0.32,37.82,0.0
0.0,64.0,2.0,63.0,129.0,12.9,3.0,4.0,0.984,65.21,156.69,1.0
0.0,16.0,4.0,15.0,35.0,3.5,6.0,4.0,0.938,33.44,110.75,1.0
8.0,164.0,10.0,145.0,327.0,32.7,5.0,5.0,0.884,42.06,193.52,1.0
85.0,56.0,6.0,3.0,150.0,15.0,9.0,8.0,0.054,65.34,303.85,0.0
0.0,2.0,0.0,0.0,2.0,0.2,1.0,1.0,0.0,1.23,53.49,0.0
67.0,13.0,0.0,0.0,80.0,8.0,4.0,1.0,0.0,23.07,82.56,0.0
6.0,13.0,2.0,0.0,21.0,2.1,2.0,1.0,0.0,12.04,94.12,0.0
3.0,67.0,8.0,64.0,142.0,14.2,7.0,6.0,0.955,60.06,219.4,1.0
0.0,2.0,0.0,0.0,2.0,0.2,1.0,1.0,0.0,0.21,46.06,0.0
103.0,46.0,5.0,1.0,155.0,15.5,12.0,6.0,0.022,90.15,765.12,0.0
1.0,3.0,1.0,0.0,5.0,0.5,1.0,1.0,0.0,5.94,72.57,0.0
4.0,47.0,6.0,45.0,102.0,10.2,5.0,4.0,0.957,36.37,89.66,1.0
6.0,132.0,10.0,148.0,296.0,29.6,16.0,10.0,1.121,35.76,266.41,1.0
1.0,2.0,0.0,0.0,3.0,0.3,1.0,1.0,0.0,3.59,46.23,0.0
5.0,105.0,11.0,118.0,239.0,23.9,5.0,4.0,1.124,69.54,157.89,1.0
6.0,95.0,6.0,106.0,213.0,21.3,6.0,12.0,1.116,63.06,213.89,1.0
40.0,132.0,28.0,1.0,201.0,20.1,7.0,6.0,0.008,52.55,379.06,0.0
0.0,54.0,8.0,58.0,120.0,12.0,15.0,4.0,1.074,82.78,163.15,1.0
4.0,40.0,2.0,34.0,80.0,8.0,9.0,5.0,0.85,91.48,140.72,1.0
6.0,12.0,2.0,0.0,20.0,2.0,1.0,2.0,0.0,5.56,64.38,0.0
8.0,162.0,9.0,155.0,334.0,33.4,13.0,8.0,0.957,74.52,222.36,1.0
1.0,10.0,0.0,0.0,11.0,1.1,2.0,3.0,0.0,13.93,167.8,0.0
4.0,126.0,9.0,117.0,256.0,25.6,13.0,9.0,0.929,63.68,142.2,1.0
1.0,0.0,1.0,0.0,2.0,0.2,1.0,1.0,0.0,0.63,47.39,0.0
1.0,145.0,9.0,125.0,280.0,28.0,6.0,10.0,0.862,53.41,84.35,1.0
6.0,113.0,14.0,99.0,232.0,23.2,8.0,4.0,0.876,61.5,293.6,1.0
6.0,8.0,0.0,0.0,14.0,1.4,3.0,4.0,0.0,18.87,136.14,0.0
2.0,175.0,14.0,179.0,370.0,37.0,10.0,8.0,1.023,57.1,319.45,1.0
8.0,83.0,15.0,93.0,199.0,19.9,16.0,7.0,1.12,66.42,150.44,1.0
69.0,7.0,0.0,0.0,76.0,7.6,4.0,2.0,0.0,32.15,177.86,0.0
5.0,166.0,4.0,185.0,360.0,36.0,15.0,8.0,1.114,92.87,196.28,1.0
2.0,7.0,2.0,0.0,11.0,1.1,3.0,3.0,0.0,3.75,71.48,0.0
2.0,35.0,0.0,32.0,69.0,6.9,2.0,5.0,0.914,18.74,88.49,1.0
82.0,87.0,20.0,0.0,189.0,18.9,8.0,5.0,0.0,52.62,609.44,0.0
1.0,0.0,0.0,0.0,1.0,0.1,1.0,1.0,0.0,0.46,56.46,0.0
0.0,0.0,0.0,0.0,0.0,0.0,0.0,0.0,0.0,1.74,43.15,0.0
8.0,78.0,12.0,88.0,186.0,18.6,16.0,11.0,1.128,89.43,241.75,1.0
4.0,74.0,1.0,63.0,142.0,14.2,14.0,4.0,0.851,91.62,276.71,1.0
8.0,56.0,5.0,58.0,127.0,12.7,15.0,8.0,1.036,74.15,174.14,1.0
4.0,47.0,5.0,47.0,103.0,10.3,4.0,5.0,1.0,58.4,64.88,1.0
1.0,1.0,0.0,0.0,2.0,0.2,1.0,1.0,0.0,3.46,20.02,0.0
5.0,12.0,0.0,0.0,17.0,1.7,3.0,1.0,0.0,11.52,140.21,0.0
4.0,132.0,8.0,129.0,273.0,27.3,5.0,6.0,0.977,74.79,249.13,1.0
86.0,144.0,7.0,0.0,237.0,23.7,10.0,8.0,0.0,59.76,258.79,0.0
1.0,5.0,0.0,0.0,6.0,0.6,3.0,2.0,0.0,5.47,102.41,0.0
1.0,148.0,15.0,139.0,303.0,30.3,11.0,4.0,0.939,42.74,108.14,1.0
4.0,92.0,6.0,97.0,199.0,19.9,16.0,10.0,1.054,68.33,147.41,1.0
85.0,151.0,28.0,0.0,264.0,26.4,6.0,7.0,0.0,55.99,411.28,0.0
0.0,0.0,1.0,0.0,1.0,0.1,1.0,1.0,0.0,0.79,44.52,0.0
4.0,13.0,3.0,0.0,20.0,2.0,1.0,3.0,0.0,9.65,143.89,0.0
38.0,146.0,20.0,3.0,207.0,20.7,9.0,5.0,0.021,66.94,604.49,0.0
0.0,18.0,2.0,18.0,38.0,3.8,3.0,6.0,1.0,15.95,123.66,1.0
1.0,72.0,4.0,63.0,140.0,14.0,4.0,6.0,0.875,72.15,290.71,1.0
8.0,106.0,14.0,93.0,221.0,22.1,16.0,10.0,0.877,62.45,286.42,1.0
65.0,97.0,20.0,1.0,183.0,18.3,8.0,4.0,0.01,81.44,737.4,0.0
2.0,73.0,6.0,75.0,156.0,15.6,7.0,5.0,1.027,70.58,131.82,1.0
5.0,54.0,0.0,48.0,107.0,10.7,15.0,5.0,0.889,56.6,310.68,1.0
1.0,1.0,1.0,0.0,3.0,0.3,1.0,0.0,0.0,3.77,58.73,0.0
0.0,107.0,15.0,118.0,240.0,24.0,10.0,11.0,1.103,56.28,147.03,1.0
2.0,34.0,1.0,32.0,69.0,6.9,6.0,3.0,0.941,43.71,190.23,1.0
5.0,4.0,2.0,0.0,11.0,1.1,3.0,4.0,0.0,3.41,47.83,0.0
3.0,28.0,8.0,27.0,66.0,6.6,8.0,6.0,0.964,71.2,116.33,1.0
111.0,149.0,22.0,3.0,285.0,28.5,9.0,8.0,0.02,83.09,693.61,0.0
2.0,60.0,5.0,58.0,125.0,12.5,5.0,9.0,0.967,37.66,258.64,1.0
6.0,5.0,0.0,1.0,12.0,1.2,2.0,1.0,0.2,16.3,177.13,0.0
26.0,67.0,21.0,3.0,117.0,11.7,9.0,3.0,0.045,77.75,633.39,0.0
1.0,3.0,2.0,1.0,7.0,0.7,2.0,2.0,0.333,19.64,111.2,0.0
1.0,88.0,8.0,83.0,180.0,18.0,14.0,5.0,0.943,79.41,70.11,1.0
1.0,0.0,0.0,0.0,1.0,0.1,1.0,0.0,0.0,0.85,15.77,0.0
5.0,50.0,5.0,53.0,113.0,11.3,6.0,2.0,1.06,27.29,171.91,1.0
4.0,108.0,13.0,103.0,228.0,22.8,9.0,4.0,0.954,55.03,103.18,1.0
0.0,1.0,0.0,0.0,1.0,0.1,1.0,0.0,0.0,0.8,49.74,0.0
3.0,148.0,8.0,165.0,324.0,32.4,9.0,8.0,1.115,92.53,175.44,1.0
1.0,40.0,0.0,40.0,81.0,8.1,7.0,2.0,1.0,41.4,97.01,1.0
7.0,141.0,8.0,143.0,299.0,29.9,14.0,4.0,1.014,79.27,159.62,1.0
0.0,99.0,14.0,84.0,197.0,19.7,5.0,9.0,0.848,50.44,273.59,1.0
3.0,3.0,3.0,0.0,9.0,0.9,1.0,1.0,0.0,16.07,156.72,0.0
0.0,60.0,13.0,68.0,141.0,14.1,6.0,12.0,1.133,48.65,125.47,1.0
0.0,27.0,3.0,25.0,55.0,5.5,4.0,6.0,0.926,15.29,98.25,1.0
71.0,69.0,19.0,2.0,161.0,16.1,5.0,8.0,0.029,57.78,676.32,0.0
4.0,13.0,2.0,0.0,19.0,1.9,3.0,1.0,0.0,12.45,76.44,0.0
1.0,1.0,1.0,0.0,3.0,0.3,1.0,0.0,0.0,1.9,30.77,0.0
3.0,18.0,0.0,16.0,37.0,3.7,4.0,5.0,0.889,31.16,83.7,1.0
0.0,1.0,0.0,0.0,1.0,0.1,1.0,1.0,0.0,1.96,55.5,0.0
2.0,49.0,7.0,53.0,111.0,11.1,4.0,4.0,1.082,71.58,86.3,1.0
34.0,20.0,0.0,0.0,54.0,5.4,4.0,2.0,0.0,32.85,183.49,0.0
1.0,1.0,0.0,0.0,2.0,0.2,1.0,1.0,0.0,0.92,15.12,0.0
8.0,75.0,2.0,68.0,153.0,15.3,16.0,8.0,0.907,48.94,97.93,1.0
1.0,45.0,8.0,45.0,99.0,9.9,15.0,6.0,1.0,90.88,188.53,1.0
5.0,29.0,0.0,26.0,60.0,6.0,2.0,4.0,0.897,65.93,85.14,1.0
7.0,90.0,6.0,94.0,197.0,19.7,6.0,4.0,1.044,35.18,215.85,1.0
0.0,13.0,2.0,11.0,26.0,2.6,3.0,6.0,0.846,25.8,91.96,1.0
8.0,109.0,1.0,100.0,218.0,21.8,8.0,11.0,0.917,40.01,277.51,1.0
7.0,148.0,13.0,131.0,299.0,29.9,4.0,5.0,0.885,92.97,202.59,1.0
0.0,1.0,0.0,0.0,1.0,0.1,1.0,0.0,0.0,1.19,36.84,0.0
3.0,21.0,3.0,20.0,47.0,4.7,3.0,3.0,0.952,16.28,78.89,1.0
46.0,10.0,0.0,0.0,56.0,5.6,1.0,2.0,0.0,33.01,249.77,0.0
3.0,12.0,4.0,11.0,30.0,3.0,5.0,4.0,0.917,44.62,86.88,1.0
5.0,9.0,1.0,0.0,15.0,1.5,3.0,4.0,0.0,16.13,113.91,0.0
80.0,10.0,0.0,0.0,90.0,9.0,4.0,3.0,0.0,10.49,174.53,0.0
0.0,12.0,2.0,11.0,25.0,2.5,3.0,7.0,0.917,39.51,113.46,1.0
48.0,109.0,7.0,1.0,165.0,16.5,5.0,6.0,0.009,56.78,623.94,0.0
80.0,47.0,17.0,0.0,144.0,14.4,6.0,7.0,0.0,48.06,610.54,0.0
4.0,65.0,10.0,58.0,137.0,13.7,6.0,4.0,0.892,60.02,241.11,1.0
1.0,13.0,3.0,0.0,17.0,1.7,1.0,2.0,0.0,11.33,127.17,0.0
2.0,44.0,4.0,43.0,93.0,9.3,7.0,5.0,0.977,35.09,197.8,1.0
2.0,5.0,3.0,1.0,11.0,1.1,3.0,2.0,0.2,2.2,98.37,0.0
1.0,0.0,0.0,0.0,1.0,0.1,1.0,0.0,0.0,1.44,33.79,0.0
1.0,1.0,0.0,0.0,2.0,0.2,1.0,0.0,0.0,2.55,45.14,0.0
1.0,102.0,11.0,115.0,229.0,22.9,5.0,11.0,1.127,53.9,220.57,1.0
0.0,24.0,0.0,24.0,48.0,4.8,5.0,6.0,1.0,15.12,47.9,1.0
2.0,166.0,11.0,163.0,342.0,34.2,15.0,11.0,0.982,44.12,88.81,1.0
1.0,129.0,8.0,136.0,274.0,27.4,4.0,9.0,1.054,38.44,87.97,1.0
77.0,75.0,8.0,3.0,163.0,16.3,11.0,5.0,0.04,72.41,228.25,0.0
0.0,2.0,0.0,0.0,2.0,0.2,1.0,0.0,0.0,2.16,19.63,0.0
75.0,118.0,30.0,1.0,224.0,22.4,10.0,4.0,0.008,54.52,601.53,0.0
5.0,67.0,6.0,65.0,143.0,14.3,6.0,2.0,0.97,40.59,163.8,1.0
5.0,69.0,6.0,66.0,146.0,14.6,16.0,4.0,0.957,56.53,114.77,1.0
6.0,4.0,2.0,1.0,13.0,1.3,2.0,4.0,0.25,14.29,174.86,0.0
3.0,59.0,2.0,63.0,127.0,12.7,7.0,2.0,1.068,56.95,180.14,1.0
4.0,142.0,7.0,129.0,282.0,28.2,16.0,5.0,0.908,65.23,299.03,1.0
4.0,11.0,3.0,0.0,18.0,1.8,2.0,3.0,0.0,4.45,171.34,0.0
6.0,79.0,0.0,74.0,159.0,15.9,5.0,12.0,0.937,89.0,91.74,1.0
1.0,2.0,0.0,0.0,3.0,0.3,1.0,0.0,0.0,3.58,31.96,0.0
7.0,93.0,3.0,104.0,207.0,20.7,12.0,12.0,1.118,61.84,200.1,1.0
5.0,133.0,6.0,114.0,258.0,25.8,14.0,4.0,0.857,39.07,127.6,1.0
6.0,65.0,7.0,65.0,143.0,14.3,6.0,7.0,1.0,73.02,288.15,1.0
1.0,67.0,8.0,61.0,137.0,13.7,6.0,2.0,0.91,45.38,136.4,1.0
0.0,13.0,1.0,10.0,24.0,2.4,5.0,3.0,0.769,33.2,46.39,1.0
2.0,81.0,3.0,91.0,177.0,17.7,11.0,5.0,1.123,41.62,206.57,1.0
35.0,88.0,24.0,2.0,149.0,14.9,11.0,8.0,0.023,95.7,764.37,0.0
2.0,15.0,2.0,1.0,20.0,2.0,2.0,2.0,0.067,6.33,60.82,0.0
8.0,108.0,13.0,120.0,249.0,24.9,14.0,11.0,1.111,46.35,205.33,1.0
0.0,32.0,8.0,33.0,73.0,7.3,5.0,4.0,1.031,74.67,166.75,1.0
1.0,13.0,3.0,0.0,17.0,1.7,2.0,3.0,0.0,6.63,149.3,0.0
2.0,27.0,4.0,23.0,56.0,5.6,4.0,5.0,0.852,25.1,77.05,1.0
5.0,65.0,6.0,62.0,138.0,13.8,7.0,3.0,0.954,26.65,203.09,1.0
1.0,0.0,0.0,0.0,1.0,0.1,1.0,0.0,0.0,1.92,47.54,0.0
4.0,13.0,3.0,1.0,21.0,2.1,3.0,3.0,0.077,2.88,70.9,0.0
4.0,6.0,0.0,1.0,11.0,1.1,1.0,1.0,0.167,11.61,136.08,0.0
3.0,51.0,14.0,55.0,123.0,12.3,6.0,10.0,1.078,53.33,238.66,1.0
8.0,116.0,4.0,117.0,245.0,24.5,11.0,6.0,1.009,91.37,219.96,1.0
0.0,27.0,1.0,27.0,55.0,5.5,6.0,6.0,1.0,16.76,75.63,1.0
1.0,14.0,1.0,1.0,17.0,1.7,1.0,4.0,0.071,2.08,41.34,0.0
2.0,14.0,0.0,11.0,27.0,2.7,5.0,5.0,0.786,44.95,48.03,1.0
0.0,62.0,4.0,67.0,133.0,13.3,3.0,6.0,1.081,47.73,123.78,1.0
80.0,13.0,0.0,0.0,93.0,9.3,3.0,1.0,0.0,24.34,172.34,0.0
1.0,6.0,3.0,1.0,11.0,1.1,3.0,3.0,0.167,14.51,69.14,0.0
0.0,113.0,10.0,129.0,252.0,25.2,6.0,5.0,1.142,71.02,72.17,1.0
8.0,70.0,1.0,60.0,139.0,13.9,13.0,6.0,0.857,60.03,166.05,1.0
0.0,0.0,1.0,0.0,1.0,0.1,1.0,1.0,0.0,1.36,29.34,0.0
0.0,2.0,0.0,0.0,2.0,0.2,1.0,1.0,0.0,1.54,31.78,0.0
60.0,156.0,20.0,3.0,239.0,23.9,8.0,4.0,0.019,71.0,733.17,0.0
2.0,27.0,3.0,24.0,56.0,5.6,3.0,5.0,0.889,44.95,43.68,1.0
0.0,22.0,4.0,20.0,46.0,4.6,6.0,5.0,0.909,26.09,148.63,1.0
1.0,25.0,5.0,24.0,55.0,5.5,4.0,6.0,0.96,50.94,195.19,1.0
0.0,0.0,0.0,0.0,0.0,0.0,0.0,0.0,0.0,0.4,46.79,0.0
1.0,37.0,6.0,36.0,80.0,8.0,4.0,4.0,0.973,37.55,190.03,1.0
0.0,1.0,0.0,0.0,1.0,0.1,1.0,1.0,0.0,0.58,45.99,0.0
6.0,64.0,10.0,66.0,146.0,14.6,12.0,8.0,1.031,36.98,243.63,1.0
5.0,56.0,6.0,58.0,125.0,12.5,5.0,4.0,1.036,32.31,138.14,1.0
26.0,59.0,19.0,2.0,106.0,10.6,4.0,3.0,0.034,45.03,229.85,0.0
39.0,15.0,0.0,0.0,54.0,5.4,4.0,3.0,0.0,25.86,221.87,0.0
71.0,97.0,19.0,3.0,190.0,19.0,4.0,8.0,0.031,46.84,384.91,0.0
6.0,6.0,3.0,0.0,15.0,1.5,3.0,4.0,0.0,3.06,153.43,0.0
3.0,14.0,1.0,13.0,31.0,3.1,5.0,7.0,0.929,15.38,122.4,1.0
1.0,32.0,3.0,33.0,69.0,6.9,8.0,2.0,1.031,69.95,153.2,1.0
2.0,5.0,2.0,0.0,9.0,0.9,1.0,2.0,0.0,5.12,174.04,0.0
0.0,1.0,0.0,0.0,1.0,0.1,1.0,1.0,0.0,2.36,47.34,0.0
5.0,160.0,9.0,138.0,312.0,31.2,10.0,5.0,0.863,59.8,133.49,1.0
3.0,30.0,4.0,29.0,66.0,6.6,6.0,6.0,0.967,25.92,134.06,1.0
2.0,5.0,2.0,0.0,9.0,0.9,1.0,2.0,0.0,12.47,167.24,0.0
2.0,13.0,2.0,12.0,29.0,2.9,4.0,3.0,0.923,35.68,136.94,1.0
2.0,19.0,1.0,16.0,38.0,3.8,6.0,4.0,0.842,34.2,93.17,1.0
5.0,8.0,1.0,0.0,14.0,1.4,3.0,1.0,0.0,3.68,85.62,0.0
6.0,7.0,3.0,0.0,16.0,1.6,3.0,1.0,0.0,8.58,159.47,0.0
8.0,106.0,6.0,111.0,231.0,23.1,10.0,12.0,1.047,90.73,175.85,1.0
0.0,51.0,7.0,49.0,107.0,10.7,6.0,4.0,0.961,34.42,196.32,1.0
3.0,6.0,3.0,0.0,12.0,1.2,3.0,1.0,0.0,13.28,95.37,0.0
2.0,17.0,1.0,16.0,36.0,3.6,6.0,6.0,0.941,31.74,64.47,1.0
0.0,0.0,0.0,0.0,0.0,0.0,0.0,0.0,0.0,0.54,22.93,0.0
1.0,87.0,3.0,76.0,167.0,16.7,9.0,8.0,0.874,69.46,224.86,1.0
4.0,14.0,1.0,0.0,19.0,1.9,1.0,2.0,0.0,6.08,99.76,0.0
3.0,146.0,10.0,166.0,325.0,32.5,14.0,5.0,1.137,77.35,171.91,1.0
4.0,4.0,3.0,0.0,11.0,1.1,1.0,3.0,0.0,4.84,163.63,0.0
4.0,39.0,6.0,37.0,86.0,8.6,6.0,4.0,0.949,33.84,69.06,1.0
3.0,43.0,8.0,46.0,100.0,10.0,8.0,2.0,1.07,39.34,108.63,1.0
4.0,56.0,0.0,47.0,107.0,10.7,15.0,4.0,0.839,48.03,256.12,1.0
35.0,5.0,0.0,0.0,40.0,4.0,1.0,3.0,0.0,30.15,121.27,0.0
2.0,33.0,2.0,29.0,66.0,6.6,6.0,6.0,0.879,36.3,118.21,1.0
5.0,52.0,7.0,52.0,116.0,11.6,2.0,4.0,1.0,67.99,186.12,1.0
0.0,0.0,0.0,0.0,0.0,0.0,0.0,0.0,0.0,2.57,15.21,0.0
2.0,25.0,4.0,23.0,54.0,5.4,5.0,6.0,0.92,43.02,59.36,1.0
0.0,1.0,0.0,0.0,1.0,0.1,1.0,1.0,0.0,3.4,27.9,0.0
46.0,90.0,11.0,1.0,148.0,14.8,12.0,3.0,0.011,93.51,683.77,0.0
7.0,121.0,15.0,127.0,270.0,27.0,6.0,5.0,1.05,41.0,181.31,1.0
0.0,2.0,1.0,0.0,3.0,0.3,1.0,1.0,0.0,3.21,41.61,0.0
5.0,135.0,4.0,133.0,277.0,27.7,7.0,6.0,0.985,67.18,311.68,1.0
1.0,7.0,3.0,1.0,12.0,1.2,3.0,3.0,0.143,2.21,105.05,0.0
26.0,150.0,16.0,3.0,195.0,19.5,12.0,8.0,0.02,63.52,597.85,0.0
8.0,43.0,7.0,46.0,104.0,10.4,16.0,4.0,1.07,48.62,295.31,1.0
114.0,41.0,8.0,3.0,166.0,16.6,9.0,4.0,0.073,68.56,343.99,0.0
0.0,53.0,0.0,51.0,104.0,10.4,7.0,4.0,0.962,67.29,124.13,1.0
1.0,2.0,1.0,0.0,4.0,0.4,1.0,0.0,0.0,3.08,19.31,0.0
5.0,139.0,3.0,132.0,279.0,27.9,5.0,6.0,0.95,68.15,127.85,1.0
0.0,2.0,1.0,0.0,3.0,0.3,1.0,1.0,0.0,3.08,16.63,0.0
1.0,14.0,1.0,1.0,17.0,1.7,3.0,2.0,0.071,14.34,63.73,0.0
1.0,0.0,0.0,0.0,1.0,0.1,1.0,1.0,0.0,1.46,19.68,0.0
36.0,17.0,0.0,0.0,53.0,5.3,2.0,3.0,0.0,31.48,213.41,0.0
3.0,174.0,7.0,171.0,355.0,35.5,13.0,5.0,0.983,77.48,168.3,1.0
5.0,125.0,3.0,143.0,276.0,27.6,12.0,12.0,1.144,74.77,318.73,1.0
2.0,7.0,0.0,0.0,9.0,0.9,1.0,4.0,0.0,7.79,166.16,0.0
2.0,50.0,7.0,46.0,105.0,10.5,5.0,6.0,0.92,45.81,212.89,1.0
4.0,150.0,10.0,161.0,325.0,32.5,4.0,10.0,1.073,37.02,150.89,1.0
3.0,35.0,2.0,28.0,68.0,6.8,6.0,6.0,0.8,41.03,94.65,1.0
103.0,85.0,26.0,1.0,215.0,21.5,7.0,4.0,0.012,53.96,615.96,0.0
2.0,21.0,0.0,19.0,42.0,4.2,3.0,4.0,0.905,16.35,50.47,1.0
2.0,60.0,14.0,66.0,142.0,14.2,12.0,10.0,1.1,71.06,91.01,1.0
1.0,17.0,3.0,16.0,37.0,3.7,5.0,7.0,0.941,37.52,56.1,1.0
5.0,48.0,1.0,49.0,103.0,10.3,5.0,6.0,1.021,55.12,108.43,1.0
60.0,64.0,27.0,1.0,152.0,15.2,12.0,5.0,0.016,45.45,394.66,0.0
2.0,17.0,3.0,15.0,37.0,3.7,5.0,4.0,0.882,26.79,48.58,1.0
0.0,0.0,0.0,0.0,0.0,0.0,0.0,0.0,0.0,1.53,23.87,0.0
4.0,5.0,3.0,0.0,12.0,1.2,2.0,2.0,0.0,6.38,63.86,0.0
8.0,147.0,2.0,159.0,316.0,31.6,9.0,7.0,1.082,92.05,303.92,1.0
1.0,0.0,0.0,0.0,1.0,0.1,1.0,0.0,0.0,1.96,42.66,0.0
2.0,72.0,13.0,62.0,149.0,14.9,13.0,11.0,0.861,85.74,293.0,1.0
114.0,135.0,27.0,0.0,276.0,27.6,12.0,4.0,0.0,75.63,387.56,0.0
2.0,119.0,5.0,130.0,256.0,25.6,13.0,7.0,1.092,57.08,245.63,1.0
50.0,12.0,0.0,0.0,62.0,6.2,2.0,3.0,0.0,25.64,196.34,0.0
1.0,2.0,0.0,0.0,3.0,0.3,1.0,1.0,0.0,0.88,17.29,0.0
95.0,134.0,21.0,1.0,251.0,25.1,10.0,3.0,0.007,56.23,619.34,0.0
4.0,38.0,2.0,40.0,84.0,8.4,3.0,3.0,1.053,67.64,97.24,1.0
0.0,2.0,0.0,0.0,2.0,0.2,1.0,0.0,0.0,3.82,34.12,0.0
6.0,7.0,2.0,0.0,15.0,1.5,3.0,1.0,0.0,4.24,42.28,0.0
2.0,3.0,3.0,0.0,8.0,0.8,3.0,1.0,0.0,7.22,61.22,0.0
0.0,0.0,1.0,0.0,1.0,0.1,1.0,0.0,0.0,3.04,25.91,0.0
1.0,126.0,10.0,130.0,267.0,26.7,5.0,10.0,1.032,61.29,164.7,1.0
0.0,2.0,0.0,0.0,2.0,0.2,1.0,0.0,0.0,3.53,18.63,0.0
7.0,131.0,12.0,121.0,271.0,27.1,12.0,7.0,0.924,52.74,311.94,1.0
0.0,2.0,1.0,0.0,3.0,0.3,1.0,1.0,0.0,0.73,24.93,0.0
2.0,15.0,3.0,1.0,21.0,2.1,1.0,1.0,0.067,19.45,110.94,0.0
2.0,131.0,0.0,134.0,267.0,26.7,15.0,8.0,1.023,92.27,308.43,1.0
0.0,1.0,1.0,0.0,2.0,0.2,1.0,0.0,0.0,2.18,21.92,0.0
0.0,51.0,3.0,44.0,98.0,9.8,14.0,8.0,0.863,68.94,173.43,1.0
3.0,32.0,3.0,33.0,71.0,7.1,5.0,6.0,1.031,24.07,146.85,1.0
0.0,0.0,0.0,0.0,0.0,0.0,0.0,0.0,0.0,3.53,34.28,0.0
3.0,20.0,3.0,18.0,44.0,4.4,2.0,3.0,0.9,35.72,138.59,1.0
1.0,47.0,4.0,51.0,103.0,10.3,7.0,11.0,1.085,64.29,96.19,1.0
71.0,50.0,16.0,0.0,137.0,13.7,9.0,8.0,0.0,70.66,349.73,0.0
2.0,75.0,7.0,81.0,165.0,16.5,3.0,2.0,1.08,57.6,182.33,1.0
4.0,138.0,6.0,153.0,301.0,30.1,4.0,12.0,1.109,57.67,270.71,1.0
1.0,1.0,1.0,0.0,3.0,0.3,1.0,0.0,0.0,3.06,44.32,0.0
36.0,115.0,18.0,0.0,169.0,16.9,4.0,3.0,0.0,56.59,528.48,0.0
4.0,57.0,2.0,60.0,123.0,12.3,2.0,5.0,1.053,64.4,87.6,1.0
2.0,53.0,1.0,48.0,104.0,10.4,3.0,5.0,0.906,35.26,193.7,1.0
1.0,27.0,4.0,26.0,58.0,5.8,4.0,3.0,0.963,26.64,139.06,1.0
0.0,82.0,7.0,78.0,167.0,16.7,16.0,7.0,0.951,48.3,106.1,1.0
62.0,13.0,0.0,0.0,75.0,7.5,3.0,2.0,0.0,16.47,166.9,0.0
0.0,21.0,3.0,18.0,42.0,4.2,5.0,6.0,0.857,17.88,92.46,1.0
4.0,137.0,11.0,140.0,292.0,29.2,16.0,12.0,1.022,71.42,259.78,1.0
1.0,113.0,3.0,127.0,244.0,24.4,16.0,12.0,1.124,74.94,261.13,1.0
7.0,72.0,14.0,71.0,164.0,16.4,7.0,7.0,0.986,91.35,173.54,1.0
1.0,14.0,1.0,0.0,16.0,1.6,1.0,1.0,0.0,3.52,80.02,0.0
2.0,35.0,2.0,31.0,70.0,7.0,3.0,5.0,0.886,22.68,126.66,1.0
2.0,30.0,4.0,30.0,66.0,6.6,4.0,7.0,1.0,17.08,41.33,1.0
0.0,0.0,1.0,0.0,1.0,0.1,1.0,1.0,0.0,2.42,37.83,0.0
81.0,59.0,30.0,3.0,173.0,17.3,6.0,5.0,0.051,71.81,805.24,0.0
4.0,8.0,2.0,1.0,15.0,1.5,1.0,2.0,0.125,3.92,41.29,0.0
3.0,14.0,2.0,0.0,19.0,1.9,3.0,2.0,0.0,15.67,174.8,0.0
3.0,7.0,0.0,0.0,10.0,1.0,1.0,3.0,0.0,6.34,131.99,0.0
7.0,61.0,0.0,54.0,122.0,12.2,8.0,11.0,0.885,48.15,95.26,1.0
0.0,46.0,6.0,44.0,96.0,9.6,5.0,12.0,0.957,62.19,77.58,1.0
104.0,136.0,18.0,0.0,258.0,25.8,11.0,3.0,0.0,96.79,638.43,0.0
3.0,33.0,7.0,35.0,78.0,7.8,7.0,2.0,1.061,27.8,106.2,1.0
62.0,18.0,0.0,0.0,80.0,8.0,2.0,1.0,0.0,21.59,249.85,0.0
6.0,114.0,14.0,129.0,263.0,26.3,13.0,8.0,1.132,87.61,164.64,1.0
1.0,77.0,14.0,73.0,165.0,16.5,5.0,10.0,0.948,42.61,204.56,1.0
0.0,34.0,8.0,36.0,78.0,7.8,5.0,6.0,1.059,72.79,156.9,1.0
3.0,33.0,0.0,31.0,67.0,6.7,2.0,5.0,0.939,26.95,76.06,1.0
6.0,7.0,2.0,1.0,16.0,1.6,3.0,4.0,0.143,15.63,102.99,0.0
1.0,0.0,0.0,0.0,1.0,0.1,1.0,0.0,0.0,1.59,15.26,0.0
4.0,10.0,2.0,0.0,16.0,1.6,2.0,1.0,0.0,3.85,97.73,0.0
2.0,16.0,3.0,15.0,36.0,3.6,5.0,4.0,0.938,34.71,93.8,1.0
71.0,9.0,0.0,0.0,80.0,8.0,3.0,3.0,0.0,19.36,227.12,0.0
0.0,0.0,1.0,0.0,1.0,0.1,1.0,1.0,0.0,2.28,42.89,0.0
2.0,25.0,8.0,23.0,58.0,5.8,8.0,6.0,0.92,37.34,126.32,1.0
77.0,13.0,0.0,0.0,90.0,9.0,4.0,1.0,0.0,15.87,116.85,0.0
107.0,94.0,11.0,2.0,214.0,21.4,5.0,3.0,0.021,49.12,592.07,0.0
27.0,54.0,28.0,3.0,112.0,11.2,6.0,4.0,0.056,89.67,229.42,0.0
4.0,58.0,4.0,62.0,128.0,12.8,2.0,2.0,1.069,53.72,102.62,1.0
2.0,69.0,1.0,65.0,137.0,13.7,6.0,4.0,0.942,60.68,147.22,1.0
5.0,56.0,8.0,51.0,120.0,12.0,6.0,4.0,0.911,67.07,196.77,1.0
5.0,26.0,7.0,26.0,64.0,6.4,3.0,5.0,1.0,58.57,87.65,1.0
2.0,34.0,0.0,35.0,71.0,7.1,8.0,3.0,1.029,29.83,69.51,1.0
51.0,142.0,24.0,3.0,220.0,22.0,10.0,3.0,0.021,62.69,564.27,0.0
1.0,0.0,0.0,0.0,1.0,0.1,1.0,1.0,0.0,2.01,25.39,0.0
50.0,7.0,0.0,0.0,57.0,5.7,3.0,3.0,0.0,13.34,232.72,0.0
5.0,7.0,3.0,0.0,15.0,1.5,1.0,3.0,0.0,18.69,140.82,0.0
6.0,14.0,0.0,0.0,20.0,2.0,2.0,1.0,0.0,12.42,170.04,0.0
2.0,143.0,15.0,148.0,308.0,30.8,6.0,4.0,1.035,72.75,257.35,1.0
6.0,13.0,2.0,0.0,21.0,2.1,3.0,1.0,0.0,6.23,135.81,0.0
1.0,0.0,1.0,0.0,2.0,0.2,1.0,1.0,0.0,1.01,15.57,0.0
4.0,4.0,0.0,0.0,8.0,0.8,2.0,3.0,0.0,14.67,102.33,0.0
3.0,11.0,3.0,0.0,17.0,1.7,2.0,3.0,0.0,12.3,123.03,0.0
5.0,63.0,12.0,65.0,145.0,14.5,10.0,7.0,1.032,92.09,263.92,1.0
1.0,0.0,0.0,0.0,1.0,0.1,1.0,1.0,0.0,1.71,51.92,0.0
3.0,7.0,2.0,0.0,12.0,1.2,1.0,2.0,0.0,16.75,163.06,0.0
53.0,48.0,24.0,2.0,127.0,12.7,11.0,7.0,0.042,67.3,586.9,0.0
120.0,159.0,22.0,0.0,301.0,30.1,8.0,6.0,0.0,78.84,329.17,0.0
6.0,3.0,1.0,0.0,10.0,1.0,3.0,1.0,0.0,12.79,142.5,0.0
41.0,87.0,28.0,3.0,159.0,15.9,7.0,3.0,0.034,61.41,705.89,0.0
111.0,127.0,24.0,1.0,263.0,26.3,5.0,7.0,0.008,51.8,242.28,0.0
2.0,66.0,12.0,60.0,140.0,14.0,12.0,7.0,0.909,63.26,135.45,1.0
8.0,61.0,13.0,58.0,140.0,14.0,5.0,11.0,0.951,55.85,209.6,1.0
0.0,1.0,1.0,0.0,2.0,0.2,1.0,1.0,0.0,0.83,27.56,0.0
86.0,111.0,9.0,2.0,208.0,20.8,9.0,6.0,0.018,97.22,593.1,0.0
94.0,104.0,11.0,2.0,211.0,21.1,6.0,5.0,0.019,87.41,448.71,0.0
3.0,26.0,3.0,24.0,56.0,5.6,4.0,5.0,0.923,23.36,96.4,1.0
5.0,79.0,4.0,78.0,166.0,16.6,14.0,7.0,0.987,60.64,266.59,1.0
104.0,49.0,9.0,3.0,165.0,16.5,9.0,8.0,0.061,50.61,279.29,0.0
31.0,13.0,0.0,0.0,44.0,4.4,2.0,1.0,0.0,23.72,203.63,0.0
8.0,151.0,0.0,148.0,307.0,30.7,13.0,7.0,0.98,61.85,169.27,1.0
67.0,151.0,12.0,0.0,230.0,23.0,9.0,6.0,0.0,93.24,682.93,0.0
5.0,112.0,4.0,121.0,242.0,24.2,10.0,7.0,1.08,81.03,145.13,1.0
6.0,127.0,6.0,114.0,253.0,25.3,10.0,6.0,0.898,82.98,202.04,1.0
91.0,117.0,12.0,2.0,222.0,22.2,9.0,8.0,0.017,57.93,817.54,0.0
8.0,48.0,10.0,47.0,113.0,11.3,8.0,10.0,0.979,61.46,259.57,1.0
0.0,2.0,0.0,0.0,2.0,0.2,1.0,0.0,0.0,2.04,47.25,0.0
4.0,152.0,2.0,146.0,304.0,30.4,8.0,4.0,0.961,36.58,301.82,1.0
6.0,11.0,0.0,0.0,17.0,1.7,2.0,4.0,0.0,17.33,46.41,0.0
1.0,2.0,0.0,0.0,3.0,0.3,1.0,1.0,0.0,0.25,48.71,0.0
3.0,8.0,1.0,1.0,13.0,1.3,2.0,1.0,0.125,12.96,63.96,0.0
59.0,147.0,21.0,1.0,228.0,22.8,5.0,5.0,0.007,91.34,570.47,0.0
66.0,123.0,16.0,1.0,206.0,20.6,12.0,4.0,0.008,61.97,810.8,0.0
5.0,9.0,2.0,0.0,16.0,1.6,3.0,4.0,0.0,12.09,157.24,0.0
0.0,2.0,1.0,0.0,3.0,0.3,1.0,0.0,0.0,0.48,39.17,0.0
0.0,2.0,0.0,0.0,2.0,0.2,1.0,0.0,0.0,0.75,27.42,0.0
6.0,117.0,12.0,115.0,250.0,25.0,9.0,11.0,0.983,87.94,251.28,1.0
4.0,42.0,1.0,42.0,89.0,8.9,2.0,6.0,1.0,57.89,216.85,1.0
3.0,19.0,3.0,18.0,43.0,4.3,5.0,3.0,0.947,35.5,74.42,1.0
1.0,1.0,0.0,0.0,2.0,0.2,1.0,0.0,0.0,0.26,38.4,0.0
2.0,12.0,3.0,0.0,17.0,1.7,3.0,1.0,0.0,11.96,98.24,0.0
0.0,31.0,2.0,30.0,63.0,6.3,2.0,5.0,0.968,24.57,46.55,1.0
5.0,5.0,2.0,0.0,12.0,1.2,3.0,2.0,0.0,10.38,156.45,0.0
70.0,71.0,7.0,1.0,149.0,14.9,9.0,5.0,0.014,52.69,404.39,0.0
1.0,77.0,14.0,81.0,173.0,17.3,13.0,6.0,1.052,58.39,265.56,1.0
3.0,48.0,2.0,46.0,99.0,9.9,7.0,4.0,0.958,73.92,74.28,1.0
4.0,35.0,4.0,33.0,76.0,7.6,4.0,5.0,0.943,58.96,106.65,1.0
2.0,154.0,0.0,175.0,331.0,33.1,13.0,12.0,1.136,88.26,92.74,1.0
5.0,126.0,10.0,117.0,258.0,25.8,12.0,7.0,0.929,82.42,158.3,1.0
4.0,12.0,1.0,0.0,17.0,1.7,3.0,1.0,0.0,2.28,136.07,0.0
86.0,147.0,30.0,3.0,266.0,26.6,10.0,8.0,0.02,57.45,389.1,0.0
6.0,15.0,0.0,0.0,21.0,2.1,2.0,4.0,0.0,8.79,106.64,0.0
6.0,4.0,2.0,0.0,12.0,1.2,1.0,1.0,0.0,5.56,130.44,0.0
48.0,7.0,0.0,0.0,55.0,5.5,3.0,1.0,0.0,12.46,92.13,0.0
67.0,108.0,28.0,3.0,206.0,20.6,6.0,6.0,0.028,51.53,372.82,0.0
0.0,2.0,1.0,0.0,3.0,0.3,1.0,1.0,0.0,3.15,54.44,0.0
5.0,123.0,2.0,104.0,234.0,23.4,12.0,12.0,0.846,60.34,75.0,1.0
1.0,25.0,2.0,26.0,54.0,5.4,7.0,4.0,1.04,71.6,173.25,1.0
6.0,11.0,3.0,0.0,20.0,2.0,2.0,1.0,0.0,8.53,86.69,0.0
0.0,1.0,0.0,0.0,1.0,0.1,1.0,0.0,0.0,3.68,28.96,0.0
0.0,158.0,13.0,136.0,307.0,30.7,11.0,12.0,0.861,39.07,147.51,1.0
1.0,0.0,0.0,0.0,1.0,0.1,1.0,1.0,0.0,3.58,19.21,0.0
0.0,0.0,0.0,0.0,0.0,0.0,0.0,0.0,0.0,3.49,51.91,0.0
1.0,12.0,2.0,0.0,15.0,1.5,3.0,4.0,0.0,16.36,106.42,0.0
1.0,1.0,0.0,0.0,2.0,0.2,1.0,0.0,0.0,2.87,50.52,0.0
3.0,28.0,2.0,25.0,58.0,5.8,5.0,4.0,0.893,32.79,58.35,1.0
6.0,102.0,1.0,113.0,222.0,22.2,12.0,12.0,1.108,94.0,206.58,1.0
6.0,9.0,2.0,0.0,17.0,1.7,2.0,1.0,0.0,8.01,126.3,0.0
4.0,75.0,6.0,80.0,165.0,16.5,5.0,2.0,1.067,58.08,195.47,1.0
67.0,97.0,5.0,2.0,171.0,17.1,7.0,4.0,0.021,81.74,427.81,0.0
3.0,14.0,1.0,0.0,18.0,1.8,2.0,2.0,0.0,7.62,94.47,0.0
5.0,62.0,2.0,64.0,133.0,13.3,2.0,3.0,1.032,32.39,175.65,1.0
6.0,6.0,0.0,0.0,12.0,1.2,3.0,1.0,0.0,15.24,67.29,0.0
3.0,14.0,3.0,1.0,21.0,2.1,3.0,3.0,0.071,15.68,58.44,0.0
0.0,0.0,0.0,0.0,0.0,0.0,0.0,0.0,0.0,2.08,20.46,0.0
3.0,12.0,2.0,10.0,27.0,2.7,2.0,6.0,0.833,33.23,86.59,1.0
0.0,37.0,7.0,40.0,84.0,8.4,6.0,3.0,1.081,45.3,116.01,1.0
2.0,47.0,4.0,42.0,95.0,9.5,10.0,11.0,0.894,46.45,236.93,1.0
3.0,13.0,2.0,0.0,18.0,1.8,3.0,4.0,0.0,16.73,92.39,0.0
8.0,123.0,2.0,118.0,251.0,25.1,8.0,4.0,0.959,67.14,296.57,1.0
7.0,87.0,2.0,91.0,187.0,18.7,16.0,5.0,1.046,39.62,192.85,1.0
110.0,121.0,6.0,2.0,239.0,23.9,4.0,7.0,0.017,63.8,663.7,0.0
2.0,10.0,2.0,0.0,14.0,1.4,2.0,1.0,0.0,9.14,92.35,0.0
6.0,4.0,1.0,1.0,12.0,1.2,3.0,3.0,0.25,10.37,50.95,0.0
3.0,61.0,4.0,63.0,131.0,13.1,7.0,2.0,1.033,44.9,109.79,1.0
92.0,67.0,26.0,2.0,187.0,18.7,6.0,3.0,0.03,49.9,786.07,0.0
4.0,25.0,4.0,23.0,56.0,5.6,6.0,2.0,0.92,74.67,68.67,1.0
0.0,1.0,0.0,0.0,1.0,0.1,1.0,0.0,0.0,2.91,37.31,0.0
2.0,3.0,1.0,0.0,6.0,0.6,2.0,4.0,0.0,12.23,161.03,0.0
3.0,17.0,3.0,15.0,38.0,3.8,3.0,4.0,0.882,20.1,120.27,1.0
0.0,1.0,0.0,0.0,1.0,0.1,1.0,1.0,0.0,1.78,21.67,0.0
6.0,5.0,1.0,1.0,13.0,1.3,1.0,2.0,0.2,8.68,45.13,0.0
40.0,74.0,10.0,3.0,127.0,12.7,5.0,5.0,0.041,47.79,634.0,0.0
1.0,4.0,1.0,0.0,6.0,0.6,3.0,1.0,0.0,15.0,91.31,0.0
1.0,2.0,0.0,0.0,3.0,0.3,1.0,1.0,0.0,2.82,54.95,0.0
1.0,72.0,5.0,68.0,146.0,14.6,4.0,6.0,0.944,50.21,127.44,1.0
0.0,1.0,0.0,0.0,1.0,0.1,1.0,0.0,0.0,3.04,49.89,0.0
0.0,15.0,0.0,12.0,27.0,2.7,2.0,7.0,0.8,26.16,116.23,1.0
1.0,48.0,7.0,43.0,99.0,9.9,3.0,4.0,0.896,40.8,108.72,1.0
3.0,15.0,3.0,1.0,22.0,2.2,3.0,4.0,0.067,19.39,154.36,0.0
1.0,21.0,3.0,18.0,43.0,4.3,3.0,4.0,0.857,34.27,110.41,1.0
1.0,18.0,0.0,16.0,35.0,3.5,5.0,5.0,0.889,28.38,61.21,1.0
2.0,83.0,6.0,77.0,168.0,16.8,9.0,11.0,0.928,61.42,141.89,1.0
0.0,176.0,4.0,150.0,330.0,33.0,6.0,10.0,0.852,50.88,156.54,1.0
0.0,26.0,3.0,23.0,52.0,5.2,2.0,7.0,0.885,24.61,94.6,1.0
8.0,122.0,14.0,121.0,265.0,26.5,16.0,6.0,0.992,88.44,303.38,1.0
33.0,18.0,0.0,0.0,51.0,5.1,3.0,3.0,0.0,30.13,245.75,0.0
117.0,95.0,12.0,1.0,225.0,22.5,5.0,4.0,0.011,83.38,727.98,0.0
6.0,125.0,15.0,111.0,257.0,25.7,7.0,11.0,0.888,41.87,73.12,1.0
2.0,147.0,13.0,136.0,298.0,29.8,14.0,9.0,0.925,68.31,311.54,1.0
0.0,0.0,0.0,0.0,0.0,0.0,0.0,0.0,0.0,2.26,39.06,0.0
5.0,62.0,1.0,58.0,126.0,12.6,3.0,5.0,0.935,55.04,101.5,1.0
1.0,2.0,0.0,0.0,3.0,0.3,1.0,1.0,0.0,1.02,43.05,0.0
1.0,2.0,0.0,0.0,3.0,0.3,1.0,0.0,0.0,2.48,44.21,0.0
1.0,0.0,0.0,0.0,1.0,0.1,1.0,1.0,0.0,1.93,34.82,0.0
0.0,0.0,1.0,0.0,1.0,0.1,1.0,1.0,0.0,1.72,50.47,0.0
1.0,109.0,8.0,123.0,241.0,24.1,16.0,7.0,1.128,49.85,181.28,1.0
0.0,0.0,0.0,0.0,0.0,0.0,0.0,0.0,0.0,0.69,42.39,0.0
3.0,29.0,1.0,24.0,57.0,5.7,4.0,5.0,0.828,23.86,60.42,1.0
0.0,1.0,1.0,0.0,2.0,0.2,1.0,1.0,0.0,0.29,28.12,0.0
0.0,1.0,1.0,0.0,2.0,0.2,1.0,0.0,0.0,1.26,47.05,0.0
4.0,10.0,3.0,0.0,17.0,1.7,2.0,3.0,0.0,13.21,91.92,0.0
1.0,2.0,0.0,0.0,3.0,0.3,1.0,1.0,0.0,2.55,31.88,0.0
7.0,122.0,13.0,135.0,277.0,27.7,15.0,6.0,1.107,80.33,288.64,1.0
0.0,22.0,3.0,19.0,44.0,4.4,6.0,4.0,0.864,19.89,71.11,1.0
0.0,1.0,0.0,0.0,1.0,0.1,1.0,0.0,0.0,3.73,44.14,0.0
5.0,154.0,14.0,144.0,317.0,31.7,11.0,10.0,0.935,45.38,173.37,1.0
101.0,143.0,8.0,0.0,252.0,25.2,9.0,7.0,0.0,67.7,440.87,0.0
40.0,10.0,0.0,0.0,50.0,5.0,4.0,2.0,0.0,10.08,221.08,0.0
1.0,16.0,4.0,16.0,37.0,3.7,4.0,6.0,1.0,18.2,121.64,1.0
0.0,131.0,2.0,125.0,258.0,25.8,9.0,7.0,0.954,37.34,84.72,1.0
3.0,65.0,5.0,58.0,131.0,13.1,6.0,4.0,0.892,50.76,218.69,1.0
3.0,127.0,12.0,120.0,262.0,26.2,6.0,5.0,0.945,61.59,145.09,1.0
0.0,26.0,2.0,22.0,50.0,5.0,3.0,3.0,0.846,22.49,49.11,1.0
2.0,30.0,2.0,27.0,61.0,6.1,4.0,7.0,0.9,28.6,51.36,1.0
0.0,2.0,1.0,0.0,3.0,0.3,1.0,1.0,0.0,1.62,16.83,0.0
3.0,9.0,3.0,1.0,16.0,1.6,3.0,1.0,0.111,14.22,176.78,0.0
63.0,145.0,11.0,0.0,219.0,21.9,7.0,3.0,0.0,45.86,392.26,0.0
40.0,5.0,0.0,0.0,45.0,4.5,1.0,1.0,0.0,33.01,224.72,0.0
3.0,15.0,3.0,0.0,21.0,2.1,2.0,1.0,0.0,16.82,171.67,0.0
69.0,76.0,20.0,0.0,165.0,16.5,11.0,6.0,0.0,60.88,697.81,0.0
7.0,153.0,13.0,150.0,323.0,32.3,10.0,10.0,0.98,80.21,243.02,1.0
1.0,4.0,1.0,0.0,6.0,0.6,1.0,4.0,0.0,12.56,92.12,0.0
2.0,24.0,2.0,20.0,48.0,4.8,4.0,3.0,0.833,28.19,93.71,1.0
1.0,2.0,0.0,0.0,3.0,0.3,1.0,1.0,0.0,0.43,42.84,0.0
0.0,0.0,0.0,0.0,0.0,0.0,0.0,0.0,0.0,3.24,44.91,0.0
0.0,16.0,1.0,15.0,32.0,3.2,3.0,3.0,0.938,23.26,40.39,1.0
0.0,1.0,0.0,0.0,1.0,0.1,1.0,0.0,0.0,1.78,56.32,0.0
71.0,107.0,13.0,3.0,194.0,19.4,8.0,4.0,0.028,87.45,313.74,0.0
0.0,0.0,0.0,0.0,0.0,0.0,0.0,0.0,0.0,3.09,54.61,0.0
7.0,96.0,13.0,83.0,199.0,19.9,9.0,4.0,0.865,82.59,211.91,1.0
4.0,169.0,8.0,151.0,332.0,33.2,9.0,7.0,0.893,66.52,309.65,1.0
4.0,116.0,14.0,129.0,263.0,26.3,16.0,10.0,1.112,76.56,221.75,1.0
1.0,29.0,2.0,26.0,58.0,5.8,4.0,4.0,0.897,24.52,147.14,1.0
3.0,23.0,3.0,19.0,48.0,4.8,3.0,5.0,0.826,19.43,135.58,1.0
8.0,109.0,7.0,121.0,245.0,24.5,7.0,8.0,1.11,59.99,268.98,1.0
6.0,68.0,14.0,60.0,148.0,14.8,16.0,12.0,0.882,59.69,103.92,1.0
0.0,22.0,2.0,20.0,44.0,4.4,3.0,3.0,0.909,30.74,107.97,1.0
0.0,0.0,0.0,0.0,0.0,0.0,0.0,0.0,0.0,2.45,15.02,0.0
1.0,0.0,1.0,0.0,2.0,0.2,1.0,0.0,0.0,0.14,20.78,0.0
28.0,134.0,12.0,3.0,177.0,17.7,5.0,4.0,0.022,55.43,414.0,0.0
1.0,2.0,1.0,0.0,4.0,0.4,1.0,0.0,0.0,2.35,33.01,0.0
2.0,22.0,1.0,18.0,43.0,4.3,3.0,3.0,0.818,40.68,68.82,1.0
0.0,49.0,7.0,48.0,104.0,10.4,8.0,12.0,0.98,51.28,108.64,1.0
35.0,75.0,15.0,0.0,125.0,12.5,4.0,8.0,0.0,87.13,626.85,0.0
3.0,73.0,9.0,70.0,155.0,15.5,7.0,12.0,0.959,91.07,134.66,1.0
7.0,58.0,15.0,65.0,145.0,14.5,9.0,12.0,1.121,68.34,166.34,1.0
5.0,15.0,3.0,1.0,24.0,2.4,2.0,4.0,0.067,6.62,97.97,0.0
1.0,3.0,0.0,1.0,5.0,0.5,3.0,3.0,0.333,16.53,81.82,0.0
1.0,0.0,1.0,0.0,2.0,0.2,1.0,0.0,0.0,1.78,58.14,0.0
3.0,110.0,0.0,93.0,206.0,20.6,14.0,11.0,0.845,37.38,83.44,1.0
0.0,43.0,7.0,40.0,90.0,9.0,6.0,6.0,0.93,69.55,111.18,1.0
1.0,72.0,7.0,77.0,157.0,15.7,6.0,6.0,1.069,49.94,162.81,1.0
1.0,2.0,0.0,0.0,3.0,0.3,1.0,1.0,0.0,0.96,34.61,0.0
88.0,9.0,0.0,0.0,97.0,9.7,2.0,1.0,0.0,18.02,173.98,0.0
2.0,24.0,4.0,22.0,52.0,5.2,4.0,6.0,0.917,42.95,147.49,1.0
86.0,6.0,0.0,0.0,92.0,9.2,1.0,2.0,0.0,24.2,98.24,0.0
7.0,151.0,7.0,162.0,327.0,32.7,8.0,12.0,1.073,73.22,160.13,1.0
0.0,141.0,9.0,119.0,269.0,26.9,5.0,7.0,0.844,42.32,154.06,1.0
3.0,65.0,2.0,67.0,137.0,13.7,15.0,10.0,1.031,83.86,170.09,1.0
1.0,0.0,0.0,0.0,1.0,0.1,1.0,0.0,0.0,0.51,37.35,0.0
4.0,14.0,3.0,0.0,21.0,2.1,3.0,3.0,0.0,16.43,76.07,0.0
5.0,45.0,6.0,48.0,104.0,10.4,5.0,4.0,1.067,70.34,131.41,1.0
3.0,5.0,3.0,0.0,11.0,1.1,1.0,4.0,0.0,14.61,92.12,0.0
3.0,141.0,3.0,157.0,304.0,30.4,8.0,6.0,1.113,59.73,108.46,1.0
2.0,28.0,0.0,23.0,53.0,5.3,6.0,3.0,0.821,27.3,109.06,1.0
2.0,64.0,5.0,57.0,128.0,12.8,7.0,6.0,0.891,70.64,72.98,1.0
1.0,23.0,4.0,23.0,51.0,5.1,3.0,7.0,1.0,34.4,79.71,1.0
2.0,49.0,3.0,50.0,104.0,10.4,8.0,6.0,1.02,25.22,150.41,1.0
2.0,53.0,8.0,48.0,111.0,11.1,3.0,4.0,0.906,57.57,160.26,1.0
5.0,14.0,0.0,0.0,19.0,1.9,1.0,4.0,0.0,12.77,125.74,0.0
1.0,15.0,3.0,1.0,20.0,2.0,2.0,2.0,0.067,12.43,125.1,0.0
1.0,158.0,3.0,175.0,337.0,33.7,6.0,9.0,1.108,91.88,142.92,1.0
45.0,121.0,24.0,0.0,190.0,19.0,5.0,6.0,0.0,52.2,386.68,0.0
1.0,4.0,2.0,1.0,8.0,0.8,3.0,2.0,0.25,13.78,103.87,0.0
3.0,141.0,12.0,141.0,297.0,29.7,12.0,8.0,1.0,90.49,305.77,1.0
65.0,102.0,24.0,0.0,191.0,19.1,6.0,4.0,0.0,71.53,497.69,0.0
0.0,0.0,1.0,0.0,1.0,0.1,1.0,0.0,0.0,0.63,44.77,0.0
2.0,22.0,3.0,22.0,49.0,4.9,3.0,3.0,1.0,27.72,101.41,1.0
6.0,15.0,0.0,1.0,22.0,2.2,3.0,2.0,0.067,18.53,165.36,0.0
5.0,51.0,8.0,55.0,119.0,11.9,2.0,6.0,1.078,64.97,189.21,1.0
1.0,130.0,6.0,123.0,260.0,26.0,6.0,10.0,0.946,78.19,277.78,1.0
3.0,15.0,2.0,0.0,20.0,2.0,3.0,4.0,0.0,2.53,127.48,0.0
7.0,161.0,4.0,162.0,334.0,33.4,7.0,4.0,1.006,63.69,81.52,1.0
2.0,15.0,3.0,14.0,34.0,3.4,6.0,6.0,0.933,24.78,88.09,1.0
5.0,13.0,1.0,0.0,19.0,1.9,1.0,1.0,0.0,12.57,41.93,0.0
1.0,27.0,1.0,22.0,51.0,5.1,6.0,4.0,0.815,22.41,137.17,1.0
0.0,0.0,0.0,0.0,0.0,0.0,0.0,0.0,0.0,1.57,16.19,0.0
4.0,10.0,2.0,0.0,16.0,1.6,1.0,3.0,0.0,12.21,42.46,0.0
3.0,151.0,4.0,131.0,289.0,28.9,14.0,8.0,0.868,63.12,180.09,1.0
7.0,97.0,10.0,109.0,223.0,22.3,10.0,12.0,1.124,39.32,189.24,1.0
1.0,12.0,3.0,10.0,26.0,2.6,6.0,5.0,0.833,36.03,127.45,1.0
4.0,4.0,2.0,0.0,10.0,1.0,2.0,1.0,0.0,19.46,96.58,0.0
4.0,169.0,9.0,162.0,344.0,34.4,12.0,9.0,0.959,45.17,82.82,1.0
1.0,2.0,0.0,0.0,3.0,0.3,1.0,0.0,0.0,0.6,33.83,0.0
6.0,137.0,3.0,153.0,299.0,29.9,6.0,10.0,1.117,83.59,97.98,1.0
4.0,47.0,6.0,51.0,108.0,10.8,8.0,3.0,1.085,58.96,111.48,1.0
1.0,37.0,7.0,39.0,84.0,8.4,4.0,4.0,1.054,47.43,80.26,1.0
0.0,47.0,2.0,43.0,92.0,9.2,3.0,4.0,0.915,50.36,85.06,1.0
8.0,126.0,4.0,134.0,272.0,27.2,10.0,7.0,1.063,67.12,71.89,1.0
3.0,15.0,3.0,13.0,34.0,3.4,5.0,4.0,0.867,42.99,58.47,1.0
0.0,1.0,1.0,0.0,2.0,0.2,1.0,0.0,0.0,1.71,47.97,0.0
5.0,58.0,1.0,59.0,123.0,12.3,6.0,5.0,1.017,46.16,77.12,1.0
5.0,47.0,6.0,51.0,109.0,10.9,9.0,11.0,1.085,90.66,111.18,1.0
0.0,0.0,1.0,0.0,1.0,0.1,1.0,1.0,0.0,3.23,45.53,0.0
0.0,2.0,0.0,0.0,2.0,0.2,1.0,1.0,0.0,1.57,36.23,0.0
50.0,91.0,14.0,3.0,158.0,15.8,12.0,6.0,0.033,94.14,768.57,0.0
0.0,2.0,0.0,0.0,2.0,0.2,1.0,0.0,0.0,1.39,19.63,0.0
1.0,38.0,5.0,37.0,81.0,8.1,7.0,3.0,0.974,46.94,71.54,1.0
1.0,11.0,3.0,1.0,16.0,1.6,1.0,3.0,0.091,12.18,100.72,0.0
6.0,104.0,10.0,102.0,222.0,22.2,4.0,8.0,0.981,50.75,96.2,1.0
2.0,69.0,1.0,67.0,139.0,13.9,4.0,6.0,0.971,54.44,152.9,1.0
76.0,17.0,0.0,0.0,93.0,9.3,3.0,3.0,0.0,14.88,104.34,0.0
3.0,16.0,2.0,16.0,37.0,3.7,4.0,4.0,1.0,29.91,105.31,1.0
5.0,101.0,9.0,97.0,212.0,21.2,7.0,12.0,0.96,49.11,166.66,1.0
50.0,51.0,22.0,3.0,126.0,12.6,7.0,4.0,0.059,72.47,223.2,0.0
1.0,14.0,2.0,12.0,29.0,2.9,2.0,6.0,0.857,18.92,61.78,1.0
1.0,25.0,4.0,23.0,53.0,5.3,4.0,4.0,0.92,21.95,82.21,1.0
3.0,7.0,2.0,1.0,13.0,1.3,1.0,2.0,0.143,2.79,108.67,0.0
3.0,34.0,4.0,27.0,68.0,6.8,2.0,3.0,0.794,18.47,67.4,1.0
8.0,64.0,0.0,72.0,144.0,14.4,8.0,5.0,1.125,77.35,194.23,1.0
0.0,22.0,3.0,19.0,44.0,4.4,2.0,4.0,0.864,35.8,141.19,1.0
5.0,108.0,5.0,103.0,221.0,22.1,11.0,9.0,0.954,52.31,114.8,1.0
2.0,60.0,7.0,57.0,126.0,12.6,8.0,4.0,0.95,54.62,102.03,1.0
2.0,100.0,15.0,96.0,213.0,21.3,7.0,5.0,0.96,78.28,153.59,1.0
0.0,0.0,0.0,0.0,0.0,0.0,0.0,0.0,0.0,3.82,56.12,0.0
36.0,16.0,0.0,0.0,52.0,5.2,2.0,2.0,0.0,29.26,192.09,0.0
0.0,25.0,4.0,21.0,50.0,5.0,4.0,5.0,0.84,18.66,64.02,1.0
0.0,0.0,1.0,0.0,1.0,0.1,1.0,1.0,0.0,2.27,38.06,0.0
4.0,104.0,3.0,118.0,229.0,22.9,10.0,6.0,1.135,60.79,99.91,1.0
59.0,128.0,11.0,3.0,201.0,20.1,12.0,6.0,0.023,61.59,623.81,0.0
6.0,176.0,10.0,162.0,354.0,35.4,13.0,7.0,0.92,84.11,89.09,1.0
4.0,49.0,8.0,44.0,105.0,10.5,8.0,2.0,0.898,68.77,106.72,1.0
0.0,0.0,1.0,0.0,1.0,0.1,1.0,1.0,0.0,2.92,43.26,0.0
4.0,13.0,1.0,0.0,18.0,1.8,2.0,1.0,0.0,17.47,138.9,0.0
6.0,3.0,3.0,0.0,12.0,1.2,2.0,4.0,0.0,14.52,100.16,0.0
3.0,33.0,3.0,33.0,72.0,7.2,2.0,4.0,1.0,24.49,42.81,1.0
3.0,33.0,3.0,32.0,71.0,7.1,4.0,5.0,0.97,33.28,58.56,1.0
0.0,0.0,1.0,0.0,1.0,0.1,1.0,0.0,0.0,3.3,21.13,0.0
0.0,0.0,0.0,0.0,0.0,0.0,0.0,0.0,0.0,1.25,39.06,0.0
4.0,59.0,8.0,53.0,124.0,12.4,3.0,6.0,0.898,61.76,218.72,1.0
72.0,112.0,20.0,0.0,204.0,20.4,4.0,6.0,0.0,64.61,359.97,0.0
32.0,96.0,28.0,3.0,159.0,15.9,8.0,8.0,0.031,91.8,500.67,0.0
0.0,0.0,1.0,0.0,1.0,0.1,1.0,0.0,0.0,0.86,16.91,0.0
6.0,5.0,3.0,1.0,15.0,1.5,2.0,3.0,0.2,6.81,135.24,0.0
70.0,98.0,25.0,1.0,194.0,19.4,10.0,3.0,0.01,61.04,251.13,0.0
71.0,15.0,0.0,0.0,86.0,8.6,2.0,3.0,0.0,18.98,209.19,0.0
0.0,29.0,2.0,26.0,57.0,5.7,4.0,5.0,0.897,21.72,118.77,1.0
1.0,1.0,0.0,0.0,2.0,0.2,1.0,1.0,0.0,0.45,55.56,0.0
39.0,89.0,13.0,2.0,143.0,14.3,4.0,7.0,0.022,88.57,443.72,0.0
2.0,12.0,2.0,10.0,26.0,2.6,4.0,6.0,0.833,25.87,125.66,1.0
0.0,1.0,0.0,0.0,1.0,0.1,1.0,1.0,0.0,0.56,56.55,0.0
1.0,1.0,0.0,0.0,2.0,0.2,1.0,1.0,0.0,0.4,47.87,0.0
2.0,111.0,9.0,116.0,238.0,23.8,4.0,10.0,1.045,60.48,114.42,1.0
1.0,19.0,4.0,15.0,39.0,3.9,2.0,5.0,0.789,17.76,47.14,1.0
87.0,8.0,0.0,0.0,95.0,9.5,1.0,1.0,0.0,12.24,82.79,0.0
5.0,71.0,2.0,71.0,149.0,14.9,4.0,2.0,1.0,27.44,110.68,1.0
49.0,95.0,18.0,1.0,163.0,16.3,8.0,7.0,0.011,52.46,547.29,0.0
6.0,75.0,15.0,71.0,167.0,16.7,11.0,9.0,0.947,52.02,162.42,1.0
2.0,33.0,4.0,30.0,69.0,6.9,2.0,4.0,0.909,40.65,146.43,1.0
2.0,10.0,0.0,0.0,12.0,1.2,1.0,3.0,0.0,4.81,141.99,0.0
3.0,125.0,14.0,139.0,281.0,28.1,15.0,7.0,1.112,38.7,268.7,1.0
111.0,52.0,15.0,0.0,178.0,17.8,8.0,8.0,0.0,97.01,279.29,0.0
108.0,111.0,27.0,2.0,248.0,24.8,8.0,8.0,0.018,53.02,641.47,0.0
0.0,0.0,0.0,0.0,0.0,0.0,0.0,0.0,0.0,3.19,26.06,0.0
0.0,2.0,0.0,0.0,2.0,0.2,1.0,1.0,0.0,1.87,36.96,0.0
1.0,1.0,0.0,0.0,2.0,0.2,1.0,0.0,0.0,1.55,48.74,0.0
1.0,35.0,3.0,29.0,68.0,6.8,5.0,6.0,0.829,31.6,102.45,1.0
0.0,0.0,0.0,0.0,0.0,0.0,0.0,0.0,0.0,2.71,49.81,0.0
2.0,4.0,2.0,1.0,9.0,0.9,2.0,3.0,0.25,14.42,78.05,0.0
0.0,141.0,2.0,130.0,273.0,27.3,4.0,12.0,0.922,71.15,231.0,1.0
0.0,0.0,0.0,0.0,0.0,0.0,0.0,0.0,0.0,0.28,40.48,0.0
3.0,30.0,2.0,26.0,61.0,6.1,6.0,7.0,0.867,41.93,133.48,1.0
0.0,49.0,7.0,43.0,99.0,9.9,16.0,5.0,0.878,84.99,217.7,1.0
1.0,131.0,4.0,134.0,270.0,27.0,10.0,12.0,1.023,78.23,231.78,1.0
4.0,7.0,1.0,0.0,12.0,1.2,2.0,3.0,0.0,18.49,126.91,0.0
120.0,132.0,18.0,0.0,270.0,27.0,8.0,7.0,0.0,55.38,278.48,0.0
3.0,13.0,4.0,12.0,32.0,3.2,2.0,4.0,0.923,16.14,120.01,1.0
0.0,1.0,0.0,0.0,1.0,0.1,1.0,0.0,0.0,2.69,45.91,0.0
0.0,1.0,0.0,0.0,1.0,0.1,1.0,1.0,0.0,2.72,27.27,0.0
0.0,1.0,0.0,0.0,1.0,0.1,1.0,0.0,0.0,0.86,40.62,0.0
0.0,0.0,0.0,0.0,0.0,0.0,0.0,0.0,0.0,2.04,17.32,0.0
0.0,0.0,0.0,0.0,0.0,0.0,0.0,0.0,0.0,3.21,24.73,0.0
3.0,9.0,3.0,0.0,15.0,1.5,1.0,2.0,0.0,8.19,83.89,0.0
4.0,6.0,1.0,0.0,11.0,1.1,2.0,2.0,0.0,9.81,156.76,0.0
1.0,11.0,1.0,0.0,13.0,1.3,2.0,3.0,0.0,18.85,62.21,0.0
0.0,0.0,0.0,0.0,0.0,0.0,0.0,0.0,0.0,0.98,18.7,0.0
1.0,6.0,3.0,0.0,10.0,1.0,2.0,2.0,0.0,4.38,51.56,0.0
3.0,11.0,2.0,0.0,16.0,1.6,1.0,4.0,0.0,11.0,46.34,0.0
0.0,0.0,0.0,0.0,0.0,0.0,0.0,0.0,0.0,3.6,19.15,0.0
4.0,51.0,6.0,47.0,108.0,10.8,4.0,6.0,0.922,67.01,216.61,1.0
2.0,6.0,1.0,0.0,9.0,0.9,2.0,1.0,0.0,3.26,143.21,0.0
2.0,56.0,4.0,54.0,116.0,11.6,3.0,3.0,0.964,38.99,120.57,1.0
3.0,18.0,3.0,18.0,42.0,4.2,4.0,7.0,1.0,17.15,148.4,1.0
3.0,33.0,1.0,27.0,64.0,6.4,2.0,3.0,0.818,17.02,55.22,1.0
54.0,145.0,6.0,2.0,207.0,20.7,10.0,5.0,0.014,48.51,793.54,0.0
1.0,0.0,0.0,0.0,1.0,0.1,1.0,1.0,0.0,0.17,41.52,0.0
7.0,177.0,14.0,164.0,362.0,36.2,4.0,11.0,0.927,83.08,176.55,1.0
1.0,43.0,7.0,42.0,93.0,9.3,8.0,6.0,0.977,36.38,79.82,1.0
3.0,10.0,3.0,0.0,16.0,1.6,2.0,4.0,0.0,17.59,148.43,0.0
3.0,60.0,6.0,59.0,128.0,12.8,4.0,4.0,0.983,25.01,88.15,1.0
5.0,8.0,3.0,0.0,16.0,1.6,3.0,4.0,0.0,5.0,160.11,0.0
3.0,138.0,15.0,126.0,282.0,28.2,4.0,10.0,0.913,71.2,153.72,1.0
3.0,4.0,0.0,0.0,7.0,0.7,3.0,3.0,0.0,7.52,124.37,0.0
3.0,13.0,3.0,12.0,31.0,3.1,5.0,6.0,0.923,32.88,91.52,1.0
1.0,0.0,0.0,0.0,1.0,0.1,1.0,1.0,0.0,2.59,17.8,0.0
8.0,79.0,9.0,87.0,183.0,18.3,16.0,8.0,1.101,63.71,130.6,1.0
1.0,0.0,0.0,0.0,1.0,0.1,1.0,0.0,0.0,0.89,28.52,0.0
1.0,13.0,2.0,0.0,16.0,1.6,1.0,3.0,0.0,9.87,96.0,0.0
1.0,58.0,0.0,63.0,122.0,12.2,3.0,6.0,1.086,47.84,204.73,1.0
3.0,32.0,0.0,32.0,67.0,6.7,3.0,3.0,1.0,38.51,57.61,1.0
4.0,164.0,2.0,157.0,327.0,32.7,8.0,8.0,0.957,82.11,250.65,1.0
2.0,3.0,0.0,1.0,6.0,0.6,1.0,3.0,0.333,14.78,140.64,0.0
5.0,67.0,1.0,69.0,142.0,14.2,8.0,2.0,1.03,62.3,60.56,1.0
8.0,131.0,10.0,119.0,268.0,26.8,4.0,4.0,0.908,52.53,120.12,1.0
5.0,77.0,10.0,71.0,163.0,16.3,9.0,6.0,0.922,60.26,305.04,1.0
3.0,4.0,3.0,1.0,11.0,1.1,2.0,1.0,0.25,3.2,153.68,0.0
4.0,8.0,3.0,0.0,15.0,1.5,2.0,3.0,0.0,11.83,144.3,0.0
2.0,19.0,1.0,15.0,37.0,3.7,5.0,5.0,0.789,27.37,98.12,1.0
42.0,127.0,20.0,1.0,190.0,19.0,11.0,8.0,0.008,89.08,637.62,0.0
3.0,65.0,8.0,63.0,139.0,13.9,3.0,6.0,0.969,38.18,136.99,1.0
6.0,4.0,0.0,0.0,10.0,1.0,2.0,2.0,0.0,10.91,142.93,0.0
4.0,4.0,0.0,1.0,9.0,0.9,1.0,1.0,0.25,8.65,95.06,0.0
3.0,41.0,0.0,38.0,82.0,8.2,3.0,6.0,0.927,58.01,127.93,1.0
5.0,107.0,7.0,95.0,214.0,21.4,9.0,8.0,0.888,39.99,169.73,1.0
3.0,14.0,1.0,13.0,31.0,3.1,5.0,6.0,0.929,32.13,55.14,1.0
6.0,13.0,3.0,0.0,22.0,2.2,1.0,2.0,0.0,4.43,66.71,0.0
2.0,14.0,3.0,0.0,19.0,1.9,3.0,1.0,0.0,11.43,157.47,0.0
3.0,17.0,2.0,14.0,36.0,3.6,5.0,4.0,0.824,44.72,44.81,1.0
4.0,42.0,8.0,46.0,100.0,10.0,5.0,3.0,1.095,60.93,58.51,1.0
8.0,113.0,7.0,126.0,254.0,25.4,13.0,9.0,1.115,91.52,242.42,1.0
2.0,125.0,15.0,115.0,257.0,25.7,8.0,4.0,0.92,62.38,315.04,1.0
1.0,0.0,0.0,0.0,1.0,0.1,1.0,0.0,0.0,1.37,22.76,0.0
4.0,48.0,3.0,43.0,98.0,9.8,8.0,3.0,0.896,48.35,194.5,1.0
4.0,11.0,3.0,1.0,19.0,1.9,2.0,4.0,0.091,13.0,92.1,0.0
2.0,23.0,3.0,20.0,48.0,4.8,6.0,5.0,0.87,22.45,40.48,1.0
0.0,1.0,0.0,0.0,1.0,0.1,1.0,1.0,0.0,3.54,54.57,0.0
3.0,13.0,1.0,0.0,17.0,1.7,2.0,4.0,0.0,3.37,132.85,0.0
0.0,0.0,0.0,0.0,0.0,0.0,0.0,0.0,0.0,2.09,43.38,0.0
3.0,51.0,7.0,52.0,113.0,11.3,4.0,3.0,1.02,49.01,219.94,1.0
8.0,63.0,10.0,58.0,139.0,13.9,6.0,8.0,0.921,62.31,286.19,1.0
1.0,100.0,13.0,87.0,201.0,20.1,14.0,6.0,0.87,75.47,232.7,1.0
0.0,1.0,1.0,0.0,2.0,0.2,1.0,0.0,0.0,1.11,25.03,0.0
4.0,55.0,11.0,58.0,128.0,12.8,10.0,5.0,1.055,39.72,242.36,1.0
2.0,64.0,4.0,59.0,129.0,12.9,4.0,2.0,0.922,65.25,219.01,1.0
54.0,8.0,0.0,0.0,62.0,6.2,2.0,1.0,0.0,21.19,231.54,0.0
5.0,15.0,3.0,1.0,24.0,2.4,3.0,3.0,0.067,17.56,127.81,0.0
5.0,27.0,3.0,25.0,60.0,6.0,4.0,4.0,0.926,28.22,142.44,1.0
0.0,1.0,1.0,0.0,2.0,0.2,1.0,0.0,0.0,0.94,54.95,0.0
1.0,2.0,0.0,0.0,3.0,0.3,1.0,1.0,0.0,3.96,50.85,0.0
2.0,30.0,4.0,29.0,65.0,6.5,2.0,5.0,0.967,32.96,117.67,1.0
3.0,42.0,7.0,39.0,91.0,9.1,11.0,4.0,0.929,64.05,237.05,1.0
42.0,15.0,0.0,0.0,57.0,5.7,3.0,3.0,0.0,29.82,213.72,0.0
1.0,10.0,2.0,0.0,13.0,1.3,1.0,4.0,0.0,10.28,47.01,0.0
95.0,66.0,23.0,1.0,185.0,18.5,7.0,5.0,0.015,86.04,712.62,0.0
1.0,58.0,7.0,63.0,129.0,12.9,6.0,6.0,1.086,63.55,68.98,1.0
7.0,128.0,9.0,128.0,272.0,27.2,7.0,7.0,1.0,94.57,172.68,1.0
7.0,61.0,4.0,61.0,133.0,13.3,14.0,7.0,1.0,80.88,287.58,1.0
3.0,9.0,0.0,0.0,12.0,1.2,3.0,4.0,0.0,16.02,140.84,0.0
2.0,26.0,3.0,21.0,52.0,5.2,4.0,6.0,0.808,34.13,114.58,1.0
0.0,2.0,1.0,0.0,3.0,0.3,1.0,1.0,0.0,3.45,56.0,0.0
32.0,157.0,30.0,3.0,222.0,22.2,4.0,5.0,0.019,77.37,480.7,0.0
4.0,65.0,8.0,59.0,136.0,13.6,14.0,11.0,0.908,58.2,292.34,1.0
1.0,8.0,2.0,0.0,11.0,1.1,3.0,4.0,0.0,6.61,145.55,0.0
2.0,43.0,7.0,41.0,93.0,9.3,7.0,4.0,0.953,66.89,125.47,1.0
113.0,64.0,28.0,3.0,208.0,20.8,11.0,8.0,0.047,73.22,533.77,0.0
1.0,1.0,0.0,0.0,2.0,0.2,1.0,0.0,0.0,0.67,28.89,0.0
110.0,145.0,11.0,1.0,267.0,26.7,5.0,7.0,0.007,68.68,657.45,0.0
4.0,12.0,0.0,0.0,16.0,1.6,3.0,4.0,0.0,4.44,104.64,0.0
4.0,27.0,0.0,26.0,57.0,5.7,7.0,3.0,0.963,70.68,211.11,1.0
104.0,46.0,16.0,0.0,166.0,16.6,11.0,4.0,0.0,55.34,449.56,0.0
7.0,149.0,11.0,160.0,327.0,32.7,7.0,5.0,1.074,77.17,209.13,1.0
4.0,8.0,3.0,0.0,15.0,1.5,2.0,2.0,0.0,4.93,50.32,0.0
4.0,7.0,3.0,0.0,14.0,1.4,1.0,4.0,0.0,12.1,107.67,0.0
103.0,124.0,10.0,2.0,239.0,23.9,12.0,6.0,0.016,79.64,712.69,0.0
8.0,61.0,8.0,69.0,146.0,14.6,12.0,4.0,1.131,66.34,70.69,1.0
5.0,9.0,0.0,0.0,14.0,1.4,2.0,4.0,0.0,14.04,88.85,0.0
6.0,79.0,0.0,85.0,170.0,17.0,6.0,7.0,1.076,56.2,318.58,1.0
0.0,56.0,8.0,52.0,116.0,11.6,5.0,3.0,0.929,48.34,212.09,1.0
2.0,35.0,1.0,30.0,68.0,6.8,3.0,7.0,0.857,31.16,66.66,1.0
81.0,126.0,8.0,2.0,217.0,21.7,10.0,7.0,0.016,63.97,315.17,0.0
75.0,16.0,0.0,0.0,91.0,9.1,2.0,3.0,0.0,24.59,219.99,0.0
8.0,164.0,4.0,178.0,354.0,35.4,15.0,6.0,1.085,36.96,300.76,1.0
5.0,15.0,1.0,1.0,22.0,2.2,1.0,3.0,0.067,12.32,70.13,0.0
3.0,27.0,3.0,25.0,58.0,5.8,2.0,4.0,0.926,43.06,149.78,1.0
3.0,63.0,10.0,55.0,131.0,13.1,14.0,12.0,0.873,70.36,233.95,1.0
6.0,10.0,2.0,0.0,18.0,1.8,2.0,3.0,0.0,9.45,118.75,0.0
0.0,110.0,15.0,93.0,218.0,21.8,9.0,9.0,0.845,91.66,218.83,1.0
34.0,20.0,0.0,0.0,54.0,5.4,2.0,3.0,0.0,13.58,244.88,0.0
1.0,0.0,0.0,0.0,1.0,0.1,1.0,0.0,0.0,1.31,54.84,0.0
2.0,143.0,12.0,123.0,280.0,28.0,9.0,6.0,0.86,77.84,308.49,1.0
0.0,0.0,0.0,0.0,0.0,0.0,0.0,0.0,0.0,2.17,25.12,0.0
2.0,32.0,3.0,32.0,69.0,6.9,7.0,6.0,1.0,59.96,67.75,1.0
98.0,69.0,28.0,0.0,195.0,19.5,11.0,4.0,0.0,72.78,668.77,0.0
2.0,12.0,1.0,0.0,15.0,1.5,2.0,4.0,0.0,17.52,70.3,0.0
4.0,52.0,0.0,53.0,109.0,10.9,8.0,6.0,1.019,43.6,86.68,1.0
0.0,2.0,0.0,0.0,2.0,0.2,1.0,0.0,0.0,1.64,15.6,0.0
2.0,68.0,3.0,69.0,142.0,14.2,2.0,2.0,1.015,62.34,109.15,1.0
45.0,9.0,0.0,0.0,54.0,5.4,1.0,1.0,0.0,34.95,206.63,0.0
0.0,0.0,0.0,0.0,0.0,0.0,0.0,0.0,0.0,2.67,35.02,0.0
0.0,0.0,0.0,0.0,0.0,0.0,0.0,0.0,0.0,0.49,29.86,0.0
0.0,2.0,0.0,0.0,2.0,0.2,1.0,1.0,0.0,3.9,54.16,0.0
6.0,56.0,3.0,56.0,121.0,12.1,7.0,12.0,1.0,73.7,283.88,1.0
4.0,13.0,1.0,1.0,19.0,1.9,3.0,1.0,0.077,9.08,172.4,0.0
0.0,73.0,7.0,75.0,155.0,15.5,11.0,5.0,1.027,76.32,97.41,1.0
5.0,10.0,0.0,1.0,16.0,1.6,3.0,1.0,0.1,15.56,69.04,0.0
7.0,135.0,14.0,136.0,292.0,29.2,4.0,11.0,1.007,56.49,96.58,1.0
1.0,31.0,4.0,27.0,63.0,6.3,2.0,4.0,0.871,19.75,144.68,1.0
68.0,11.0,0.0,0.0,79.0,7.9,3.0,2.0,0.0,13.21,185.79,0.0
53.0,16.0,0.0,0.0,69.0,6.9,1.0,1.0,0.0,14.13,132.66,0.0
7.0,123.0,6.0,127.0,263.0,26.3,15.0,5.0,1.033,44.36,110.88,1.0
0.0,25.0,6.0,22.0,53.0,5.3,5.0,4.0,0.88,66.73,150.79,1.0
1.0,131.0,0.0,139.0,271.0,27.1,7.0,12.0,1.061,55.1,147.6,1.0
49.0,19.0,0.0,0.0,68.0,6.8,2.0,3.0,0.0,13.44,198.31,0.0
0.0,1.0,0.0,0.0,1.0,0.1,1.0,1.0,0.0,3.32,31.73,0.0
6.0,12.0,3.0,0.0,21.0,2.1,2.0,4.0,0.0,5.43,53.57,0.0
3.0,10.0,1.0,0.0,14.0,1.4,1.0,1.0,0.0,7.86,126.61,0.0
0.0,0.0,1.0,0.0,1.0,0.1,1.0,1.0,0.0,0.4,25.31,0.0
0.0,87.0,0.0,99.0,186.0,18.6,9.0,11.0,1.138,83.13,90.08,1.0
7.0,121.0,12.0,107.0,247.0,24.7,7.0,4.0,0.884,81.81,85.37,1.0
31.0,9.0,0.0,0.0,40.0,4.0,4.0,3.0,0.0,29.69,98.86,0.0
0.0,20.0,4.0,17.0,41.0,4.1,2.0,4.0,0.85,43.68,127.67,1.0
1.0,38.0,7.0,35.0,81.0,8.1,5.0,6.0,0.921,32.27,181.63,1.0
2.0,75.0,0.0,77.0,154.0,15.4,14.0,5.0,1.027,36.03,180.36,1.0
0.0,56.0,4.0,57.0,117.0,11.7,7.0,5.0,1.018,27.0,137.28,1.0
4.0,45.0,8.0,42.0,99.0,9.9,6.0,2.0,0.933,48.19,148.73,1.0
0.0,2.0,0.0,0.0,2.0,0.2,1.0,0.0,0.0,3.14,18.38,0.0
3.0,25.0,3.0,24.0,55.0,5.5,3.0,5.0,0.96,41.42,128.48,1.0
4.0,162.0,14.0,145.0,325.0,32.5,14.0,4.0,0.895,49.48,138.55,1.0
0.0,1.0,0.0,0.0,1.0,0.1,1.0,0.0,0.0,2.05,23.98,0.0
42.0,20.0,0.0,0.0,62.0,6.2,1.0,3.0,0.0,15.35,125.08,0.0
7.0,160.0,8.0,153.0,328.0,32.8,14.0,11.0,0.956,75.47,233.49,1.0
0.0,64.0,4.0,62.0,130.0,13.0,8.0,6.0,0.969,29.58,135.47,1.0
0.0,1.0,0.0,0.0,1.0,0.1,1.0,0.0,0.0,0.15,21.17,0.0
3.0,13.0,3.0,12.0,31.0,3.1,5.0,3.0,0.923,23.92,144.24,1.0
0.0,0.0,1.0,0.0,1.0,0.1,1.0,1.0,0.0,3.16,55.5,0.0
2.0,169.0,0.0,149.0,320.0,32.0,11.0,10.0,0.882,74.57,89.65,1.0
0.0,2.0,1.0,0.0,3.0,0.3,1.0,1.0,0.0,3.47,17.52,0.0
2.0,174.0,5.0,187.0,368.0,36.8,15.0,12.0,1.075,94.41,182.25,1.0
0.0,2.0,0.0,0.0,2.0,0.2,1.0,0.0,0.0,3.5,46.37,0.0
0.0,173.0,14.0,163.0,350.0,35.0,4.0,6.0,0.942,57.59,74.34,1.0
3.0,79.0,13.0,87.0,182.0,18.2,5.0,6.0,1.101,61.48,218.38,1.0
0.0,0.0,0.0,0.0,0.0,0.0,0.0,0.0,0.0,2.48,46.12,0.0
4.0,85.0,4.0,95.0,188.0,18.8,7.0,12.0,1.118,69.33,156.64,1.0
35.0,66.0,10.0,3.0,114.0,11.4,5.0,3.0,0.045,48.38,771.15,0.0
5.0,166.0,5.0,175.0,351.0,35.1,10.0,5.0,1.054,53.95,186.15,1.0
2.0,34.0,1.0,30.0,67.0,6.7,3.0,7.0,0.882,43.35,58.3,1.0
0.0,1.0,0.0,0.0,1.0,0.1,1.0,0.0,0.0,0.48,38.51,0.0
0.0,1.0,0.0,0.0,1.0,0.1,1.0,1.0,0.0,0.38,34.19,0.0
96.0,48.0,16.0,1.0,161.0,16.1,11.0,7.0,0.021,70.19,206.27,0.0
4.0,129.0,10.0,132.0,275.0,27.5,12.0,11.0,1.023,74.35,166.81,1.0
1.0,6.0,1.0,0.0,8.0,0.8,2.0,3.0,0.0,13.65,173.62,0.0
1.0,107.0,13.0,120.0,241.0,24.1,10.0,6.0,1.121,46.85,210.91,1.0
1.0,92.0,6.0,103.0,202.0,20.2,4.0,6.0,1.12,56.32,163.47,1.0
4.0,65.0,5.0,63.0,137.0,13.7,12.0,7.0,0.969,66.04,231.02,1.0
3.0,28.0,3.0,23.0,57.0,5.7,4.0,5.0,0.821,18.63,63.5,1.0
2.0,32.0,6.0,35.0,75.0,7.5,3.0,6.0,1.094,71.69,162.69,1.0
33.0,85.0,15.0,1.0,134.0,13.4,8.0,7.0,0.012,53.8,844.86,0.0
1.0,1.0,0.0,0.0,2.0,0.2,1.0,0.0,0.0,0.98,23.31,0.0
6.0,167.0,8.0,154.0,335.0,33.5,11.0,11.0,0.922,86.41,312.66,1.0
3.0,29.0,4.0,27.0,63.0,6.3,6.0,5.0,0.931,48.83,93.99,1.0
1.0,2.0,0.0,0.0,3.0,0.3,1.0,0.0,0.0,3.85,36.03,0.0
4.0,69.0,3.0,68.0,144.0,14.4,2.0,5.0,0.986,42.97,211.77,1.0
2.0,5.0,2.0,1.0,10.0,1.0,2.0,2.0,0.2,13.49,128.75,0.0
4.0,67.0,3.0,61.0,135.0,13.5,7.0,3.0,0.91,73.88,73.79,1.0
1.0,4.0,0.0,0.0,5.0,0.5,2.0,1.0,0.0,5.53,44.59,0.0
2.0,34.0,3.0,34.0,73.0,7.3,5.0,4.0,1.0,43.15,122.08,1.0
0.0,1.0,0.0,0.0,1.0,0.1,1.0,0.0,0.0,2.24,15.09,0.0
1.0,6.0,2.0,1.0,10.0,1.0,3.0,2.0,0.167,2.88,60.76,0.0
2.0,52.0,5.0,49.0,108.0,10.8,4.0,2.0,0.942,64.15,176.14,1.0
3.0,75.0,8.0,70.0,156.0,15.6,2.0,4.0,0.933,46.28,109.22,1.0
6.0,148.0,9.0,158.0,321.0,32.1,4.0,5.0,1.068,60.92,304.41,1.0
3.0,11.0,0.0,0.0,14.0,1.4,3.0,1.0,0.0,15.22,42.69,0.0
55.0,7.0,0.0,0.0,62.0,6.2,4.0,2.0,0.0,29.34,132.82,0.0
0.0,108.0,4.0,114.0,226.0,22.6,13.0,8.0,1.056,68.71,135.89,1.0
0.0,0.0,0.0,0.0,0.0,0.0,0.0,0.0,0.0,2.47,32.17,0.0
0.0,0.0,0.0,0.0,0.0,0.0,0.0,0.0,0.0,2.53,19.34,0.0
0.0,0.0,0.0,0.0,0.0,0.0,0.0,0.0,0.0,1.78,27.52,0.0
1.0,1.0,0.0,0.0,2.0,0.2,1.0,1.0,0.0,0.27,34.79,0.0
7.0,98.0,4.0,89.0,198.0,19.8,6.0,10.0,0.908,90.19,112.57,1.0
41.0,17.0,0.0,0.0,58.0,5.8,3.0,2.0,0.0,22.36,161.82,0.0
6.0,10.0,0.0,0.0,16.0,1.6,1.0,4.0,0.0,12.78,47.87,0.0
0.0,34.0,0.0,29.0,63.0,6.3,4.0,6.0,0.853,32.82,73.43,1.0
1.0,10.0,2.0,0.0,13.0,1.3,1.0,1.0,0.0,13.68,142.48,0.0
0.0,0.0,1.0,0.0,1.0,0.1,1.0,1.0,0.0,0.62,53.98,0.0
6.0,6.0,0.0,0.0,12.0,1.2,2.0,3.0,0.0,11.77,98.21,0.0
3.0,7.0,1.0,0.0,11.0,1.1,2.0,2.0,0.0,19.26,156.55,0.0
6.0,46.0,7.0,44.0,103.0,10.3,15.0,11.0,0.957,89.79,221.78,1.0
1.0,59.0,0.0,62.0,122.0,12.2,8.0,5.0,1.051,55.14,123.09,1.0
0.0,61.0,4.0,54.0,119.0,11.9,15.0,8.0,0.885,43.45,143.8,1.0
2.0,7.0,3.0,0.0,12.0,1.2,3.0,1.0,0.0,2.34,72.48,0.0
87.0,8.0,0.0,0.0,95.0,9.5,1.0,1.0,0.0,15.99,181.49,0.0
114.0,118.0,22.0,1.0,255.0,25.5,5.0,7.0,0.008,91.68,678.24,0.0
3.0,6.0,2.0,0.0,11.0,1.1,1.0,3.0,0.0,3.11,141.43,0.0
0.0,0.0,0.0,0.0,0.0,0.0,0.0,0.0,0.0,2.01,42.89,0.0
6.0,7.0,2.0,1.0,16.0,1.6,2.0,3.0,0.143,12.1,129.82,0.0
4.0,169.0,6.0,158.0,337.0,33.7,16.0,11.0,0.935,43.06,98.23,1.0
7.0,93.0,10.0,97.0,207.0,20.7,13.0,11.0,1.043,86.81,299.63,1.0
0.0,0.0,0.0,0.0,0.0,0.0,0.0,0.0,0.0,1.4,45.24,0.0
1.0,69.0,2.0,71.0,143.0,14.3,4.0,5.0,1.029,42.23,161.98,1.0
3.0,11.0,1.0,0.0,15.0,1.5,2.0,1.0,0.0,8.59,155.02,0.0
7.0,122.0,9.0,110.0,248.0,24.8,5.0,4.0,0.902,43.34,160.82,1.0
0.0,0.0,0.0,0.0,0.0,0.0,0.0,0.0,0.0,3.3,45.15,0.0
0.0,1.0,0.0,0.0,1.0,0.1,1.0,1.0,0.0,2.5,59.56,0.0
5.0,12.0,3.0,1.0,21.0,2.1,1.0,1.0,0.083,11.93,116.09,0.0
3.0,54.0,7.0,53.0,117.0,11.7,4.0,2.0,0.981,35.89,131.67,1.0
1.0,1.0,0.0,0.0,2.0,0.2,1.0,0.0,0.0,1.78,54.71,0.0
1.0,15.0,2.0,0.0,18.0,1.8,2.0,1.0,0.0,2.44,171.05,0.0
1.0,12.0,1.0,11.0,25.0,2.5,2.0,5.0,0.917,38.82,77.85,1.0
6.0,4.0,0.0,0.0,10.0,1.0,2.0,1.0,0.0,7.17,65.2,0.0
1.0,67.0,2.0,67.0,137.0,13.7,6.0,3.0,1.0,60.85,203.18,1.0
2.0,27.0,0.0,23.0,52.0,5.2,6.0,5.0,0.852,32.25,50.67,1.0
45.0,114.0,6.0,1.0,166.0,16.6,9.0,6.0,0.009,91.55,288.07,0.0
1.0,1.0,0.0,0.0,2.0,0.2,1.0,0.0,0.0,3.14,49.33,0.0
3.0,85.0,9.0,86.0,183.0,18.3,13.0,5.0,1.012,50.54,72.67,1.0
5.0,67.0,4.0,62.0,138.0,13.8,2.0,4.0,0.925,48.51,204.45,1.0
1.0,0.0,0.0,0.0,1.0,0.1,1.0,1.0,0.0,3.66,40.33,0.0
0.0,0.0,0.0,0.0,0.0,0.0,0.0,0.0,0.0,1.71,52.59,0.0
1.0,7.0,0.0,0.0,8.0,0.8,2.0,3.0,0.0,11.4,126.11,0.0
108.0,122.0,30.0,3.0,263.0,26.3,7.0,4.0,0.025,58.73,389.13,0.0
0.0,1.0,0.0,0.0,1.0,0.1,1.0,1.0,0.0,3.47,15.56,0.0
1.0,25.0,3.0,26.0,55.0,5.5,2.0,6.0,1.04,31.44,129.56,1.0
32.0,96.0,29.0,2.0,159.0,15.9,10.0,5.0,0.021,93.11,597.62,0.0
73.0,11.0,0.0,0.0,84.0,8.4,3.0,2.0,0.0,13.79,218.36,0.0
8.0,180.0,2.0,184.0,374.0,37.4,14.0,5.0,1.022,54.77,142.08,1.0
3.0,50.0,5.0,51.0,109.0,10.9,7.0,5.0,1.02,51.29,173.95,1.0
3.0,35.0,4.0,30.0,72.0,7.2,3.0,5.0,0.857,36.79,85.01,1.0
0.0,2.0,0.0,0.0,2.0,0.2,1.0,0.0,0.0,0.21,24.52,0.0
1.0,14.0,4.0,12.0,31.0,3.1,5.0,3.0,0.857,18.14,76.84,1.0
1.0,11.0,0.0,0.0,12.0,1.2,2.0,3.0,0.0,3.1,58.99,0.0
3.0,66.0,1.0,68.0,138.0,13.8,3.0,6.0,1.03,31.61,119.66,1.0
1.0,5.0,0.0,1.0,7.0,0.7,3.0,3.0,0.2,7.96,52.28,0.0
6.0,154.0,10.0,139.0,309.0,30.9,5.0,12.0,0.903,89.68,142.01,1.0
3.0,26.0,8.0,24.0,61.0,6.1,6.0,6.0,0.923,59.46,164.91,1.0
1.0,62.0,6.0,67.0,136.0,13.6,6.0,5.0,1.081,69.98,147.36,1.0
8.0,64.0,5.0,60.0,137.0,13.7,11.0,4.0,0.938,37.98,101.82,1.0
4.0,117.0,15.0,107.0,243.0,24.3,9.0,12.0,0.915,77.06,273.43,1.0
2.0,15.0,4.0,12.0,33.0,3.3,6.0,5.0,0.8,40.48,73.35,1.0
1.0,10.0,2.0,0.0,13.0,1.3,1.0,2.0,0.0,14.61,76.84,0.0
7.0,177.0,8.0,191.0,383.0,38.3,8.0,6.0,1.079,37.02,148.65,1.0
115.0,59.0,18.0,1.0,193.0,19.3,12.0,8.0,0.017,59.31,725.33,0.0
8.0,160.0,2.0,144.0,314.0,31.4,16.0,9.0,0.9,71.7,96.2,1.0
4.0,128.0,11.0,110.0,253.0,25.3,4.0,7.0,0.859,79.25,131.69,1.0
0.0,102.0,3.0,95.0,200.0,20.0,12.0,8.0,0.931,44.58,70.73,1.0
63.0,152.0,12.0,0.0,227.0,22.7,8.0,5.0,0.0,73.74,794.02,0.0
0.0,1.0,0.0,0.0,1.0,0.1,1.0,1.0,0.0,1.01,34.72,0.0
0.0,0.0,0.0,0.0,0.0,0.0,0.0,0.0,0.0,2.17,50.18,0.0
40.0,157.0,24.0,1.0,222.0,22.2,7.0,4.0,0.006,80.54,219.02,0.0
0.0,17.0,3.0,15.0,35.0,3.5,2.0,4.0,0.882,44.55,142.93,1.0
0.0,0.0,0.0,0.0,0.0,0.0,0.0,0.0,0.0,3.57,39.3,0.0
62.0,47.0,16.0,0.0,125.0,12.5,4.0,8.0,0.0,74.68,836.15,0.0
1.0,7.0,1.0,1.0,10.0,1.0,2.0,2.0,0.143,16.33,55.79,0.0
4.0,78.0,5.0,85.0,172.0,17.2,4.0,10.0,1.09,88.31,187.2,1.0
5.0,73.0,1.0,76.0,155.0,15.5,8.0,2.0,1.041,61.63,151.98,1.0
4.0,70.0,12.0,66.0,152.0,15.2,8.0,7.0,0.943,92.96,218.98,1.0
1.0,0.0,0.0,0.0,1.0,0.1,1.0,1.0,0.0,1.56,56.99,0.0
8.0,52.0,7.0,57.0,124.0,12.4,15.0,7.0,1.096,87.13,206.12,1.0
49.0,11.0,0.0,0.0,60.0,6.0,3.0,2.0,0.0,27.26,150.7,0.0
5.0,134.0,10.0,126.0,275.0,27.5,4.0,6.0,0.94,93.17,123.06,1.0
4.0,46.0,4.0,48.0,102.0,10.2,7.0,5.0,1.043,62.04,194.61,1.0
0.0,0.0,0.0,0.0,0.0,0.0,0.0,0.0,0.0,3.19,18.87,0.0
0.0,140.0,4.0,134.0,278.0,27.8,12.0,9.0,0.957,93.83,219.32,1.0
2.0,31.0,8.0,32.0,73.0,7.3,6.0,2.0,1.032,44.13,112.75,1.0
3.0,18.0,4.0,16.0,41.0,4.1,3.0,7.0,0.889,31.53,40.26,1.0
4.0,151.0,2.0,157.0,314.0,31.4,5.0,7.0,1.04,55.86,283.51,1.0
5.0,13.0,3.0,0.0,21.0,2.1,3.0,1.0,0.0,12.63,151.1,0.0
1.0,1.0,0.0,0.0,2.0,0.2,1.0,0.0,0.0,0.71,30.74,0.0
6.0,5.0,0.0,0.0,11.0,1.1,2.0,4.0,0.0,5.16,58.5,0.0
93.0,50.0,29.0,3.0,175.0,17.5,6.0,3.0,0.06,88.08,797.8,0.0
6.0,130.0,12.0,116.0,264.0,26.4,8.0,6.0,0.892,60.86,286.45,1.0
2.0,74.0,9.0,76.0,161.0,16.1,6.0,12.0,1.027,59.53,153.03,1.0
3.0,30.0,2.0,28.0,63.0,6.3,2.0,3.0,0.933,31.43,115.11,1.0
2.0,26.0,1.0,27.0,56.0,5.6,6.0,3.0,1.038,30.97,59.38,1.0
3.0,32.0,4.0,25.0,64.0,6.4,6.0,7.0,0.781,35.47,115.87,1.0
1.0,20.0,0.0,16.0,37.0,3.7,5.0,4.0,0.8,20.54,65.82,1.0
32.0,101.0,30.0,0.0,163.0,16.3,6.0,3.0,0.0,58.44,482.49,0.0
85.0,54.0,13.0,3.0,155.0,15.5,4.0,7.0,0.056,53.25,505.48,0.0
4.0,10.0,1.0,0.0,15.0,1.5,2.0,2.0,0.0,5.32,159.72,0.0
5.0,157.0,1.0,170.0,333.0,33.3,4.0,11.0,1.083,60.95,90.08,1.0
1.0,2.0,0.0,0.0,3.0,0.3,1.0,1.0,0.0,1.64,45.89,0.0
2.0,108.0,12.0,114.0,236.0,23.6,4.0,11.0,1.056,54.42,212.1,1.0
0.0,2.0,0.0,0.0,2.0,0.2,1.0,1.0,0.0,3.97,55.88,0.0
112.0,90.0,9.0,1.0,212.0,21.2,8.0,3.0,0.011,75.45,623.7,0.0
0.0,1.0,1.0,0.0,2.0,0.2,1.0,1.0,0.0,1.27,58.68,0.0
33.0,13.0,0.0,0.0,46.0,4.6,4.0,2.0,0.0,10.47,145.04,0.0
0.0,47.0,0.0,50.0,97.0,9.7,5.0,4.0,1.064,62.64,174.45,1.0
7.0,107.0,1.0,121.0,236.0,23.6,7.0,5.0,1.131,69.26,317.07,1.0
5.0,78.0,12.0,78.0,173.0,17.3,6.0,12.0,1.0,48.85,104.95,1.0
97.0,126.0,20.0,3.0,246.0,24.6,11.0,7.0,0.024,90.28,529.35,0.0
5.0,57.0,3.0,53.0,118.0,11.8,7.0,5.0,0.93,68.8,131.89,1.0
0.0,69.0,7.0,70.0,146.0,14.6,3.0,2.0,1.014,49.27,211.72,1.0
61.0,86.0,7.0,2.0,156.0,15.6,11.0,6.0,0.023,73.86,442.62,0.0
7.0,125.0,10.0,126.0,268.0,26.8,4.0,7.0,1.008,74.94,72.27,1.0
0.0,2.0,0.0,0.0,2.0,0.2,1.0,1.0,0.0,2.43,16.85,0.0
1.0,15.0,3.0,1.0,20.0,2.0,2.0,3.0,0.067,13.38,102.32,0.0
0.0,62.0,0.0,66.0,128.0,12.8,4.0,2.0,1.065,67.23,199.8,1.0
69.0,15.0,0.0,0.0,84.0,8.4,2.0,3.0,0.0,23.49,241.55,0.0
105.0,122.0,5.0,1.0,233.0,23.3,8.0,3.0,0.008,58.23,281.05,0.0
4.0,5.0,0.0,0.0,9.0,0.9,2.0,1.0,0.0,12.16,41.54,0.0
86.0,7.0,0.0,0.0,93.0,9.3,4.0,1.0,0.0,19.64,139.08,0.0
0.0,0.0,0.0,0.0,0.0,0.0,0.0,0.0,0.0,0.8,47.04,0.0
1.0,96.0,2.0,107.0,206.0,20.6,8.0,6.0,1.115,71.38,118.14,1.0
43.0,17.0,0.0,0.0,60.0,6.0,4.0,2.0,0.0,27.29,140.88,0.0
3.0,113.0,8.0,115.0,239.0,23.9,14.0,6.0,1.018,62.19,289.69,1.0
0.0,157.0,11.0,147.0,315.0,31.5,12.0,8.0,0.936,71.92,167.75,1.0
0.0,0.0,1.0,0.0,1.0,0.1,1.0,1.0,0.0,3.56,33.62,0.0
0.0,39.0,4.0,38.0,81.0,8.1,8.0,2.0,0.974,34.92,199.14,1.0
4.0,8.0,2.0,0.0,14.0,1.4,3.0,3.0,0.0,6.6,144.67,0.0
3.0,52.0,3.0,54.0,112.0,11.2,8.0,3.0,1.038,64.89,128.06,1.0
0.0,0.0,0.0,0.0,0.0,0.0,0.0,0.0,0.0,2.1,34.79,0.0
0.0,2.0,0.0,0.0,2.0,0.2,1.0,1.0,0.0,3.42,37.64,0.0
2.0,103.0,13.0,101.0,219.0,21.9,9.0,11.0,0.981,66.75,94.92,1.0
1.0,105.0,0.0,109.0,215.0,21.5,13.0,6.0,1.038,46.04,291.83,1.0
0.0,1.0,0.0,0.0,1.0,0.1,1.0,1.0,0.0,1.08,48.53,0.0
46.0,13.0,0.0,0.0,59.0,5.9,1.0,3.0,0.0,31.12,224.4,0.0
5.0,13.0,2.0,0.0,20.0,2.0,1.0,1.0,0.0,5.24,85.18,0.0
0.0,2.0,0.0,0.0,2.0,0.2,1.0,0.0,0.0,3.48,32.18,0.0
6.0,3.0,1.0,1.0,11.0,1.1,3.0,4.0,0.333,5.73,84.01,0.0
2.0,8.0,0.0,1.0,11.0,1.1,1.0,4.0,0.125,3.95,147.02,0.0
3.0,41.0,1.0,44.0,89.0,8.9,2.0,5.0,1.073,27.41,116.89,1.0
0.0,28.0,3.0,24.0,55.0,5.5,3.0,3.0,0.857,37.48,80.17,1.0
4.0,8.0,0.0,0.0,12.0,1.2,2.0,3.0,0.0,15.51,109.38,0.0
0.0,1.0,0.0,0.0,1.0,0.1,1.0,0.0,0.0,0.71,48.95,0.0
5.0,11.0,0.0,1.0,17.0,1.7,2.0,2.0,0.091,14.49,179.6,0.0
3.0,167.0,2.0,186.0,358.0,35.8,5.0,8.0,1.114,71.38,308.49,1.0
5.0,47.0,8.0,48.0,108.0,10.8,5.0,4.0,1.021,28.41,161.07,1.0
3.0,64.0,2.0,59.0,128.0,12.8,7.0,5.0,0.922,36.33,171.72,1.0
2.0,21.0,0.0,18.0,41.0,4.1,6.0,3.0,0.857,34.71,43.17,1.0
2.0,61.0,7.0,60.0,130.0,13.0,3.0,3.0,0.984,74.2,190.44,1.0
3.0,25.0,8.0,24.0,60.0,6.0,5.0,4.0,0.96,47.15,122.53,1.0
4.0,47.0,0.0,50.0,101.0,10.1,13.0,5.0,1.064,60.14,158.58,1.0
2.0,8.0,1.0,0.0,11.0,1.1,3.0,4.0,0.0,19.3,117.72,0.0
5.0,70.0,5.0,72.0,152.0,15.2,10.0,8.0,1.029,42.57,214.22,1.0
5.0,39.0,0.0,39.0,83.0,8.3,8.0,5.0,1.0,34.66,154.39,1.0
8.0,62.0,2.0,60.0,132.0,13.2,6.0,12.0,0.968,65.64,130.84,1.0
1.0,50.0,8.0,45.0,104.0,10.4,6.0,5.0,0.9,42.16,107.79,1.0
3.0,45.0,0.0,49.0,97.0,9.7,7.0,2.0,1.089,55.0,177.5,1.0
59.0,19.0,0.0,0.0,78.0,7.8,1.0,3.0,0.0,22.52,110.56,0.0
83.0,147.0,6.0,0.0,236.0,23.6,4.0,5.0,0.0,88.98,622.42,0.0
0.0,147.0,13.0,132.0,292.0,29.2,12.0,6.0,0.898,52.25,110.99,1.0
0.0,1.0,0.0,0.0,1.0,0.1,1.0,1.0,0.0,1.95,46.66,0.0
67.0,6.0,0.0,0.0,73.0,7.3,2.0,1.0,0.0,32.37,156.85,0.0
3.0,9.0,0.0,0.0,12.0,1.2,2.0,2.0,0.0,6.78,50.62,0.0
6.0,160.0,3.0,140.0,309.0,30.9,14.0,11.0,0.875,41.5,161.19,1.0
0.0,1.0,0.0,0.0,1.0,0.1,1.0,0.0,0.0,3.34,53.72,0.0
5.0,6.0,0.0,1.0,12.0,1.2,2.0,4.0,0.167,5.11,155.6,0.0
3.0,73.0,7.0,78.0,161.0,16.1,2.0,3.0,1.068,29.76,186.8,1.0
79.0,12.0,0.0,0.0,91.0,9.1,3.0,3.0,0.0,20.0,198.44,0.0
0.0,0.0,0.0,0.0,0.0,0.0,0.0,0.0,0.0,0.19,56.52,0.0
3.0,67.0,7.0,67.0,144.0,14.4,8.0,5.0,1.0,34.77,173.47,1.0
8.0,160.0,6.0,167.0,341.0,34.1,10.0,11.0,1.044,61.07,187.26,1.0
8.0,157.0,9.0,165.0,339.0,33.9,4.0,11.0,1.051,54.76,148.86,1.0
7.0,152.0,9.0,159.0,327.0,32.7,12.0,10.0,1.046,62.62,222.42,1.0
2.0,65.0,8.0,74.0,149.0,14.9,11.0,10.0,1.138,51.48,71.71,1.0
0.0,0.0,1.0,0.0,1.0,0.1,1.0,0.0,0.0,2.95,19.61,0.0
6.0,14.0,1.0,0.0,21.0,2.1,3.0,1.0,0.0,9.31,126.94,0.0
6.0,82.0,13.0,88.0,189.0,18.9,7.0,11.0,1.073,70.63,232.8,1.0
0.0,2.0,1.0,0.0,3.0,0.3,1.0,1.0,0.0,2.88,41.89,0.0
0.0,0.0,0.0,0.0,0.0,0.0,0.0,0.0,0.0,0.81,44.14,0.0
72.0,86.0,15.0,0.0,173.0,17.3,10.0,3.0,0.0,79.22,289.75,0.0
0.0,13.0,4.0,13.0,30.0,3.0,3.0,7.0,1.0,41.48,41.32,1.0
3.0,35.0,7.0,32.0,77.0,7.7,5.0,2.0,0.914,66.03,208.33,1.0
2.0,12.0,1.0,10.0,25.0,2.5,6.0,7.0,0.833,40.91,123.2,1.0
3.0,6.0,2.0,0.0,11.0,1.1,2.0,1.0,0.0,8.07,45.11,0.0
6.0,14.0,3.0,0.0,23.0,2.3,3.0,2.0,0.0,3.79,48.89,0.0
1.0,36.0,3.0,38.0,78.0,7.8,4.0,6.0,1.056,43.52,89.1,1.0
0.0,0.0,0.0,0.0,0.0,0.0,0.0,0.0,0.0,3.05,20.22,0.0
2.0,32.0,2.0,27.0,63.0,6.3,2.0,3.0,0.844,43.54,112.38,1.0
3.0,13.0,2.0,12.0,30.0,3.0,4.0,5.0,0.923,43.09,70.51,1.0
35.0,8.0,0.0,0.0,43.0,4.3,4.0,2.0,0.0,19.13,112.38,0.0
0.0,0.0,1.0,0.0,1.0,0.1,1.0,1.0,0.0,3.49,43.54,0.0
88.0,139.0,11.0,0.0,238.0,23.8,12.0,4.0,0.0,69.57,201.64,0.0
3.0,126.0,1.0,142.0,272.0,27.2,4.0,5.0,1.127,63.47,199.73,1.0
88.0,46.0,8.0,3.0,145.0,14.5,7.0,8.0,0.065,96.14,765.3,0.0
0.0,33.0,4.0,27.0,64.0,6.4,2.0,5.0,0.818,37.15,100.19,1.0
6.0,56.0,15.0,51.0,128.0,12.8,8.0,12.0,0.911,92.82,193.94,1.0
0.0,2.0,1.0,0.0,3.0,0.3,1.0,1.0,0.0,0.18,35.23,0.0
5.0,85.0,6.0,88.0,184.0,18.4,14.0,7.0,1.035,76.49,80.27,1.0
117.0,40.0,6.0,3.0,166.0,16.6,11.0,8.0,0.075,67.24,308.12,0.0
43.0,60.0,10.0,1.0,114.0,11.4,8.0,4.0,0.017,51.07,636.14,0.0
1.0,14.0,3.0,0.0,18.0,1.8,1.0,2.0,0.0,3.25,174.82,0.0
0.0,2.0,1.0,0.0,3.0,0.3,1.0,1.0,0.0,0.12,56.14,0.0
2.0,14.0,4.0,12.0,32.0,3.2,6.0,3.0,0.857,38.37,50.84,1.0
6.0,12.0,1.0,0.0,19.0,1.9,1.0,2.0,0.0,7.55,54.13,0.0
6.0,7.0,1.0,0.0,14.0,1.4,2.0,1.0,0.0,5.0,86.5,0.0
3.0,3.0,2.0,1.0,9.0,0.9,1.0,4.0,0.333,14.72,65.63,0.0
3.0,20.0,1.0,18.0,42.0,4.2,6.0,6.0,0.9,41.8,148.13,1.0
0.0,23.0,0.0,22.0,45.0,4.5,6.0,3.0,0.957,20.89,78.87,1.0
3.0,91.0,7.0,97.0,198.0,19.8,9.0,10.0,1.066,85.7,297.39,1.0
0.0,1.0,0.0,0.0,1.0,0.1,1.0,0.0,0.0,3.29,55.04,0.0
6.0,11.0,2.0,0.0,19.0,1.9,3.0,4.0,0.0,6.88,75.2,0.0
0.0,0.0,0.0,0.0,0.0,0.0,0.0,0.0,0.0,0.43,47.4,0.0
0.0,0.0,1.0,0.0,1.0,0.1,1.0,0.0,0.0,3.11,43.42,0.0
0.0,0.0,0.0,0.0,0.0,0.0,0.0,0.0,0.0,1.85,33.38,0.0
60.0,97.0,10.0,1.0,168.0,16.8,7.0,3.0,0.01,83.2,722.66,0.0
2.0,44.0,12.0,44.0,102.0,10.2,15.0,8.0,1.0,69.43,99.46,1.0
4.0,14.0,1.0,0.0,19.0,1.9,2.0,2.0,0.0,10.89,144.97,0.0
3.0,30.0,0.0,28.0,61.0,6.1,4.0,5.0,0.933,40.26,129.01,1.0
0.0,2.0,0.0,0.0,2.0,0.2,1.0,1.0,0.0,2.68,56.65,0.0
1.0,2.0,1.0,0.0,4.0,0.4,1.0,0.0,0.0,1.71,53.16,0.0
2.0,153.0,13.0,164.0,332.0,33.2,12.0,5.0,1.072,69.25,286.95,1.0
3.0,35.0,1.0,36.0,75.0,7.5,5.0,6.0,1.029,40.01,109.27,1.0
5.0,43.0,7.0,45.0,100.0,10.0,4.0,6.0,1.047,29.04,65.35,1.0
88.0,136.0,18.0,3.0,245.0,24.5,7.0,8.0,0.022,68.33,614.42,0.0
117.0,138.0,6.0,2.0,263.0,26.3,10.0,8.0,0.014,94.15,609.02,0.0
7.0,159.0,12.0,163.0,341.0,34.1,16.0,7.0,1.025,41.28,248.83,1.0
1.0,91.0,13.0,102.0,207.0,20.7,11.0,9.0,1.121,85.95,85.88,1.0
5.0,72.0,1.0,73.0,151.0,15.1,4.0,3.0,1.014,27.82,96.61,1.0
1.0,2.0,0.0,0.0,3.0,0.3,1.0,0.0,0.0,3.31,31.82,0.0
6.0,8.0,0.0,1.0,15.0,1.5,2.0,1.0,0.125,15.84,133.65,0.0
4.0,9.0,1.0,0.0,14.0,1.4,2.0,1.0,0.0,5.92,128.6,0.0
6.0,6.0,3.0,1.0,16.0,1.6,2.0,4.0,0.167,6.21,73.48,0.0
4.0,135.0,10.0,134.0,283.0,28.3,6.0,4.0,0.993,83.23,80.09,1.0
3.0,63.0,6.0,59.0,131.0,13.1,6.0,4.0,0.937,63.76,155.7,1.0
1.0,20.0,4.0,19.0,44.0,4.4,2.0,4.0,0.95,28.33,70.61,1.0
2.0,25.0,2.0,24.0,53.0,5.3,6.0,7.0,0.96,28.94,109.26,1.0
1.0,116.0,15.0,132.0,264.0,26.4,5.0,4.0,1.138,86.5,124.41,1.0
0.0,1.0,0.0,0.0,1.0,0.1,1.0,0.0,0.0,1.9,19.82,0.0
6.0,13.0,2.0,0.0,21.0,2.1,3.0,2.0,0.0,4.22,40.7,0.0
0.0,1.0,1.0,0.0,2.0,0.2,1.0,0.0,0.0,0.98,21.19,0.0
1.0,164.0,6.0,185.0,356.0,35.6,10.0,11.0,1.128,85.95,162.13,1.0
3.0,31.0,2.0,28.0,64.0,6.4,5.0,5.0,0.903,33.4,115.26,1.0
5.0,53.0,7.0,48.0,113.0,11.3,8.0,4.0,0.906,29.62,201.53,1.0
1.0,17.0,4.0,16.0,38.0,3.8,3.0,3.0,0.941,17.46,148.87,1.0
42.0,90.0,11.0,3.0,146.0,14.6,8.0,7.0,0.033,81.95,398.03,0.0
0.0,74.0,15.0,81.0,170.0,17.0,4.0,10.0,1.095,58.28,260.11,1.0
28.0,42.0,23.0,3.0,96.0,9.6,6.0,5.0,0.071,73.18,543.28,0.0
0.0,2.0,0.0,0.0,2.0,0.2,1.0,0.0,0.0,3.49,52.52,0.0
2.0,137.0,0.0,118.0,257.0,25.7,5.0,8.0,0.861,67.18,175.9,1.0
4.0,152.0,14.0,158.0,328.0,32.8,11.0,8.0,1.039,70.29,179.54,1.0
0.0,1.0,1.0,0.0,2.0,0.2,1.0,1.0,0.0,3.61,26.56,0.0
5.0,4.0,3.0,1.0,13.0,1.3,1.0,3.0,0.25,2.8,101.05,0.0
65.0,64.0,22.0,0.0,151.0,15.1,4.0,4.0,0.0,52.25,444.54,0.0
0.0,0.0,1.0,0.0,1.0,0.1,1.0,1.0,0.0,0.13,53.93,0.0
5.0,11.0,0.0,1.0,17.0,1.7,1.0,1.0,0.091,3.54,41.21,0.0
3.0,124.0,4.0,131.0,262.0,26.2,16.0,11.0,1.056,63.48,230.77,1.0
2.0,147.0,2.0,158.0,309.0,30.9,9.0,5.0,1.075,37.46,104.49,1.0
0.0,2.0,1.0,0.0,3.0,0.3,1.0,1.0,0.0,0.35,26.86,0.0
4.0,13.0,3.0,0.0,20.0,2.0,1.0,4.0,0.0,2.21,114.12,0.0
0.0,50.0,2.0,47.0,99.0,9.9,6.0,3.0,0.94,64.27,90.38,1.0
2.0,123.0,5.0,125.0,255.0,25.5,8.0,6.0,1.016,42.58,140.19,1.0
0.0,0.0,0.0,0.0,0.0,0.0,0.0,0.0,0.0,3.34,16.39,0.0
6.0,4.0,2.0,0.0,12.0,1.2,1.0,3.0,0.0,12.08,133.85,0.0
58.0,5.0,0.0,0.0,63.0,6.3,4.0,3.0,0.0,13.85,137.82,0.0
4.0,4.0,2.0,0.0,10.0,1.0,3.0,4.0,0.0,2.73,177.39,0.0
4.0,65.0,11.0,56.0,136.0,13.6,10.0,4.0,0.862,56.07,221.91,1.0
3.0,13.0,3.0,0.0,19.0,1.9,2.0,4.0,0.0,17.24,128.91,0.0
4.0,3.0,3.0,0.0,10.0,1.0,2.0,3.0,0.0,5.46,79.23,0.0
4.0,12.0,2.0,0.0,18.0,1.8,2.0,3.0,0.0,16.44,75.75,0.0
2.0,75.0,0.0,82.0,159.0,15.9,2.0,3.0,1.093,65.7,140.53,1.0
0.0,23.0,4.0,22.0,49.0,4.9,6.0,3.0,0.957,43.04,92.82,1.0
3.0,48.0,10.0,51.0,112.0,11.2,11.0,10.0,1.062,77.78,233.08,1.0
2.0,15.0,1.0,15.0,33.0,3.3,5.0,5.0,1.0,17.99,63.87,1.0
3.0,98.0,14.0,98.0,213.0,21.3,12.0,6.0,1.0,58.66,268.09,1.0
0.0,21.0,2.0,19.0,42.0,4.2,6.0,3.0,0.905,24.86,106.53,1.0
4.0,5.0,3.0,1.0,13.0,1.3,2.0,4.0,0.2,16.11,97.95,0.0
0.0,1.0,0.0,0.0,1.0,0.1,1.0,1.0,0.0,1.07,18.78,0.0
4.0,15.0,0.0,0.0,19.0,1.9,2.0,2.0,0.0,18.7,101.34,0.0
4.0,44.0,8.0,42.0,98.0,9.8,14.0,7.0,0.955,73.32,146.48,1.0
8.0,139.0,2.0,134.0,283.0,28.3,5.0,12.0,0.964,45.92,104.78,1.0
1.0,15.0,3.0,1.0,20.0,2.0,3.0,1.0,0.067,7.23,49.43,0.0
3.0,86.0,11.0,89.0,189.0,18.9,11.0,7.0,1.035,39.74,223.55,1.0
0.0,96.0,15.0,100.0,211.0,21.1,13.0,6.0,1.042,83.11,256.44,1.0
0.0,164.0,0.0,185.0,349.0,34.9,7.0,8.0,1.128,56.39,201.97,1.0
8.0,97.0,11.0,97.0,213.0,21.3,9.0,8.0,1.0,55.53,90.06,1.0
2.0,12.0,4.0,12.0,30.0,3.0,3.0,6.0,1.0,17.98,68.41,1.0
4.0,75.0,1.0,68.0,148.0,14.8,8.0,2.0,0.907,65.73,186.72,1.0
6.0,118.0,10.0,127.0,261.0,26.1,6.0,10.0,1.076,75.42,298.64,1.0
3.0,43.0,5.0,36.0,87.0,8.7,8.0,5.0,0.837,67.78,104.71,1.0
8.0,142.0,13.0,149.0,312.0,31.2,10.0,11.0,1.049,70.34,222.82,1.0
3.0,3.0,1.0,0.0,7.0,0.7,1.0,2.0,0.0,19.39,60.53,0.0
111.0,155.0,20.0,1.0,287.0,28.7,4.0,7.0,0.006,46.01,574.66,0.0
3.0,60.0,2.0,59.0,124.0,12.4,6.0,8.0,0.983,47.7,230.18,1.0
5.0,121.0,13.0,136.0,275.0,27.5,14.0,9.0,1.124,62.76,299.13,1.0
54.0,134.0,6.0,1.0,195.0,19.5,7.0,4.0,0.007,55.48,391.75,0.0
0.0,2.0,1.0,0.0,3.0,0.3,1.0,0.0,0.0,3.52,26.06,0.0
0.0,1.0,1.0,0.0,2.0,0.2,1.0,0.0,0.0,3.31,33.03,0.0
87.0,105.0,8.0,0.0,200.0,20.0,7.0,8.0,0.0,68.58,576.85,0.0
0.0,38.0,6.0,37.0,81.0,8.1,6.0,3.0,0.974,30.69,57.14,1.0
3.0,17.0,0.0,15.0,35.0,3.5,2.0,3.0,0.882,17.71,41.4,1.0
77.0,97.0,6.0,3.0,183.0,18.3,12.0,7.0,0.031,91.74,524.88,0.0
0.0,0.0,0.0,0.0,0.0,0.0,0.0,0.0,0.0,2.88,43.84,0.0
2.0,28.0,3.0,29.0,62.0,6.2,4.0,4.0,1.036,21.64,51.13,1.0
0.0,17.0,0.0,13.0,30.0,3.0,4.0,4.0,0.765,32.11,140.15,1.0
5.0,4.0,0.0,0.0,9.0,0.9,1.0,4.0,0.0,16.37,43.24,0.0
103.0,87.0,15.0,0.0,205.0,20.5,5.0,6.0,0.0,85.89,830.03,0.0
0.0,1.0,0.0,0.0,1.0,0.1,1.0,1.0,0.0,1.88,31.01,0.0
4.0,60.0,3.0,68.0,135.0,13.5,12.0,7.0,1.133,54.41,79.54,1.0
0.0,37.0,6.0,37.0,80.0,8.0,4.0,6.0,1.0,25.28,210.87,1.0
0.0,56.0,9.0,57.0,122.0,12.2,6.0,12.0,1.018,63.2,277.4,1.0
3.0,31.0,3.0,29.0,66.0,6.6,7.0,5.0,0.935,41.82,134.41,1.0
118.0,153.0,8.0,0.0,279.0,27.9,9.0,6.0,0.0,59.41,241.52,0.0
3.0,12.0,2.0,0.0,17.0,1.7,2.0,3.0,0.0,4.84,68.87,0.0
0.0,2.0,0.0,0.0,2.0,0.2,1.0,0.0,0.0,1.69,32.81,0.0
1.0,0.0,0.0,0.0,1.0,0.1,1.0,0.0,0.0,1.79,56.96,0.0
1.0,2.0,0.0,0.0,3.0,0.3,1.0,0.0,0.0,1.89,51.06,0.0
5.0,10.0,0.0,1.0,16.0,1.6,2.0,3.0,0.1,3.14,91.16,0.0
2.0,9.0,2.0,0.0,13.0,1.3,1.0,3.0,0.0,19.92,42.44,0.0
1.0,26.0,4.0,26.0,57.0,5.7,4.0,4.0,1.0,26.97,46.74,1.0
4.0,38.0,5.0,34.0,81.0,8.1,2.0,6.0,0.895,50.23,110.09,1.0
0.0,1.0,0.0,0.0,1.0,0.1,1.0,0.0,0.0,0.67,17.08,0.0
0.0,60.0,4.0,59.0,123.0,12.3,7.0,2.0,0.983,74.55,213.02,1.0
1.0,153.0,7.0,149.0,310.0,31.0,16.0,10.0,0.974,58.63,203.45,1.0
51.0,128.0,26.0,0.0,205.0,20.5,8.0,6.0,0.0,80.07,630.61,0.0
5.0,11.0,3.0,0.0,19.0,1.9,3.0,4.0,0.0,13.46,179.51,0.0
0.0,1.0,1.0,0.0,2.0,0.2,1.0,1.0,0.0,2.33,57.1,0.0
0.0,0.0,0.0,0.0,0.0,0.0,0.0,0.0,0.0,3.81,43.26,0.0
7.0,57.0,6.0,59.0,129.0,12.9,8.0,8.0,1.035,62.66,235.57,1.0
7.0,130.0,12.0,123.0,272.0,27.2,5.0,11.0,0.946,42.64,159.24,1.0
0.0,66.0,6.0,64.0,136.0,13.6,4.0,2.0,0.97,49.8,214.16,1.0
6.0,121.0,13.0,132.0,272.0,27.2,5.0,7.0,1.091,42.33,279.11,1.0
5.0,117.0,7.0,108.0,237.0,23.7,8.0,9.0,0.923,78.47,140.17,1.0
0.0,0.0,0.0,0.0,0.0,0.0,0.0,0.0,0.0,0.99,17.54,0.0
1.0,3.0,1.0,0.0,5.0,0.5,3.0,1.0,0.0,3.42,55.54,0.0
57.0,19.0,0.0,0.0,76.0,7.6,2.0,2.0,0.0,17.37,98.63,0.0
4.0,14.0,2.0,0.0,20.0,2.0,3.0,1.0,0.0,13.01,111.46,0.0
2.0,86.0,14.0,82.0,184.0,18.4,6.0,5.0,0.953,59.33,142.79,1.0
1.0,30.0,8.0,27.0,66.0,6.6,8.0,2.0,0.9,72.07,181.02,1.0
0.0,66.0,3.0,60.0,129.0,12.9,5.0,6.0,0.909,62.12,203.06,1.0
2.0,5.0,0.0,0.0,7.0,0.7,1.0,2.0,0.0,10.81,48.82,0.0
71.0,17.0,0.0,0.0,88.0,8.8,3.0,3.0,0.0,25.4,156.44,0.0
2.0,8.0,2.0,1.0,13.0,1.3,2.0,4.0,0.125,7.44,102.54,0.0
4.0,58.0,5.0,61.0,128.0,12.8,2.0,4.0,1.052,42.33,98.29,1.0
1.0,1.0,0.0,0.0,2.0,0.2,1.0,0.0,0.0,1.98,36.97,0.0
3.0,12.0,1.0,1.0,17.0,1.7,1.0,1.0,0.083,13.9,148.23,0.0
1.0,17.0,1.0,14.0,33.0,3.3,4.0,6.0,0.824,27.14,147.27,1.0
25.0,82.0,19.0,1.0,127.0,12.7,4.0,4.0,0.012,94.22,587.97,0.0
4.0,154.0,3.0,149.0,310.0,31.0,7.0,10.0,0.968,58.21,137.38,1.0
3.0,47.0,0.0,42.0,92.0,9.2,12.0,12.0,0.894,67.31,268.59,1.0
0.0,0.0,0.0,0.0,0.0,0.0,0.0,0.0,0.0,2.56,45.96,0.0
7.0,96.0,8.0,105.0,216.0,21.6,7.0,10.0,1.094,70.78,73.44,1.0
60.0,20.0,0.0,0.0,80.0,8.0,2.0,1.0,0.0,11.64,153.44,0.0
3.0,110.0,2.0,116.0,231.0,23.1,4.0,9.0,1.055,57.23,72.33,1.0
43.0,138.0,11.0,2.0,194.0,19.4,9.0,3.0,0.014,58.35,324.83,0.0
0.0,1.0,1.0,0.0,2.0,0.2,1.0,0.0,0.0,1.17,18.49,0.0
120.0,129.0,7.0,1.0,257.0,25.7,11.0,7.0,0.008,85.85,451.73,0.0
4.0,31.0,7.0,32.0,74.0,7.4,5.0,2.0,1.032,56.15,126.74,1.0
3.0,134.0,14.0,142.0,293.0,29.3,15.0,4.0,1.06,35.17,274.91,1.0
81.0,12.0,0.0,0.0,93.0,9.3,3.0,1.0,0.0,29.68,98.38,0.0
2.0,5.0,0.0,1.0,8.0,0.8,1.0,2.0,0.2,16.28,95.6,0.0
2.0,65.0,7.0,66.0,140.0,14.0,4.0,3.0,1.015,51.43,185.42,1.0
5.0,43.0,3.0,36.0,87.0,8.7,6.0,7.0,0.837,57.81,108.09,1.0
40.0,96.0,18.0,3.0,157.0,15.7,8.0,3.0,0.031,90.82,845.5,0.0
3.0,147.0,8.0,161.0,319.0,31.9,12.0,5.0,1.095,51.89,276.38,1.0
67.0,121.0,21.0,2.0,211.0,21.1,12.0,7.0,0.017,55.18,680.23,0.0
7.0,80.0,5.0,89.0,181.0,18.1,11.0,10.0,1.113,60.8,210.04,1.0
3.0,12.0,3.0,12.0,30.0,3.0,3.0,7.0,1.0,28.44,95.42,1.0
0.0,2.0,1.0,0.0,3.0,0.3,1.0,0.0,0.0,3.44,45.3,0.0
90.0,113.0,21.0,0.0,224.0,22.4,7.0,8.0,0.0,50.78,356.94,0.0
4.0,27.0,6.0,27.0,64.0,6.4,6.0,4.0,1.0,47.64,113.88,1.0
2.0,142.0,12.0,146.0,302.0,30.2,8.0,8.0,1.028,53.08,263.47,1.0
5.0,75.0,2.0,85.0,167.0,16.7,9.0,9.0,1.133,88.9,99.27,1.0
4.0,4.0,2.0,1.0,11.0,1.1,2.0,3.0,0.25,3.68,54.6,0.0
1.0,25.0,1.0,23.0,50.0,5.0,3.0,4.0,0.92,33.71,47.76,1.0
5.0,142.0,3.0,142.0,292.0,29.2,10.0,6.0,1.0,38.99,162.68,1.0
1.0,6.0,3.0,0.0,10.0,1.0,1.0,4.0,0.0,2.95,48.18,0.0
0.0,93.0,6.0,82.0,181.0,18.1,14.0,11.0,0.882,92.58,195.96,1.0
2.0,29.0,1.0,28.0,60.0,6.0,8.0,2.0,0.966,55.51,170.66,1.0
7.0,169.0,1.0,161.0,338.0,33.8,16.0,6.0,0.953,52.05,218.03,1.0
64.0,12.0,0.0,0.0,76.0,7.6,4.0,1.0,0.0,34.83,203.68,0.0
3.0,28.0,2.0,28.0,61.0,6.1,4.0,7.0,1.0,43.31,136.56,1.0
0.0,0.0,0.0,0.0,0.0,0.0,0.0,0.0,0.0,2.63,48.18,0.0
0.0,0.0,0.0,0.0,0.0,0.0,0.0,0.0,0.0,3.51,17.32,0.0
5.0,46.0,4.0,47.0,102.0,10.2,5.0,12.0,1.022,89.83,153.07,1.0
4.0,158.0,14.0,134.0,310.0,31.0,4.0,5.0,0.848,84.13,155.25,1.0
5.0,26.0,5.0,25.0,61.0,6.1,3.0,3.0,0.962,33.1,194.67,1.0
58.0,79.0,17.0,0.0,154.0,15.4,8.0,8.0,0.0,54.42,293.81,0.0
4.0,75.0,1.0,71.0,151.0,15.1,7.0,5.0,0.947,74.59,201.6,1.0
77.0,73.0,17.0,3.0,170.0,17.0,11.0,3.0,0.041,54.13,461.93,0.0
1.0,30.0,2.0,29.0,62.0,6.2,6.0,7.0,0.967,24.33,122.81,1.0
1.0,2.0,0.0,0.0,3.0,0.3,1.0,0.0,0.0,1.96,56.47,0.0
3.0,161.0,11.0,149.0,324.0,32.4,8.0,6.0,0.925,41.88,309.43,1.0
3.0,47.0,0.0,43.0,93.0,9.3,4.0,6.0,0.915,54.05,74.13,1.0
8.0,176.0,2.0,183.0,369.0,36.9,4.0,12.0,1.04,89.72,271.48,1.0
7.0,128.0,7.0,136.0,278.0,27.8,16.0,7.0,1.062,70.66,220.59,1.0
1.0,133.0,11.0,131.0,276.0,27.6,16.0,12.0,0.985,79.6,127.15,1.0
1.0,112.0,7.0,124.0,244.0,24.4,5.0,9.0,1.107,48.07,82.85,1.0
0.0,71.0,1.0,65.0,137.0,13.7,5.0,5.0,0.915,38.98,189.03,1.0
3.0,4.0,3.0,1.0,11.0,1.1,2.0,2.0,0.25,4.52,144.59,0.0
65.0,6.0,0.0,0.0,71.0,7.1,1.0,3.0,0.0,19.67,154.67,0.0
2.0,54.0,4.0,50.0,110.0,11.0,8.0,6.0,0.926,56.34,63.92,1.0
8.0,79.0,8.0,67.0,162.0,16.2,8.0,9.0,0.848,61.86,310.79,1.0
63.0,122.0,24.0,3.0,212.0,21.2,10.0,7.0,0.025,73.05,520.34,0.0
5.0,12.0,3.0,0.0,20.0,2.0,2.0,3.0,0.0,17.21,97.73,0.0
1.0,16.0,3.0,13.0,33.0,3.3,3.0,5.0,0.812,33.66,98.82,1.0
0.0,0.0,0.0,0.0,0.0,0.0,0.0,0.0,0.0,1.19,16.4,0.0
4.0,60.0,5.0,60.0,129.0,12.9,7.0,6.0,1.0,35.78,83.98,1.0
0.0,41.0,7.0,46.0,94.0,9.4,13.0,8.0,1.122,81.11,296.01,1.0
3.0,93.0,10.0,102.0,208.0,20.8,14.0,8.0,1.097,84.53,155.71,1.0
116.0,75.0,17.0,0.0,208.0,20.8,8.0,4.0,0.0,87.09,819.95,0.0
0.0,0.0,0.0,0.0,0.0,0.0,0.0,0.0,0.0,3.16,33.98,0.0
1.0,28.0,1.0,22.0,52.0,5.2,5.0,7.0,0.786,44.25,76.1,1.0
54.0,98.0,8.0,1.0,161.0,16.1,8.0,4.0,0.01,67.46,433.36,0.0
1.0,2.0,1.0,0.0,4.0,0.4,1.0,1.0,0.0,0.9,42.3,0.0
2.0,4.0,3.0,1.0,10.0,1.0,2.0,1.0,0.25,2.67,100.55,0.0
0.0,71.0,5.0,68.0,144.0,14.4,6.0,3.0,0.958,43.75,93.45,1.0
6.0,135.0,13.0,148.0,302.0,30.2,5.0,12.0,1.096,43.95,260.08,1.0
6.0,13.0,0.0,0.0,19.0,1.9,2.0,2.0,0.0,13.51,167.02,0.0
5.0,132.0,10.0,148.0,295.0,29.5,10.0,11.0,1.121,82.85,140.15,1.0
65.0,18.0,0.0,0.0,83.0,8.3,3.0,1.0,0.0,10.35,230.69,0.0
0.0,2.0,0.0,0.0,2.0,0.2,1.0,1.0,0.0,1.24,16.62,0.0
3.0,27.0,3.0,23.0,56.0,5.6,4.0,6.0,0.852,38.4,104.06,1.0
4.0,11.0,1.0,1.0,17.0,1.7,1.0,3.0,0.091,10.24,174.96,0.0
5.0,120.0,4.0,104.0,233.0,23.3,4.0,5.0,0.867,93.99,170.45,1.0
6.0,126.0,2.0,134.0,268.0,26.8,15.0,5.0,1.063,56.68,311.13,1.0
6.0,9.0,1.0,1.0,17.0,1.7,3.0,1.0,0.111,7.57,92.74,0.0
1.0,28.0,3.0,27.0,59.0,5.9,2.0,6.0,0.964,22.71,88.13,1.0
0.0,175.0,9.0,154.0,338.0,33.8,6.0,7.0,0.88,87.12,193.48,1.0
0.0,2.0,0.0,0.0,2.0,0.2,1.0,1.0,0.0,1.59,59.83,0.0
8.0,108.0,15.0,108.0,239.0,23.9,16.0,7.0,1.0,56.65,195.51,1.0
84.0,132.0,19.0,2.0,237.0,23.7,5.0,5.0,0.015,89.83,478.72,0.0
6.0,160.0,14.0,145.0,325.0,32.5,4.0,11.0,0.906,76.54,100.26,1.0
1.0,43.0,3.0,45.0,92.0,9.2,2.0,6.0,1.047,73.38,136.31,1.0
4.0,9.0,0.0,0.0,13.0,1.3,2.0,3.0,0.0,6.11,91.32,0.0
1.0,28.0,0.0,23.0,52.0,5.2,5.0,7.0,0.821,26.49,81.9,1.0
0.0,0.0,1.0,0.0,1.0,0.1,1.0,1.0,0.0,0.49,42.64,0.0
2.0,25.0,3.0,23.0,53.0,5.3,5.0,6.0,0.92,34.17,95.26,1.0
2.0,4.0,2.0,1.0,9.0,0.9,2.0,1.0,0.25,15.73,120.37,0.0
0.0,0.0,1.0,0.0,1.0,0.1,1.0,1.0,0.0,1.16,43.02,0.0
73.0,110.0,9.0,0.0,192.0,19.2,6.0,3.0,0.0,62.82,614.18,0.0
7.0,154.0,14.0,162.0,337.0,33.7,7.0,8.0,1.052,89.19,266.75,1.0
1.0,0.0,0.0,0.0,1.0,0.1,1.0,0.0,0.0,2.35,50.43,0.0
4.0,107.0,10.0,95.0,216.0,21.6,11.0,12.0,0.888,80.21,316.88,1.0
1.0,13.0,1.0,13.0,28.0,2.8,6.0,6.0,1.0,37.45,137.01,1.0
1.0,14.0,0.0,11.0,26.0,2.6,2.0,3.0,0.786,36.5,83.27,1.0
4.0,4.0,0.0,0.0,8.0,0.8,2.0,3.0,0.0,13.72,108.61,0.0
1.0,14.0,3.0,0.0,18.0,1.8,2.0,4.0,0.0,16.89,63.08,0.0
1.0,35.0,4.0,30.0,70.0,7.0,5.0,4.0,0.857,29.99,44.68,1.0
1.0,1.0,1.0,0.0,3.0,0.3,1.0,0.0,0.0,1.23,54.27,0.0
0.0,1.0,0.0,0.0,1.0,0.1,1.0,0.0,0.0,0.33,33.47,0.0
62.0,94.0,5.0,2.0,163.0,16.3,7.0,7.0,0.021,67.08,631.84,0.0
1.0,1.0,0.0,0.0,2.0,0.2,1.0,0.0,0.0,2.57,52.32,0.0
5.0,4.0,0.0,0.0,9.0,0.9,2.0,2.0,0.0,8.96,157.46,0.0
2.0,35.0,4.0,35.0,76.0,7.6,6.0,4.0,1.0,27.39,97.41,1.0
0.0,0.0,0.0,0.0,0.0,0.0,0.0,0.0,0.0,0.91,30.76,0.0
4.0,159.0,14.0,151.0,328.0,32.8,9.0,7.0,0.95,83.75,263.95,1.0
0.0,35.0,7.0,37.0,79.0,7.9,7.0,6.0,1.057,51.24,64.15,1.0
71.0,46.0,10.0,1.0,128.0,12.8,12.0,7.0,0.022,95.05,474.38,0.0
8.0,85.0,15.0,87.0,195.0,19.5,4.0,6.0,1.024,54.85,93.66,1.0
7.0,60.0,13.0,61.0,141.0,14.1,10.0,7.0,1.017,84.8,266.45,1.0
5.0,71.0,7.0,67.0,150.0,15.0,2.0,2.0,0.944,66.98,104.84,1.0
3.0,3.0,2.0,1.0,9.0,0.9,2.0,4.0,0.333,15.55,147.77,0.0
4.0,68.0,3.0,69.0,144.0,14.4,3.0,2.0,1.015,34.11,110.72,1.0
0.0,33.0,5.0,32.0,70.0,7.0,4.0,2.0,0.97,33.47,114.87,1.0
1.0,67.0,8.0,69.0,145.0,14.5,6.0,5.0,1.03,50.94,210.42,1.0
1.0,15.0,1.0,0.0,17.0,1.7,2.0,4.0,0.0,7.84,176.62,0.0
0.0,35.0,1.0,33.0,69.0,6.9,3.0,4.0,0.943,23.17,69.91,1.0
3.0,29.0,2.0,27.0,61.0,6.1,5.0,7.0,0.931,15.64,64.78,1.0
1.0,38.0,1.0,39.0,79.0,7.9,4.0,6.0,1.026,43.41,169.89,1.0
2.0,9.0,0.0,1.0,12.0,1.2,1.0,2.0,0.111,18.35,155.73,0.0
42.0,142.0,30.0,1.0,215.0,21.5,5.0,7.0,0.007,52.83,487.53,0.0
2.0,14.0,3.0,0.0,19.0,1.9,2.0,3.0,0.0,10.52,61.16,0.0
5.0,5.0,2.0,0.0,12.0,1.2,2.0,4.0,0.0,9.36,87.37,0.0
42.0,131.0,15.0,0.0,188.0,18.8,10.0,3.0,0.0,96.81,413.0,0.0
3.0,3.0,3.0,0.0,9.0,0.9,2.0,3.0,0.0,9.03,48.15,0.0
7.0,114.0,1.0,112.0,234.0,23.4,15.0,4.0,0.982,94.48,235.35,1.0
3.0,108.0,13.0,97.0,221.0,22.1,15.0,7.0,0.898,61.49,252.22,1.0
6.0,49.0,10.0,47.0,112.0,11.2,4.0,8.0,0.959,92.23,288.32,1.0
105.0,118.0,26.0,2.0,251.0,25.1,11.0,7.0,0.017,74.16,247.37,0.0
49.0,73.0,18.0,3.0,143.0,14.3,5.0,8.0,0.041,53.8,390.53,0.0
4.0,160.0,15.0,166.0,345.0,34.5,16.0,5.0,1.038,78.14,185.22,1.0
3.0,64.0,12.0,57.0,136.0,13.6,4.0,10.0,0.891,90.86,75.33,1.0
6.0,9.0,1.0,0.0,16.0,1.6,3.0,1.0,0.0,8.62,81.57,0.0
5.0,153.0,1.0,171.0,330.0,33.0,15.0,6.0,1.118,50.19,263.66,1.0
0.0,2.0,0.0,0.0,2.0,0.2,1.0,0.0,0.0,1.68,37.61,0.0
4.0,68.0,5.0,69.0,146.0,14.6,3.0,6.0,1.015,27.72,142.78,1.0
0.0,0.0,0.0,0.0,0.0,0.0,0.0,0.0,0.0,3.86,23.46,0.0
2.0,17.0,2.0,14.0,35.0,3.5,3.0,6.0,0.824,42.72,121.69,1.0
48.0,19.0,0.0,0.0,67.0,6.7,4.0,1.0,0.0,31.28,159.56,0.0
2.0,13.0,1.0,0.0,16.0,1.6,2.0,1.0,0.0,6.4,143.74,0.0
77.0,5.0,0.0,0.0,82.0,8.2,4.0,2.0,0.0,17.24,162.61,0.0
1.0,31.0,0.0,32.0,64.0,6.4,6.0,6.0,1.032,42.89,46.43,1.0
0.0,1.0,0.0,0.0,1.0,0.1,1.0,1.0,0.0,3.94,24.67,0.0
3.0,5.0,2.0,0.0,10.0,1.0,2.0,3.0,0.0,13.15,171.48,0.0
5.0,129.0,3.0,110.0,247.0,24.7,15.0,6.0,0.853,58.39,295.9,1.0
2.0,157.0,12.0,142.0,313.0,31.3,8.0,5.0,0.904,50.52,310.0,1.0
4.0,6.0,2.0,0.0,12.0,1.2,1.0,4.0,0.0,4.8,72.44,0.0
4.0,9.0,1.0,0.0,14.0,1.4,3.0,2.0,0.0,3.83,148.15,0.0
7.0,142.0,9.0,126.0,284.0,28.4,16.0,6.0,0.887,83.26,71.06,1.0
3.0,12.0,3.0,1.0,19.0,1.9,1.0,1.0,0.083,10.11,153.54,0.0
4.0,137.0,4.0,137.0,282.0,28.2,16.0,11.0,1.0,90.77,257.24,1.0
7.0,79.0,3.0,88.0,177.0,17.7,11.0,10.0,1.114,47.78,309.37,1.0
1.0,16.0,1.0,13.0,31.0,3.1,2.0,4.0,0.812,25.96,121.97,1.0
2.0,35.0,4.0,30.0,71.0,7.1,3.0,5.0,0.857,35.85,139.42,1.0
2.0,101.0,8.0,112.0,223.0,22.3,15.0,8.0,1.109,81.05,303.38,1.0
2.0,128.0,4.0,114.0,248.0,24.8,15.0,10.0,0.891,41.51,211.87,1.0
1.0,60.0,6.0,60.0,127.0,12.7,6.0,3.0,1.0,53.98,128.97,1.0
7.0,44.0,8.0,45.0,104.0,10.4,13.0,9.0,1.023,46.96,277.33,1.0
0.0,0.0,0.0,0.0,0.0,0.0,0.0,0.0,0.0,1.73,52.69,0.0
0.0,0.0,0.0,0.0,0.0,0.0,0.0,0.0,0.0,3.91,28.25,0.0
6.0,10.0,1.0,0.0,17.0,1.7,3.0,4.0,0.0,8.21,117.27,0.0
6.0,111.0,9.0,99.0,225.0,22.5,8.0,4.0,0.892,50.46,232.06,1.0
7.0,109.0,11.0,93.0,220.0,22.0,10.0,4.0,0.853,43.94,263.56,1.0
57.0,17.0,0.0,0.0,74.0,7.4,1.0,3.0,0.0,16.19,125.92,0.0
6.0,170.0,12.0,161.0,349.0,34.9,7.0,9.0,0.947,60.98,247.16,1.0
60.0,151.0,10.0,1.0,222.0,22.2,10.0,5.0,0.007,53.83,243.41,0.0
53.0,8.0,0.0,0.0,61.0,6.1,2.0,2.0,0.0,19.71,234.66,0.0
6.0,7.0,1.0,0.0,14.0,1.4,1.0,1.0,0.0,10.37,151.54,0.0
3.0,7.0,2.0,0.0,12.0,1.2,2.0,4.0,0.0,8.95,161.96,0.0
5.0,7.0,2.0,0.0,14.0,1.4,1.0,2.0,0.0,5.69,45.12,0.0
8.0,55.0,14.0,54.0,131.0,13.1,12.0,5.0,0.982,83.23,134.09,1.0
0.0,1.0,0.0,0.0,1.0,0.1,1.0,0.0,0.0,1.31,32.07,0.0
0.0,0.0,1.0,0.0,1.0,0.1,1.0,0.0,0.0,1.31,48.48,0.0
0.0,30.0,2.0,27.0,59.0,5.9,2.0,6.0,0.9,42.37,48.25,1.0
2.0,12.0,3.0,0.0,17.0,1.7,2.0,2.0,0.0,19.14,176.04,0.0
3.0,59.0,0.0,54.0,116.0,11.6,4.0,6.0,0.915,57.72,150.35,1.0
116.0,49.0,7.0,2.0,174.0,17.4,6.0,6.0,0.041,82.72,612.04,0.0
4.0,67.0,0.0,73.0,144.0,14.4,8.0,6.0,1.09,67.63,131.27,1.0
61.0,133.0,24.0,3.0,221.0,22.1,8.0,6.0,0.023,74.47,714.26,0.0
2.0,7.0,2.0,0.0,11.0,1.1,1.0,1.0,0.0,13.05,126.38,0.0
2.0,26.0,3.0,25.0,56.0,5.6,3.0,5.0,0.962,35.37,81.49,1.0
6.0,8.0,2.0,0.0,16.0,1.6,2.0,2.0,0.0,18.82,95.04,0.0
1.0,7.0,2.0,0.0,10.0,1.0,2.0,3.0,0.0,10.37,101.9,0.0
5.0,47.0,3.0,51.0,106.0,10.6,6.0,3.0,1.085,68.04,164.51,1.0
0.0,1.0,0.0,0.0,1.0,0.1,1.0,0.0,0.0,0.63,57.55,0.0
8.0,66.0,5.0,56.0,135.0,13.5,16.0,10.0,0.848,74.1,313.9,1.0
77.0,13.0,0.0,0.0,90.0,9.0,2.0,1.0,0.0,23.94,110.9,0.0
1.0,11.0,1.0,1.0,14.0,1.4,2.0,2.0,0.091,10.47,79.08,0.0
107.0,155.0,9.0,1.0,272.0,27.2,12.0,5.0,0.006,60.39,826.03,0.0
90.0,157.0,23.0,0.0,270.0,27.0,5.0,6.0,0.0,90.72,490.23,0.0
0.0,1.0,0.0,0.0,1.0,0.1,1.0,0.0,0.0,3.28,43.14,0.0
3.0,17.0,4.0,15.0,39.0,3.9,6.0,6.0,0.882,43.28,107.77,1.0
117.0,48.0,21.0,2.0,188.0,18.8,10.0,7.0,0.042,46.23,463.35,0.0
6.0,124.0,9.0,137.0,276.0,27.6,10.0,10.0,1.105,35.04,144.91,1.0
0.0,34.0,4.0,34.0,72.0,7.2,2.0,4.0,1.0,43.55,120.71,1.0
0.0,0.0,0.0,0.0,0.0,0.0,0.0,0.0,0.0,1.67,16.32,0.0
0.0,14.0,4.0,14.0,32.0,3.2,2.0,3.0,1.0,17.99,122.84,1.0
0.0,0.0,0.0,0.0,0.0,0.0,0.0,0.0,0.0,3.17,42.25,0.0
0.0,0.0,0.0,0.0,0.0,0.0,0.0,0.0,0.0,3.51,24.03,0.0
112.0,122.0,30.0,2.0,266.0,26.6,11.0,4.0,0.016,95.74,381.35,0.0
1.0,2.0,1.0,0.0,4.0,0.4,1.0,0.0,0.0,2.05,53.27,0.0
5.0,61.0,7.0,59.0,132.0,13.2,13.0,4.0,0.967,58.21,297.93,1.0
1.0,2.0,0.0,0.0,3.0,0.3,1.0,0.0,0.0,2.82,34.3,0.0
3.0,6.0,3.0,0.0,12.0,1.2,1.0,4.0,0.0,13.18,116.42,0.0
5.0,12.0,2.0,1.0,20.0,2.0,1.0,4.0,0.083,6.96,41.04,0.0
0.0,2.0,0.0,0.0,2.0,0.2,1.0,1.0,0.0,3.46,59.06,0.0
57.0,78.0,25.0,0.0,160.0,16.0,11.0,6.0,0.0,65.75,327.63,0.0
6.0,7.0,3.0,0.0,16.0,1.6,1.0,3.0,0.0,5.36,58.81,0.0
74.0,155.0,11.0,1.0,241.0,24.1,7.0,5.0,0.006,67.91,661.29,0.0
4.0,29.0,8.0,30.0,71.0,7.1,6.0,6.0,1.034,49.84,144.13,1.0
0.0,0.0,0.0,0.0,0.0,0.0,0.0,0.0,0.0,3.85,50.36,0.0
1.0,28.0,1.0,26.0,56.0,5.6,5.0,7.0,0.929,34.29,111.38,1.0
0.0,0.0,0.0,0.0,0.0,0.0,0.0,0.0,0.0,2.5,17.25,0.0
5.0,32.0,7.0,34.0,78.0,7.8,4.0,6.0,1.062,59.48,168.18,1.0
3.0,12.0,2.0,0.0,17.0,1.7,3.0,4.0,0.0,6.04,150.77,0.0
5.0,41.0,0.0,38.0,84.0,8.4,14.0,6.0,0.927,92.57,93.55,1.0
2.0,175.0,7.0,187.0,371.0,37.1,4.0,5.0,1.069,58.96,305.36,1.0
6.0,160.0,10.0,183.0,359.0,35.9,13.0,4.0,1.144,43.09,265.58,1.0
68.0,14.0,0.0,0.0,82.0,8.2,3.0,1.0,0.0,24.45,116.17,0.0
37.0,98.0,24.0,1.0,160.0,16.0,5.0,3.0,0.01,51.05,586.74,0.0
4.0,111.0,5.0,118.0,238.0,23.8,6.0,9.0,1.063,69.96,154.16,1.0
0.0,55.0,8.0,60.0,123.0,12.3,7.0,5.0,1.091,29.14,97.7,1.0
3.0,27.0,3.0,21.0,54.0,5.4,2.0,5.0,0.778,20.12,92.75,1.0
70.0,124.0,29.0,1.0,224.0,22.4,7.0,8.0,0.008,66.59,351.22,0.0
66.0,45.0,9.0,1.0,121.0,12.1,6.0,7.0,0.022,45.49,537.1,0.0
5.0,180.0,1.0,168.0,354.0,35.4,11.0,10.0,0.933,80.77,224.47,1.0
3.0,7.0,3.0,0.0,13.0,1.3,3.0,2.0,0.0,9.93,111.75,0.0
2.0,4.0,2.0,0.0,8.0,0.8,1.0,4.0,0.0,11.9,89.28,0.0
1.0,56.0,11.0,55.0,123.0,12.3,4.0,9.0,0.982,81.36,72.06,1.0
1.0,0.0,1.0,0.0,2.0,0.2,1.0,0.0,0.0,3.63,56.97,0.0
51.0,83.0,27.0,2.0,163.0,16.3,5.0,7.0,0.024,85.99,367.84,0.0
50.0,9.0,0.0,0.0,59.0,5.9,3.0,2.0,0.0,28.83,243.07,0.0
1.0,146.0,2.0,149.0,298.0,29.8,10.0,6.0,1.021,57.15,143.33,1.0
1.0,1.0,1.0,0.0,3.0,0.3,1.0,0.0,0.0,3.17,52.79,0.0
0.0,1.0,1.0,0.0,2.0,0.2,1.0,0.0,0.0,2.77,56.74,0.0
114.0,108.0,28.0,2.0,252.0,25.2,7.0,8.0,0.019,80.04,798.3,0.0
96.0,77.0,29.0,1.0,203.0,20.3,10.0,7.0,0.013,81.87,329.1,0.0
4.0,15.0,2.0,1.0,22.0,2.2,1.0,4.0,0.067,13.35,53.01,0.0
6.0,13.0,1.0,0.0,20.0,2.0,1.0,2.0,0.0,9.29,85.22,0.0
101.0,69.0,30.0,0.0,200.0,20.0,12.0,5.0,0.0,54.99,773.41,0.0
1.0,0.0,1.0,0.0,2.0,0.2,1.0,1.0,0.0,0.22,32.58,0.0
1.0,159.0,1.0,177.0,338.0,33.8,16.0,8.0,1.113,77.33,244.01,1.0
2.0,21.0,1.0,21.0,45.0,4.5,6.0,5.0,1.0,40.45,89.07,1.0
8.0,167.0,12.0,175.0,362.0,36.2,9.0,9.0,1.048,80.1,159.62,1.0
0.0,0.0,1.0,0.0,1.0,0.1,1.0,0.0,0.0,0.57,57.13,0.0
3.0,84.0,8.0,95.0,190.0,19.0,16.0,7.0,1.131,84.67,202.75,1.0
0.0,0.0,0.0,0.0,0.0,0.0,0.0,0.0,0.0,0.12,57.13,0.0
5.0,173.0,1.0,158.0,337.0,33.7,16.0,11.0,0.913,79.45,313.44,1.0
5.0,43.0,5.0,46.0,99.0,9.9,5.0,4.0,1.07,59.28,161.79,1.0
2.0,74.0,6.0,67.0,149.0,14.9,7.0,3.0,0.905,41.64,129.14,1.0
5.0,5.0,0.0,0.0,10.0,1.0,2.0,1.0,0.0,4.16,139.78,0.0
2.0,36.0,1.0,33.0,72.0,7.2,6.0,3.0,0.917,43.66,153.19,1.0
2.0,54.0,6.0,53.0,115.0,11.5,8.0,5.0,0.981,93.02,127.62,1.0
70.0,10.0,0.0,0.0,80.0,8.0,4.0,1.0,0.0,24.88,226.98,0.0
5.0,8.0,2.0,0.0,15.0,1.5,3.0,1.0,0.0,3.39,174.15,0.0
3.0,6.0,3.0,1.0,13.0,1.3,1.0,3.0,0.167,4.04,106.43,0.0
1.0,65.0,4.0,61.0,131.0,13.1,8.0,3.0,0.938,70.23,160.71,1.0
4.0,75.0,7.0,68.0,154.0,15.4,8.0,5.0,0.907,54.96,108.93,1.0
51.0,8.0,0.0,0.0,59.0,5.9,2.0,2.0,0.0,20.71,110.07,0.0
0.0,16.0,2.0,16.0,34.0,3.4,4.0,7.0,1.0,18.89,92.45,1.0
0.0,28.0,1.0,27.0,56.0,5.6,3.0,6.0,0.964,30.6,78.37,1.0
0.0,1.0,0.0,0.0,1.0,0.1,1.0,0.0,0.0,0.82,55.85,0.0
116.0,50.0,21.0,1.0,188.0,18.8,4.0,4.0,0.02,82.5,844.14,0.0
0.0,12.0,3.0,11.0,26.0,2.6,5.0,5.0,0.917,44.98,146.64,1.0
4.0,5.0,0.0,0.0,9.0,0.9,1.0,4.0,0.0,3.58,155.35,0.0
4.0,14.0,3.0,1.0,22.0,2.2,2.0,4.0,0.071,2.53,56.87,0.0
0.0,2.0,0.0,0.0,2.0,0.2,1.0,0.0,0.0,0.93,16.22,0.0
3.0,39.0,3.0,41.0,86.0,8.6,7.0,3.0,1.051,60.77,138.41,1.0
46.0,62.0,7.0,3.0,118.0,11.8,7.0,6.0,0.048,93.38,293.03,0.0
0.0,2.0,0.0,0.0,2.0,0.2,1.0,1.0,0.0,3.69,22.07,0.0
1.0,0.0,0.0,0.0,1.0,0.1,1.0,1.0,0.0,0.37,23.66,0.0
4.0,14.0,1.0,0.0,19.0,1.9,3.0,4.0,0.0,2.79,63.92,0.0
4.0,179.0,6.0,158.0,347.0,34.7,15.0,10.0,0.883,88.5,88.17,1.0
3.0,34.0,4.0,34.0,75.0,7.5,4.0,7.0,1.0,29.45,122.9,1.0
8.0,165.0,4.0,179.0,356.0,35.6,9.0,8.0,1.085,58.66,259.56,1.0
0.0,1.0,0.0,0.0,1.0,0.1,1.0,1.0,0.0,1.76,20.22,0.0
3.0,15.0,3.0,0.0,21.0,2.1,2.0,4.0,0.0,2.9,150.48,0.0
0.0,2.0,1.0,0.0,3.0,0.3,1.0,1.0,0.0,2.46,30.14,0.0
2.0,33.0,2.0,34.0,71.0,7.1,3.0,5.0,1.03,43.57,64.49,1.0
81.0,69.0,27.0,1.0,178.0,17.8,12.0,7.0,0.014,77.22,200.93,0.0
4.0,106.0,15.0,119.0,244.0,24.4,11.0,7.0,1.123,71.83,80.36,1.0
0.0,117.0,7.0,112.0,236.0,23.6,10.0,11.0,0.957,43.6,230.42,1.0
0.0,0.0,0.0,0.0,0.0,0.0,0.0,0.0,0.0,1.62,36.16,0.0
2.0,99.0,5.0,84.0,190.0,19.0,11.0,10.0,0.848,89.5,283.84,1.0
4.0,147.0,5.0,146.0,302.0,30.2,7.0,7.0,0.993,54.1,136.25,1.0
1.0,2.0,0.0,0.0,3.0,0.3,1.0,1.0,0.0,3.44,32.85,0.0
1.0,15.0,2.0,13.0,31.0,3.1,5.0,6.0,0.867,32.57,128.5,1.0
2.0,81.0,14.0,83.0,180.0,18.0,7.0,5.0,1.025,65.54,310.43,1.0
28.0,70.0,14.0,1.0,113.0,11.3,12.0,3.0,0.014,48.46,588.12,0.0
89.0,81.0,13.0,2.0,185.0,18.5,8.0,3.0,0.025,46.67,813.97,0.0
0.0,13.0,2.0,12.0,27.0,2.7,3.0,3.0,0.923,19.02,86.19,1.0
4.0,69.0,2.0,70.0,145.0,14.5,6.0,11.0,1.014,36.84,165.72,1.0
0.0,2.0,1.0,0.0,3.0,0.3,1.0,1.0,0.0,0.92,22.26,0.0
4.0,15.0,2.0,1.0,22.0,2.2,3.0,2.0,0.067,13.11,117.8,0.0
2.0,8.0,1.0,0.0,11.0,1.1,3.0,2.0,0.0,8.04,56.9,0.0
2.0,21.0,2.0,19.0,44.0,4.4,5.0,3.0,0.905,22.34,127.98,1.0
5.0,12.0,1.0,0.0,18.0,1.8,1.0,3.0,0.0,3.42,168.93,0.0
2.0,9.0,2.0,0.0,13.0,1.3,3.0,2.0,0.0,10.82,172.88,0.0
102.0,69.0,28.0,2.0,201.0,20.1,12.0,4.0,0.029,69.66,573.27,0.0
1.0,19.0,2.0,15.0,37.0,3.7,3.0,5.0,0.789,20.92,90.26,1.0
0.0,1.0,0.0,0.0,1.0,0.1,1.0,0.0,0.0,3.28,23.34,0.0
4.0,100.0,2.0,85.0,191.0,19.1,15.0,9.0,0.85,60.52,100.27,1.0
63.0,19.0,0.0,0.0,82.0,8.2,1.0,2.0,0.0,10.55,221.61,0.0
57.0,122.0,12.0,3.0,194.0,19.4,8.0,5.0,0.025,69.61,264.88,0.0
1.0,45.0,0.0,43.0,89.0,8.9,3.0,2.0,0.956,66.53,108.09,1.0
3.0,15.0,3.0,0.0,21.0,2.1,3.0,3.0,0.0,13.42,142.82,0.0
3.0,106.0,8.0,117.0,234.0,23.4,6.0,6.0,1.104,53.71,109.25,1.0
2.0,7.0,3.0,0.0,12.0,1.2,2.0,1.0,0.0,17.67,149.29,0.0
0.0,178.0,3.0,186.0,367.0,36.7,5.0,6.0,1.045,38.48,118.96,1.0
2.0,9.0,2.0,0.0,13.0,1.3,3.0,4.0,0.0,12.16,125.66,0.0
1.0,7.0,1.0,0.0,9.0,0.9,2.0,2.0,0.0,12.58,120.58,0.0
1.0,44.0,8.0,43.0,96.0,9.6,8.0,9.0,0.977,59.86,307.82,1.0
0.0,0.0,0.0,0.0,0.0,0.0,0.0,0.0,0.0,3.26,41.46,0.0
0.0,0.0,1.0,0.0,1.0,0.1,1.0,0.0,0.0,3.13,32.12,0.0
2.0,139.0,5.0,118.0,264.0,26.4,7.0,4.0,0.849,59.79,157.07,1.0
5.0,14.0,2.0,0.0,21.0,2.1,2.0,1.0,0.0,11.1,116.46,0.0
7.0,151.0,3.0,136.0,297.0,29.7,8.0,7.0,0.901,80.08,224.08,1.0
1.0,99.0,14.0,88.0,202.0,20.2,13.0,4.0,0.889,53.58,182.61,1.0
1.0,165.0,8.0,142.0,316.0,31.6,15.0,5.0,0.861,85.93,210.34,1.0
72.0,16.0,0.0,0.0,88.0,8.8,3.0,3.0,0.0,29.97,214.11,0.0
0.0,22.0,2.0,21.0,45.0,4.5,6.0,4.0,0.955,33.39,72.19,1.0
3.0,19.0,4.0,15.0,41.0,4.1,2.0,3.0,0.789,39.29,74.07,1.0
2.0,14.0,0.0,1.0,17.0,1.7,3.0,2.0,0.071,3.31,119.89,0.0
0.0,0.0,1.0,0.0,1.0,0.1,1.0,1.0,0.0,3.3,52.82,0.0
0.0,1.0,0.0,0.0,1.0,0.1,1.0,0.0,0.0,3.52,57.5,0.0
0.0,1.0,0.0,0.0,1.0,0.1,1.0,1.0,0.0,1.04,24.92,0.0
1.0,116.0,10.0,117.0,244.0,24.4,7.0,11.0,1.009,79.87,163.68,1.0
1.0,27.0,2.0,24.0,54.0,5.4,4.0,4.0,0.889,27.71,58.88,1.0
54.0,101.0,16.0,2.0,173.0,17.3,4.0,4.0,0.02,63.72,496.35,0.0
99.0,100.0,13.0,0.0,212.0,21.2,4.0,5.0,0.0,67.33,330.33,0.0
0.0,29.0,3.0,23.0,55.0,5.5,2.0,5.0,0.793,26.83,135.86,1.0
34.0,54.0,9.0,1.0,98.0,9.8,6.0,8.0,0.019,97.19,385.55,0.0
0.0,26.0,4.0,24.0,54.0,5.4,6.0,7.0,0.923,38.62,63.68,1.0
4.0,14.0,3.0,0.0,21.0,2.1,3.0,2.0,0.0,4.04,137.46,0.0
61.0,99.0,10.0,3.0,173.0,17.3,8.0,7.0,0.03,93.71,648.47,0.0
3.0,3.0,1.0,0.0,7.0,0.7,1.0,3.0,0.0,8.12,135.65,0.0
5.0,3.0,3.0,0.0,11.0,1.1,2.0,2.0,0.0,5.46,110.9,0.0
5.0,68.0,7.0,64.0,144.0,14.4,7.0,2.0,0.941,32.2,173.08,1.0
2.0,27.0,0.0,27.0,56.0,5.6,6.0,4.0,1.0,23.2,102.03,1.0
6.0,64.0,4.0,55.0,129.0,12.9,10.0,4.0,0.859,36.84,78.17,1.0
4.0,11.0,2.0,0.0,17.0,1.7,1.0,4.0,0.0,14.69,55.84,0.0
4.0,5.0,0.0,0.0,9.0,0.9,2.0,1.0,0.0,2.35,139.02,0.0
2.0,28.0,3.0,24.0,57.0,5.7,5.0,6.0,0.857,16.87,125.98,1.0
2.0,37.0,5.0,38.0,82.0,8.2,5.0,4.0,1.027,48.38,216.52,1.0
7.0,106.0,11.0,112.0,236.0,23.6,7.0,11.0,1.057,91.71,253.69,1.0
5.0,13.0,2.0,0.0,20.0,2.0,3.0,3.0,0.0,16.4,172.35,0.0
0.0,0.0,0.0,0.0,0.0,0.0,0.0,0.0,0.0,1.87,20.35,0.0
3.0,7.0,0.0,1.0,11.0,1.1,1.0,4.0,0.143,5.22,105.78,0.0
1.0,0.0,0.0,0.0,1.0,0.1,1.0,1.0,0.0,3.97,58.81,0.0
0.0,70.0,7.0,63.0,140.0,14.0,7.0,3.0,0.9,33.26,201.16,1.0
0.0,22.0,0.0,22.0,44.0,4.4,4.0,5.0,1.0,44.88,112.79,1.0
3.0,25.0,0.0,22.0,50.0,5.0,2.0,7.0,0.88,34.65,64.99,1.0
3.0,27.0,2.0,29.0,61.0,6.1,5.0,3.0,1.074,26.82,176.31,1.0
5.0,13.0,0.0,0.0,18.0,1.8,2.0,2.0,0.0,3.15,89.62,0.0
0.0,2.0,0.0,0.0,2.0,0.2,1.0,1.0,0.0,1.77,37.25,0.0
84.0,12.0,0.0,0.0,96.0,9.6,1.0,2.0,0.0,16.95,188.07,0.0
7.0,46.0,7.0,40.0,100.0,10.0,12.0,9.0,0.87,53.64,288.21,1.0
40.0,76.0,7.0,1.0,124.0,12.4,8.0,6.0,0.013,92.98,295.78,0.0
5.0,9.0,0.0,0.0,14.0,1.4,2.0,2.0,0.0,6.32,147.92,0.0
3.0,26.0,3.0,21.0,53.0,5.3,6.0,5.0,0.808,16.31,113.28,1.0
69.0,20.0,0.0,0.0,89.0,8.9,1.0,1.0,0.0,26.72,155.76,0.0
6.0,56.0,1.0,55.0,118.0,11.8,7.0,7.0,0.982,94.12,254.5,1.0
0.0,0.0,1.0,0.0,1.0,0.1,1.0,1.0,0.0,1.28,24.92,0.0
75.0,90.0,8.0,1.0,174.0,17.4,8.0,6.0,0.011,55.9,710.72,0.0
0.0,0.0,0.0,0.0,0.0,0.0,0.0,0.0,0.0,0.96,58.44,0.0
2.0,56.0,5.0,57.0,120.0,12.0,4.0,6.0,1.018,29.42,153.59,1.0
1.0,54.0,8.0,56.0,119.0,11.9,15.0,10.0,1.037,74.9,180.49,1.0
3.0,4.0,3.0,0.0,10.0,1.0,1.0,4.0,0.0,13.5,78.27,0.0
0.0,119.0,5.0,123.0,247.0,24.7,13.0,9.0,1.034,65.18,183.15,1.0
5.0,177.0,10.0,201.0,393.0,39.3,16.0,5.0,1.136,39.64,280.58,1.0
7.0,91.0,12.0,98.0,208.0,20.8,11.0,4.0,1.077,60.83,161.32,1.0
1.0,35.0,4.0,32.0,72.0,7.2,2.0,5.0,0.914,20.33,128.33,1.0
6.0,14.0,0.0,0.0,20.0,2.0,3.0,4.0,0.0,19.14,170.55,0.0
46.0,156.0,30.0,3.0,235.0,23.5,4.0,4.0,0.019,56.89,840.17,0.0
0.0,0.0,0.0,0.0,0.0,0.0,0.0,0.0,0.0,2.01,45.1,0.0
2.0,49.0,7.0,53.0,111.0,11.1,5.0,3.0,1.082,55.48,66.0,1.0
3.0,29.0,3.0,27.0,62.0,6.2,2.0,7.0,0.931,27.57,79.29,1.0
2.0,46.0,5.0,45.0,98.0,9.8,10.0,4.0,0.978,86.95,294.43,1.0
2.0,31.0,2.0,29.0,64.0,6.4,4.0,7.0,0.935,44.58,100.61,1.0
3.0,6.0,0.0,0.0,9.0,0.9,1.0,3.0,0.0,18.8,112.15,0.0
6.0,14.0,3.0,0.0,23.0,2.3,2.0,3.0,0.0,14.43,46.9,0.0
8.0,57.0,12.0,63.0,140.0,14.0,4.0,4.0,1.105,57.7,291.05,1.0
31.0,72.0,9.0,2.0,114.0,11.4,8.0,7.0,0.028,80.26,699.78,0.0
2.0,17.0,4.0,15.0,38.0,3.8,2.0,7.0,0.882,42.77,66.15,1.0
2.0,10.0,3.0,0.0,15.0,1.5,3.0,4.0,0.0,15.69,154.74,0.0
1.0,1.0,0.0,0.0,2.0,0.2,1.0,1.0,0.0,0.73,38.23,0.0
3.0,35.0,4.0,36.0,78.0,7.8,7.0,5.0,1.029,63.74,80.43,1.0
6.0,43.0,10.0,37.0,96.0,9.6,10.0,8.0,0.86,61.84,191.76,1.0
2.0,46.0,15.0,49.0,112.0,11.2,10.0,11.0,1.065,47.98,173.0,1.0
3.0,134.0,1.0,121.0,259.0,25.9,10.0,4.0,0.903,57.02,119.67,1.0
0.0,2.0,0.0,0.0,2.0,0.2,1.0,1.0,0.0,0.21,44.78,0.0
5.0,6.0,2.0,1.0,14.0,1.4,1.0,3.0,0.167,14.66,81.35,0.0
5.0,10.0,3.0,0.0,18.0,1.8,2.0,1.0,0.0,13.73,82.26,0.0
0.0,0.0,0.0,0.0,0.0,0.0,0.0,0.0,0.0,1.34,29.03,0.0
1.0,0.0,0.0,0.0,1.0,0.1,1.0,0.0,0.0,3.14,19.96,0.0
0.0,2.0,0.0,0.0,2.0,0.2,1.0,1.0,0.0,2.98,56.49,0.0
1.0,41.0,4.0,42.0,88.0,8.8,6.0,6.0,1.024,66.82,82.54,1.0
1.0,63.0,2.0,59.0,125.0,12.5,5.0,2.0,0.937,58.71,103.75,1.0
7.0,56.0,13.0,54.0,130.0,13.0,8.0,4.0,0.964,85.2,106.84,1.0
49.0,7.0,0.0,0.0,56.0,5.6,1.0,3.0,0.0,31.02,248.83,0.0
0.0,0.0,0.0,0.0,0.0,0.0,0.0,0.0,0.0,2.28,53.86,0.0
0.0,2.0,0.0,0.0,2.0,0.2,1.0,1.0,0.0,0.87,39.41,0.0
1.0,0.0,0.0,0.0,1.0,0.1,1.0,0.0,0.0,3.48,44.74,0.0
3.0,48.0,14.0,42.0,107.0,10.7,13.0,4.0,0.875,56.06,207.34,1.0
2.0,139.0,12.0,149.0,302.0,30.2,10.0,7.0,1.072,48.87,164.79,1.0
89.0,95.0,11.0,2.0,197.0,19.7,9.0,7.0,0.021,74.18,674.71,0.0
6.0,11.0,3.0,1.0,21.0,2.1,1.0,1.0,0.091,13.16,90.97,0.0
1.0,13.0,0.0,1.0,15.0,1.5,2.0,2.0,0.077,9.93,64.91,0.0
5.0,72.0,8.0,73.0,158.0,15.8,14.0,4.0,1.014,38.67,317.46,1.0
2.0,5.0,3.0,1.0,11.0,1.1,1.0,4.0,0.2,17.24,73.14,0.0
1.0,61.0,5.0,56.0,123.0,12.3,3.0,3.0,0.918,55.21,215.44,1.0
0.0,0.0,0.0,0.0,0.0,0.0,0.0,0.0,0.0,1.06,52.23,0.0
108.0,62.0,26.0,0.0,196.0,19.6,10.0,7.0,0.0,79.61,833.26,0.0
1.0,91.0,1.0,99.0,192.0,19.2,4.0,4.0,1.088,70.36,201.58,1.0
5.0,3.0,3.0,0.0,11.0,1.1,2.0,1.0,0.0,3.19,133.46,0.0
98.0,105.0,24.0,3.0,230.0,23.0,6.0,3.0,0.029,49.43,488.9,0.0
0.0,43.0,8.0,47.0,98.0,9.8,11.0,4.0,1.093,86.33,212.65,1.0
3.0,137.0,4.0,146.0,290.0,29.0,7.0,4.0,1.066,74.03,191.92,1.0
6.0,4.0,1.0,1.0,12.0,1.2,2.0,2.0,0.25,3.61,47.69,0.0
7.0,86.0,15.0,96.0,204.0,20.4,7.0,7.0,1.116,77.29,278.06,1.0
3.0,32.0,1.0,26.0,62.0,6.2,2.0,5.0,0.812,39.56,147.04,1.0
0.0,53.0,1.0,50.0,104.0,10.4,7.0,5.0,0.943,41.91,169.39,1.0
3.0,10.0,1.0,0.0,14.0,1.4,2.0,2.0,0.0,2.66,52.54,0.0
86.0,9.0,0.0,0.0,95.0,9.5,1.0,1.0,0.0,34.75,238.13,0.0
0.0,0.0,0.0,0.0,0.0,0.0,0.0,0.0,0.0,3.14,24.18,0.0
3.0,35.0,3.0,30.0,71.0,7.1,4.0,4.0,0.857,40.49,54.2,1.0
0.0,0.0,0.0,0.0,0.0,0.0,0.0,0.0,0.0,1.15,33.43,0.0
0.0,0.0,0.0,0.0,0.0,0.0,0.0,0.0,0.0,2.77,58.59,0.0
104.0,46.0,5.0,2.0,157.0,15.7,4.0,5.0,0.043,68.59,673.69,0.0
64.0,138.0,24.0,0.0,226.0,22.6,11.0,7.0,0.0,56.31,629.84,0.0
0.0,1.0,0.0,0.0,1.0,0.1,1.0,1.0,0.0,1.87,38.8,0.0
0.0,174.0,2.0,197.0,373.0,37.3,13.0,10.0,1.132,75.65,145.5,1.0
114.0,57.0,14.0,0.0,185.0,18.5,9.0,7.0,0.0,96.39,621.83,0.0
85.0,81.0,15.0,0.0,181.0,18.1,12.0,7.0,0.0,68.39,848.7,0.0
6.0,12.0,1.0,1.0,20.0,2.0,3.0,3.0,0.083,16.54,174.21,0.0
5.0,65.0,10.0,63.0,143.0,14.3,15.0,11.0,0.969,76.06,171.59,1.0
3.0,3.0,0.0,1.0,7.0,0.7,2.0,1.0,0.333,5.23,159.06,0.0
3.0,24.0,3.0,20.0,50.0,5.0,4.0,4.0,0.833,42.87,106.53,1.0
4.0,4.0,3.0,1.0,12.0,1.2,3.0,4.0,0.25,7.74,82.04,0.0
1.0,32.0,7.0,31.0,71.0,7.1,3.0,5.0,0.969,29.47,200.99,1.0
1.0,8.0,1.0,0.0,10.0,1.0,2.0,4.0,0.0,10.58,118.83,0.0
4.0,109.0,4.0,113.0,230.0,23.0,14.0,11.0,1.037,65.9,158.22,1.0
2.0,50.0,7.0,46.0,105.0,10.5,7.0,4.0,0.92,31.35,123.37,1.0
4.0,84.0,0.0,85.0,173.0,17.3,12.0,8.0,1.012,63.26,286.58,1.0
0.0,0.0,0.0,0.0,0.0,0.0,0.0,0.0,0.0,2.26,41.28,0.0
2.0,62.0,7.0,62.0,133.0,13.3,2.0,6.0,1.0,53.95,79.01,1.0
2.0,146.0,12.0,129.0,289.0,28.9,10.0,6.0,0.884,42.55,135.42,1.0
0.0,18.0,0.0,18.0,36.0,3.6,3.0,4.0,1.0,36.02,53.38,1.0
3.0,112.0,1.0,112.0,228.0,22.8,4.0,9.0,1.0,41.36,317.6,1.0
4.0,107.0,10.0,109.0,230.0,23.0,16.0,8.0,1.019,71.27,257.11,1.0
84.0,116.0,22.0,0.0,222.0,22.2,9.0,8.0,0.0,84.39,638.15,0.0
4.0,49.0,1.0,48.0,102.0,10.2,2.0,3.0,0.98,58.61,212.68,1.0
1.0,12.0,1.0,0.0,14.0,1.4,3.0,3.0,0.0,15.8,63.49,0.0
5.0,73.0,0.0,68.0,146.0,14.6,6.0,3.0,0.932,27.47,94.63,1.0
2.0,10.0,1.0,1.0,14.0,1.4,1.0,4.0,0.1,7.2,66.19,0.0
3.0,15.0,3.0,1.0,22.0,2.2,1.0,1.0,0.067,14.41,90.14,0.0
1.0,54.0,4.0,51.0,110.0,11.0,2.0,5.0,0.944,53.34,190.26,1.0
3.0,9.0,3.0,0.0,15.0,1.5,1.0,1.0,0.0,8.36,48.97,0.0
39.0,19.0,0.0,0.0,58.0,5.8,4.0,3.0,0.0,33.58,193.95,0.0
56.0,60.0,20.0,0.0,136.0,13.6,9.0,8.0,0.0,48.18,431.09,0.0
0.0,2.0,1.0,0.0,3.0,0.3,1.0,0.0,0.0,3.02,20.73,0.0
0.0,152.0,10.0,146.0,308.0,30.8,9.0,11.0,0.961,76.56,193.74,1.0
7.0,44.0,7.0,40.0,98.0,9.8,8.0,8.0,0.909,65.2,316.73,1.0
0.0,0.0,0.0,0.0,0.0,0.0,0.0,0.0,0.0,2.04,15.0,0.0
1.0,29.0,2.0,29.0,61.0,6.1,6.0,3.0,1.0,20.36,62.54,1.0
0.0,0.0,1.0,0.0,1.0,0.1,1.0,0.0,0.0,1.59,51.31,0.0
0.0,1.0,0.0,0.0,1.0,0.1,1.0,1.0,0.0,1.45,48.39,0.0
26.0,63.0,12.0,1.0,102.0,10.2,4.0,3.0,0.016,48.34,539.31,0.0
4.0,12.0,3.0,1.0,20.0,2.0,3.0,3.0,0.083,15.8,79.82,0.0
0.0,33.0,2.0,29.0,64.0,6.4,4.0,7.0,0.879,16.23,45.9,1.0
5.0,138.0,9.0,129.0,281.0,28.1,8.0,6.0,0.935,40.75,192.37,1.0
3.0,24.0,1.0,24.0,52.0,5.2,2.0,5.0,1.0,34.97,129.11,1.0
48.0,10.0,0.0,0.0,58.0,5.8,1.0,2.0,0.0,25.03,152.54,0.0
0.0,2.0,0.0,0.0,2.0,0.2,1.0,1.0,0.0,0.72,47.29,0.0
4.0,7.0,0.0,0.0,11.0,1.1,2.0,4.0,0.0,3.94,155.86,0.0
2.0,12.0,3.0,11.0,28.0,2.8,4.0,7.0,0.917,36.46,45.72,1.0
54.0,17.0,0.0,0.0,71.0,7.1,3.0,3.0,0.0,15.54,99.36,0.0
0.0,56.0,4.0,55.0,115.0,11.5,8.0,6.0,0.982,53.85,140.42,1.0
29.0,119.0,7.0,1.0,156.0,15.6,8.0,4.0,0.008,84.58,482.08,0.0
5.0,15.0,2.0,1.0,23.0,2.3,2.0,3.0,0.067,18.61,97.95,0.0
4.0,51.0,5.0,49.0,109.0,10.9,8.0,2.0,0.961,32.15,164.27,1.0
3.0,129.0,10.0,137.0,279.0,27.9,8.0,8.0,1.062,91.22,282.35,1.0
1.0,168.0,1.0,164.0,334.0,33.4,6.0,9.0,0.976,47.74,93.63,1.0
3.0,8.0,0.0,0.0,11.0,1.1,2.0,3.0,0.0,4.93,116.55,0.0
6.0,107.0,14.0,109.0,236.0,23.6,9.0,11.0,1.019,88.77,136.01,1.0
3.0,35.0,2.0,36.0,76.0,7.6,2.0,5.0,1.029,21.78,86.71,1.0
1.0,15.0,2.0,1.0,19.0,1.9,2.0,1.0,0.067,11.9,80.65,0.0
4.0,73.0,7.0,79.0,163.0,16.3,2.0,4.0,1.082,59.6,195.91,1.0
7.0,87.0,1.0,88.0,183.0,18.3,10.0,10.0,1.011,39.65,244.24,1.0
0.0,0.0,1.0,0.0,1.0,0.1,1.0,0.0,0.0,0.49,37.88,0.0
8.0,131.0,6.0,134.0,279.0,27.9,14.0,7.0,1.023,44.59,86.42,1.0
1.0,1.0,0.0,0.0,2.0,0.2,1.0,1.0,0.0,0.54,46.81,0.0
0.0,19.0,2.0,16.0,37.0,3.7,5.0,7.0,0.842,20.35,101.81,1.0
5.0,170.0,4.0,174.0,353.0,35.3,5.0,11.0,1.024,87.38,206.89,1.0
3.0,72.0,3.0,77.0,155.0,15.5,4.0,6.0,1.069,28.93,164.18,1.0
1.0,21.0,2.0,19.0,43.0,4.3,6.0,6.0,0.905,33.9,134.01,1.0
3.0,75.0,1.0,70.0,149.0,14.9,7.0,5.0,0.933,43.35,133.6,1.0
38.0,71.0,11.0,1.0,121.0,12.1,12.0,6.0,0.014,52.43,319.27,0.0
73.0,120.0,25.0,1.0,219.0,21.9,8.0,5.0,0.008,97.91,642.3,0.0
115.0,61.0,23.0,2.0,201.0,20.1,12.0,3.0,0.033,94.85,462.06,0.0
56.0,65.0,24.0,1.0,146.0,14.6,4.0,5.0,0.015,75.31,480.44,0.0
0.0,0.0,0.0,0.0,0.0,0.0,0.0,0.0,0.0,2.93,52.69,0.0
4.0,14.0,3.0,0.0,21.0,2.1,3.0,4.0,0.0,19.15,159.83,0.0
1.0,24.0,2.0,20.0,47.0,4.7,4.0,6.0,0.833,24.27,83.29,1.0
1.0,17.0,3.0,16.0,37.0,3.7,5.0,7.0,0.941,31.82,62.68,1.0
2.0,140.0,0.0,156.0,298.0,29.8,15.0,11.0,1.114,50.83,220.69,1.0
0.0,1.0,0.0,0.0,1.0,0.1,1.0,0.0,0.0,3.24,43.06,0.0
76.0,93.0,28.0,0.0,197.0,19.7,9.0,6.0,0.0,61.56,365.68,0.0
0.0,68.0,0.0,68.0,136.0,13.6,8.0,6.0,1.0,42.15,152.84,1.0
6.0,171.0,15.0,160.0,352.0,35.2,13.0,8.0,0.936,36.48,260.32,1.0
0.0,131.0,6.0,140.0,277.0,27.7,7.0,4.0,1.069,66.36,230.14,1.0
28.0,159.0,21.0,3.0,211.0,21.1,5.0,7.0,0.019,54.61,378.58,0.0
5.0,102.0,7.0,100.0,214.0,21.4,13.0,12.0,0.98,68.88,244.22,1.0
4.0,12.0,1.0,0.0,17.0,1.7,2.0,3.0,0.0,16.53,92.63,0.0
3.0,50.0,4.0,45.0,102.0,10.2,3.0,3.0,0.9,45.16,80.22,1.0
4.0,3.0,1.0,0.0,8.0,0.8,1.0,3.0,0.0,8.52,172.93,0.0
0.0,59.0,3.0,57.0,119.0,11.9,4.0,6.0,0.966,51.1,95.91,1.0
2.0,99.0,5.0,107.0,213.0,21.3,4.0,8.0,1.081,40.02,241.44,1.0
65.0,9.0,0.0,0.0,74.0,7.4,4.0,1.0,0.0,16.37,136.14,0.0
5.0,43.0,3.0,43.0,94.0,9.4,8.0,3.0,1.0,54.54,57.96,1.0
78.0,14.0,0.0,0.0,92.0,9.2,4.0,3.0,0.0,14.87,207.81,0.0
8.0,67.0,7.0,74.0,156.0,15.6,12.0,9.0,1.104,62.14,249.55,1.0
1.0,32.0,1.0,28.0,62.0,6.2,6.0,6.0,0.875,16.47,62.14,1.0
4.0,13.0,3.0,0.0,20.0,2.0,3.0,3.0,0.0,3.61,127.47,0.0
4.0,12.0,3.0,1.0,20.0,2.0,2.0,2.0,0.083,15.39,106.45,0.0
72.0,17.0,0.0,0.0,89.0,8.9,3.0,3.0,0.0,20.29,228.99,0.0
6.0,152.0,1.0,170.0,329.0,32.9,13.0,4.0,1.118,65.73,179.59,1.0
0.0,0.0,0.0,0.0,0.0,0.0,0.0,0.0,0.0,1.67,25.55,0.0
2.0,26.0,7.0,27.0,62.0,6.2,2.0,4.0,1.038,45.59,143.73,1.0
5.0,42.0,1.0,40.0,88.0,8.8,4.0,5.0,0.952,39.62,191.01,1.0
3.0,15.0,1.0,12.0,31.0,3.1,4.0,3.0,0.8,43.76,103.65,1.0
1.0,25.0,4.0,21.0,51.0,5.1,4.0,6.0,0.84,27.19,82.96,1.0
4.0,8.0,1.0,0.0,13.0,1.3,3.0,2.0,0.0,14.82,56.66,0.0
1.0,103.0,6.0,104.0,214.0,21.4,5.0,12.0,1.01,94.72,118.19,1.0
5.0,5.0,0.0,0.0,10.0,1.0,2.0,4.0,0.0,19.99,140.64,0.0
1.0,0.0,1.0,0.0,2.0,0.2,1.0,0.0,0.0,2.08,27.91,0.0
48.0,13.0,0.0,0.0,61.0,6.1,2.0,3.0,0.0,20.96,81.39,0.0
0.0,1.0,1.0,0.0,2.0,0.2,1.0,0.0,0.0,2.74,26.71,0.0
3.0,8.0,0.0,0.0,11.0,1.1,2.0,3.0,0.0,7.05,108.83,0.0
0.0,0.0,0.0,0.0,0.0,0.0,0.0,0.0,0.0,2.57,55.71,0.0
6.0,179.0,6.0,176.0,367.0,36.7,5.0,8.0,0.983,68.84,242.39,1.0
3.0,110.0,0.0,97.0,210.0,21.0,10.0,12.0,0.882,73.9,310.25,1.0
0.0,31.0,2.0,27.0,60.0,6.0,4.0,5.0,0.871,28.99,60.49,1.0
8.0,124.0,4.0,132.0,268.0,26.8,6.0,10.0,1.065,61.44,239.17,1.0
0.0,0.0,0.0,0.0,0.0,0.0,0.0,0.0,0.0,2.82,46.72,0.0
0.0,26.0,4.0,26.0,56.0,5.6,3.0,5.0,1.0,32.45,73.78,1.0
3.0,65.0,7.0,60.0,135.0,13.5,7.0,6.0,0.923,59.8,60.92,1.0
49.0,5.0,0.0,0.0,54.0,5.4,1.0,3.0,0.0,12.74,135.54,0.0
1.0,0.0,0.0,0.0,1.0,0.1,1.0,1.0,0.0,3.09,39.88,0.0
5.0,8.0,1.0,0.0,14.0,1.4,3.0,4.0,0.0,12.35,46.29,0.0
1.0,0.0,1.0,0.0,2.0,0.2,1.0,1.0,0.0,2.75,15.21,0.0
1.0,22.0,3.0,17.0,43.0,4.3,2.0,3.0,0.773,16.44,48.82,1.0
1.0,1.0,1.0,0.0,3.0,0.3,1.0,1.0,0.0,1.75,58.08,0.0
0.0,2.0,1.0,0.0,3.0,0.3,1.0,0.0,0.0,3.9,50.17,0.0
0.0,180.0,13.0,185.0,378.0,37.8,6.0,7.0,1.028,43.01,251.23,1.0
27.0,71.0,6.0,1.0,105.0,10.5,6.0,4.0,0.014,78.37,225.47,0.0
8.0,113.0,15.0,115.0,251.0,25.1,12.0,6.0,1.018,70.6,195.32,1.0
86.0,9.0,0.0,0.0,95.0,9.5,4.0,2.0,0.0,26.78,181.37,0.0
1.0,28.0,4.0,23.0,56.0,5.6,2.0,3.0,0.821,27.58,140.97,1.0
0.0,30.0,4.0,24.0,58.0,5.8,5.0,5.0,0.8,16.07,129.45,1.0
3.0,31.0,1.0,30.0,65.0,6.5,4.0,6.0,0.968,39.13,55.13,1.0
6.0,61.0,13.0,52.0,132.0,13.2,4.0,12.0,0.852,60.21,115.84,1.0
0.0,0.0,0.0,0.0,0.0,0.0,0.0,0.0,0.0,2.74,25.51,0.0
4.0,135.0,11.0,120.0,270.0,27.0,6.0,10.0,0.889,41.26,88.7,1.0
7.0,125.0,13.0,136.0,281.0,28.1,12.0,12.0,1.088,73.25,181.66,1.0
0.0,0.0,0.0,0.0,0.0,0.0,0.0,0.0,0.0,2.52,24.65,0.0
5.0,9.0,3.0,0.0,17.0,1.7,2.0,3.0,0.0,8.4,121.98,0.0
1.0,15.0,1.0,14.0,31.0,3.1,4.0,7.0,0.933,42.76,40.92,1.0
1.0,4.0,1.0,1.0,7.0,0.7,3.0,1.0,0.25,19.99,134.12,0.0
1.0,0.0,0.0,0.0,1.0,0.1,1.0,0.0,0.0,1.81,56.66,0.0
1.0,77.0,12.0,72.0,162.0,16.2,13.0,7.0,0.935,81.64,116.48,1.0
0.0,46.0,5.0,45.0,96.0,9.6,2.0,3.0,0.978,27.73,118.48,1.0
4.0,43.0,7.0,39.0,93.0,9.3,5.0,6.0,0.907,71.7,86.64,1.0
28.0,44.0,29.0,0.0,101.0,10.1,4.0,8.0,0.0,81.62,760.88,0.0
6.0,8.0,0.0,0.0,14.0,1.4,1.0,2.0,0.0,9.84,96.06,0.0
5.0,35.0,2.0,32.0,74.0,7.4,4.0,3.0,0.914,65.26,64.04,1.0
60.0,108.0,22.0,3.0,193.0,19.3,4.0,7.0,0.028,91.03,676.29,0.0
0.0,2.0,1.0,0.0,3.0,0.3,1.0,0.0,0.0,0.3,31.58,0.0
4.0,63.0,7.0,63.0,137.0,13.7,6.0,7.0,1.0,40.02,136.07,1.0
0.0,1.0,0.0,0.0,1.0,0.1,1.0,0.0,0.0,2.48,43.74,0.0
2.0,102.0,5.0,93.0,202.0,20.2,16.0,10.0,0.912,94.57,251.18,1.0
8.0,82.0,0.0,88.0,178.0,17.8,8.0,8.0,1.073,77.13,127.92,1.0
2.0,13.0,3.0,0.0,18.0,1.8,3.0,2.0,0.0,2.01,175.47,0.0
2.0,31.0,2.0,31.0,66.0,6.6,3.0,7.0,1.0,42.77,98.12,1.0
3.0,144.0,11.0,136.0,294.0,29.4,16.0,7.0,0.944,87.61,162.11,1.0
8.0,96.0,1.0,89.0,194.0,19.4,5.0,7.0,0.927,78.51,312.99,1.0
5.0,148.0,5.0,142.0,300.0,30.0,7.0,6.0,0.959,91.49,177.46,1.0
4.0,9.0,3.0,0.0,16.0,1.6,3.0,3.0,0.0,14.54,86.99,0.0
3.0,24.0,2.0,19.0,48.0,4.8,5.0,7.0,0.792,15.56,132.32,1.0
6.0,4.0,2.0,1.0,13.0,1.3,2.0,4.0,0.25,7.87,137.61,0.0
3.0,4.0,0.0,0.0,7.0,0.7,2.0,4.0,0.0,5.36,109.67,0.0
3.0,98.0,10.0,100.0,211.0,21.1,16.0,10.0,1.02,79.52,288.64,1.0
0.0,2.0,1.0,0.0,3.0,0.3,1.0,0.0,0.0,3.14,23.46,0.0
3.0,15.0,0.0,1.0,19.0,1.9,3.0,3.0,0.067,4.67,164.39,0.0
1.0,120.0,11.0,137.0,269.0,26.9,5.0,11.0,1.142,58.75,238.65,1.0
7.0,121.0,1.0,120.0,249.0,24.9,10.0,5.0,0.992,43.54,223.71,1.0
6.0,170.0,8.0,188.0,372.0,37.2,10.0,6.0,1.106,50.91,125.57,1.0
2.0,51.0,3.0,50.0,106.0,10.6,6.0,6.0,0.98,28.87,189.15,1.0
0.0,2.0,0.0,0.0,2.0,0.2,1.0,1.0,0.0,1.07,20.11,0.0
4.0,63.0,7.0,71.0,145.0,14.5,16.0,12.0,1.127,70.44,122.21,1.0
0.0,46.0,4.0,44.0,94.0,9.4,4.0,6.0,0.957,58.56,202.62,1.0
5.0,4.0,1.0,0.0,10.0,1.0,1.0,4.0,0.0,15.33,90.17,0.0
5.0,48.0,4.0,44.0,101.0,10.1,5.0,4.0,0.917,50.18,53.95,1.0
37.0,41.0,6.0,3.0,87.0,8.7,11.0,6.0,0.073,55.41,310.21,0.0
1.0,1.0,0.0,0.0,2.0,0.2,1.0,0.0,0.0,3.92,15.14,0.0
0.0,2.0,0.0,0.0,2.0,0.2,1.0,1.0,0.0,3.64,42.83,0.0
3.0,58.0,7.0,58.0,126.0,12.6,16.0,7.0,1.0,70.29,228.8,1.0
4.0,32.0,7.0,33.0,76.0,7.6,7.0,2.0,1.031,31.17,61.76,1.0
0.0,21.0,1.0,21.0,43.0,4.3,3.0,6.0,1.0,27.34,95.06,1.0
0.0,2.0,1.0,0.0,3.0,0.3,1.0,1.0,0.0,1.12,58.8,0.0
5.0,107.0,12.0,116.0,240.0,24.0,14.0,9.0,1.084,75.55,182.34,1.0
0.0,0.0,0.0,0.0,0.0,0.0,0.0,0.0,0.0,3.36,29.75,0.0
0.0,1.0,1.0,0.0,2.0,0.2,1.0,1.0,0.0,0.49,32.17,0.0
36.0,71.0,20.0,0.0,127.0,12.7,12.0,7.0,0.0,61.56,234.3,0.0
1.0,1.0,1.0,0.0,3.0,0.3,1.0,1.0,0.0,1.89,16.48,0.0
2.0,19.0,1.0,16.0,38.0,3.8,4.0,5.0,0.842,28.56,77.29,1.0
6.0,63.0,9.0,70.0,148.0,14.8,14.0,6.0,1.111,58.06,145.47,1.0
0.0,56.0,11.0,61.0,128.0,12.8,6.0,6.0,1.089,91.7,202.41,1.0
3.0,35.0,0.0,36.0,74.0,7.4,2.0,3.0,1.029,33.36,112.75,1.0
1.0,1.0,0.0,0.0,2.0,0.2,1.0,1.0,0.0,0.42,21.47,0.0
118.0,89.0,27.0,2.0,236.0,23.6,11.0,5.0,0.022,87.19,460.89,0.0
76.0,91.0,23.0,0.0,190.0,19.0,11.0,8.0,0.0,72.17,694.75,0.0
3.0,38.0,4.0,37.0,82.0,8.2,6.0,4.0,0.974,37.02,54.98,1.0
0.0,0.0,0.0,0.0,0.0,0.0,0.0,0.0,0.0,0.25,31.0,0.0
0.0,102.0,3.0,104.0,209.0,20.9,7.0,12.0,1.02,64.93,286.79,1.0
0.0,95.0,6.0,98.0,199.0,19.9,14.0,12.0,1.032,55.67,318.39,1.0
90.0,145.0,23.0,0.0,258.0,25.8,5.0,6.0,0.0,76.75,307.13,0.0
6.0,5.0,1.0,0.0,12.0,1.2,3.0,2.0,0.0,16.45,173.28,0.0
7.0,163.0,11.0,185.0,366.0,36.6,16.0,7.0,1.135,79.6,249.88,1.0
2.0,60.0,2.0,64.0,128.0,12.8,7.0,2.0,1.067,32.87,97.52,1.0
0.0,2.0,0.0,0.0,2.0,0.2,1.0,0.0,0.0,1.58,33.9,0.0
1.0,28.0,4.0,23.0,56.0,5.6,4.0,7.0,0.821,37.7,82.2,1.0
7.0,65.0,7.0,60.0,139.0,13.9,13.0,5.0,0.923,72.76,277.08,1.0
3.0,25.0,4.0,25.0,57.0,5.7,2.0,7.0,1.0,37.98,97.0,1.0
1.0,6.0,2.0,0.0,9.0,0.9,2.0,3.0,0.0,3.22,162.01,0.0
8.0,94.0,5.0,80.0,187.0,18.7,4.0,11.0,0.851,85.92,70.54,1.0
0.0,0.0,0.0,0.0,0.0,0.0,0.0,0.0,0.0,2.39,40.27,0.0
4.0,8.0,0.0,1.0,13.0,1.3,2.0,1.0,0.125,15.22,156.82,0.0
60.0,12.0,0.0,0.0,72.0,7.2,2.0,2.0,0.0,32.88,173.85,0.0
0.0,48.0,2.0,52.0,102.0,10.2,2.0,5.0,1.083,64.47,188.6,1.0
51.0,6.0,0.0,0.0,57.0,5.7,3.0,3.0,0.0,34.88,191.64,0.0
3.0,40.0,15.0,43.0,101.0,10.1,13.0,9.0,1.075,65.33,218.35,1.0
4.0,158.0,1.0,177.0,340.0,34.0,12.0,5.0,1.12,45.23,262.59,1.0
0.0,2.0,0.0,0.0,2.0,0.2,1.0,1.0,0.0,3.3,47.87,0.0
2.0,16.0,0.0,16.0,34.0,3.4,2.0,4.0,1.0,41.54,131.36,1.0
5.0,151.0,0.0,154.0,310.0,31.0,8.0,9.0,1.02,80.57,74.16,1.0
2.0,101.0,0.0,107.0,210.0,21.0,16.0,7.0,1.059,51.35,269.75,1.0
6.0,12.0,3.0,0.0,21.0,2.1,1.0,2.0,0.0,16.35,48.47,0.0
4.0,78.0,8.0,89.0,179.0,17.9,13.0,7.0,1.141,82.24,120.31,1.0
0.0,20.0,4.0,16.0,40.0,4.0,2.0,3.0,0.8,39.32,133.31,1.0
1.0,34.0,3.0,31.0,69.0,6.9,2.0,4.0,0.912,18.0,47.73,1.0
109.0,149.0,23.0,0.0,281.0,28.1,8.0,4.0,0.0,74.32,293.52,0.0
0.0,22.0,0.0,20.0,42.0,4.2,6.0,6.0,0.909,41.0,47.23,1.0
2.0,86.0,5.0,74.0,167.0,16.7,5.0,7.0,0.86,88.26,299.26,1.0
50.0,157.0,28.0,0.0,235.0,23.5,6.0,3.0,0.0,83.07,259.53,0.0
80.0,63.0,15.0,0.0,158.0,15.8,9.0,4.0,0.0,51.48,649.48,0.0
5.0,40.0,3.0,38.0,86.0,8.6,8.0,2.0,0.95,36.44,66.15,1.0
103.0,133.0,16.0,3.0,255.0,25.5,8.0,7.0,0.023,74.6,777.96,0.0
5.0,9.0,2.0,0.0,16.0,1.6,2.0,3.0,0.0,11.83,134.62,0.0
78.0,8.0,0.0,0.0,86.0,8.6,4.0,1.0,0.0,24.45,84.23,0.0
75.0,41.0,16.0,0.0,132.0,13.2,12.0,3.0,0.0,50.98,632.84,0.0
3.0,19.0,2.0,18.0,42.0,4.2,3.0,4.0,0.947,32.08,83.47,1.0
0.0,1.0,1.0,0.0,2.0,0.2,1.0,0.0,0.0,3.71,25.65,0.0
0.0,1.0,0.0,0.0,1.0,0.1,1.0,1.0,0.0,3.06,38.96,0.0
6.0,103.0,5.0,105.0,219.0,21.9,11.0,12.0,1.019,93.35,231.01,1.0
7.0,61.0,9.0,63.0,140.0,14.0,7.0,5.0,1.033,45.78,176.25,1.0
3.0,83.0,15.0,72.0,173.0,17.3,6.0,5.0,0.867,40.66,302.76,1.0
1.0,18.0,0.0,17.0,36.0,3.6,2.0,4.0,0.944,25.48,131.84,1.0
4.0,6.0,3.0,0.0,13.0,1.3,3.0,1.0,0.0,19.25,164.61,0.0
3.0,13.0,0.0,0.0,16.0,1.6,2.0,1.0,0.0,16.94,98.11,0.0
6.0,12.0,3.0,0.0,21.0,2.1,3.0,2.0,0.0,16.13,153.89,0.0
2.0,4.0,0.0,0.0,6.0,0.6,3.0,3.0,0.0,2.87,68.66,0.0
4.0,115.0,1.0,108.0,228.0,22.8,9.0,5.0,0.939,71.22,229.21,1.0
3.0,32.0,8.0,29.0,72.0,7.2,6.0,6.0,0.906,50.44,205.01,1.0
1.0,2.0,0.0,0.0,3.0,0.3,1.0,1.0,0.0,0.55,18.04,0.0
5.0,14.0,2.0,0.0,21.0,2.1,3.0,2.0,0.0,4.87,91.97,0.0
1.0,6.0,1.0,0.0,8.0,0.8,1.0,1.0,0.0,5.95,75.51,0.0
0.0,37.0,4.0,39.0,80.0,8.0,5.0,3.0,1.054,73.32,76.35,1.0
1.0,87.0,8.0,82.0,178.0,17.8,11.0,10.0,0.943,88.88,296.15,1.0
1.0,0.0,1.0,0.0,2.0,0.2,1.0,1.0,0.0,2.27,41.72,0.0
5.0,11.0,0.0,0.0,16.0,1.6,3.0,4.0,0.0,16.07,50.17,0.0
1.0,0.0,0.0,0.0,1.0,0.1,1.0,0.0,0.0,0.56,56.05,0.0
4.0,101.0,13.0,93.0,211.0,21.1,10.0,10.0,0.921,41.32,158.36,1.0
5.0,105.0,5.0,118.0,233.0,23.3,9.0,11.0,1.124,48.05,207.53,1.0
2.0,14.0,4.0,13.0,33.0,3.3,4.0,3.0,0.929,26.52,119.78,1.0
35.0,142.0,6.0,3.0,186.0,18.6,12.0,4.0,0.021,57.97,718.23,0.0
4.0,30.0,0.0,31.0,65.0,6.5,3.0,6.0,1.033,25.83,105.98,1.0
3.0,28.0,7.0,27.0,65.0,6.5,7.0,3.0,0.964,73.92,99.25,1.0
0.0,100.0,8.0,104.0,212.0,21.2,4.0,7.0,1.04,51.39,241.21,1.0
1.0,11.0,0.0,1.0,13.0,1.3,1.0,2.0,0.091,13.34,161.92,0.0
3.0,70.0,13.0,60.0,146.0,14.6,4.0,5.0,0.857,70.37,281.08,1.0
0.0,25.0,3.0,26.0,54.0,5.4,8.0,6.0,1.04,62.31,70.46,1.0
0.0,0.0,0.0,0.0,0.0,0.0,0.0,0.0,0.0,0.8,22.57,0.0
5.0,158.0,8.0,135.0,306.0,30.6,10.0,10.0,0.854,58.83,221.15,1.0
5.0,3.0,2.0,1.0,11.0,1.1,1.0,3.0,0.333,17.65,41.11,0.0
80.0,53.0,30.0,3.0,166.0,16.6,7.0,4.0,0.057,55.08,614.37,0.0
6.0,74.0,6.0,70.0,156.0,15.6,9.0,8.0,0.946,58.59,170.16,1.0
6.0,6.0,3.0,1.0,16.0,1.6,2.0,3.0,0.167,3.32,117.98,0.0
3.0,22.0,0.0,20.0,45.0,4.5,4.0,5.0,0.909,36.07,105.32,1.0
0.0,1.0,0.0,0.0,1.0,0.1,1.0,1.0,0.0,0.72,39.56,0.0
3.0,35.0,2.0,35.0,75.0,7.5,3.0,4.0,1.0,38.12,43.15,1.0
3.0,55.0,3.0,55.0,116.0,11.6,6.0,3.0,1.0,74.79,196.72,1.0
0.0,0.0,0.0,0.0,0.0,0.0,0.0,0.0,0.0,1.02,34.28,0.0
115.0,138.0,14.0,0.0,267.0,26.7,8.0,5.0,0.0,77.58,342.43,0.0
3.0,15.0,2.0,1.0,21.0,2.1,2.0,2.0,0.067,17.26,54.79,0.0
1.0,2.0,0.0,0.0,3.0,0.3,1.0,1.0,0.0,1.96,57.42,0.0
6.0,15.0,1.0,1.0,23.0,2.3,2.0,3.0,0.067,18.43,119.84,0.0
0.0,0.0,0.0,0.0,0.0,0.0,0.0,0.0,0.0,3.7,41.91,0.0
6.0,11.0,0.0,0.0,17.0,1.7,1.0,1.0,0.0,7.11,150.49,0.0
0.0,0.0,0.0,0.0,0.0,0.0,0.0,0.0,0.0,3.73,18.57,0.0
5.0,9.0,3.0,1.0,18.0,1.8,1.0,1.0,0.111,11.94,166.22,0.0
1.0,16.0,0.0,15.0,32.0,3.2,4.0,3.0,0.938,28.7,104.5,1.0
5.0,106.0,4.0,99.0,214.0,21.4,13.0,10.0,0.934,79.31,141.45,1.0
6.0,13.0,0.0,1.0,20.0,2.0,3.0,3.0,0.077,12.11,85.81,0.0
3.0,9.0,3.0,0.0,15.0,1.5,1.0,4.0,0.0,11.92,93.7,0.0
0.0,0.0,0.0,0.0,0.0,0.0,0.0,0.0,0.0,2.42,45.38,0.0
3.0,24.0,0.0,21.0,48.0,4.8,2.0,7.0,0.875,32.14,130.93,1.0
4.0,8.0,3.0,0.0,15.0,1.5,3.0,3.0,0.0,19.01,53.57,0.0
8.0,106.0,5.0,93.0,212.0,21.2,11.0,7.0,0.877,68.43,237.73,1.0
67.0,18.0,0.0,0.0,85.0,8.5,2.0,1.0,0.0,30.3,84.53,0.0
0.0,2.0,0.0,0.0,2.0,0.2,1.0,1.0,0.0,1.75,35.82,0.0
113.0,44.0,8.0,0.0,165.0,16.5,12.0,7.0,0.0,74.37,511.8,0.0
26.0,100.0,11.0,1.0,138.0,13.8,12.0,7.0,0.01,49.24,846.88,0.0
3.0,57.0,1.0,61.0,122.0,12.2,4.0,2.0,1.07,40.63,172.19,1.0
1.0,35.0,4.0,35.0,75.0,7.5,5.0,7.0,1.0,28.14,95.18,1.0
33.0,15.0,0.0,0.0,48.0,4.8,2.0,1.0,0.0,29.67,114.88,0.0
0.0,2.0,1.0,0.0,3.0,0.3,1.0,1.0,0.0,3.27,23.92,0.0
1.0,14.0,3.0,12.0,30.0,3.0,4.0,6.0,0.857,29.22,46.62,1.0
1.0,4.0,0.0,1.0,6.0,0.6,2.0,3.0,0.25,11.68,101.34,0.0
2.0,3.0,0.0,1.0,6.0,0.6,2.0,3.0,0.333,17.56,105.41,0.0
3.0,18.0,4.0,14.0,39.0,3.9,5.0,3.0,0.778,30.93,79.05,1.0
0.0,1.0,0.0,0.0,1.0,0.1,1.0,1.0,0.0,0.25,27.34,0.0
0.0,0.0,1.0,0.0,1.0,0.1,1.0,1.0,0.0,2.77,51.61,0.0
2.0,24.0,0.0,24.0,50.0,5.0,4.0,5.0,1.0,37.02,50.05,1.0
63.0,69.0,27.0,0.0,159.0,15.9,10.0,6.0,0.0,45.84,826.75,0.0
81.0,59.0,28.0,3.0,171.0,17.1,10.0,3.0,0.051,73.69,376.62,0.0
1.0,27.0,2.0,26.0,56.0,5.6,3.0,3.0,0.963,40.27,107.28,1.0
0.0,0.0,0.0,0.0,0.0,0.0,0.0,0.0,0.0,3.42,27.5,0.0
2.0,29.0,3.0,27.0,61.0,6.1,3.0,4.0,0.931,42.28,87.36,1.0
0.0,133.0,14.0,118.0,265.0,26.5,14.0,12.0,0.887,73.71,195.16,1.0
0.0,2.0,0.0,0.0,2.0,0.2,1.0,0.0,0.0,3.38,26.69,0.0
4.0,115.0,0.0,123.0,242.0,24.2,14.0,12.0,1.07,57.46,248.64,1.0
3.0,21.0,2.0,20.0,46.0,4.6,4.0,4.0,0.952,21.86,148.42,1.0
2.0,13.0,3.0,1.0,19.0,1.9,3.0,1.0,0.077,10.85,178.71,0.0
3.0,23.0,4.0,22.0,52.0,5.2,3.0,7.0,0.957,39.81,91.42,1.0
103.0,132.0,19.0,2.0,256.0,25.6,11.0,4.0,0.015,74.74,769.95,0.0
8.0,56.0,9.0,51.0,124.0,12.4,5.0,9.0,0.911,64.98,90.9,1.0
4.0,62.0,7.0,63.0,136.0,13.6,13.0,4.0,1.016,62.52,160.46,1.0
4.0,49.0,7.0,50.0,110.0,11.0,4.0,6.0,1.02,46.01,61.77,1.0
5.0,57.0,13.0,60.0,135.0,13.5,4.0,6.0,1.053,63.92,220.11,1.0
2.0,13.0,4.0,10.0,29.0,2.9,5.0,4.0,0.769,31.71,42.81,1.0
98.0,144.0,11.0,2.0,255.0,25.5,7.0,8.0,0.014,73.34,710.18,0.0
1.0,0.0,1.0,0.0,2.0,0.2,1.0,1.0,0.0,2.19,22.34,0.0
6.0,14.0,3.0,0.0,23.0,2.3,3.0,2.0,0.0,15.13,94.95,0.0
1.0,13.0,2.0,0.0,16.0,1.6,1.0,2.0,0.0,15.03,71.22,0.0
7.0,41.0,9.0,40.0,97.0,9.7,16.0,7.0,0.976,48.93,104.22,1.0
1.0,12.0,1.0,0.0,14.0,1.4,1.0,1.0,0.0,11.12,55.85,0.0
3.0,4.0,1.0,0.0,8.0,0.8,3.0,3.0,0.0,19.04,140.15,0.0
2.0,171.0,8.0,162.0,343.0,34.3,11.0,10.0,0.947,79.68,162.02,1.0
2.0,3.0,3.0,1.0,9.0,0.9,2.0,2.0,0.333,13.83,137.42,0.0
1.0,2.0,1.0,0.0,4.0,0.4,1.0,1.0,0.0,1.56,29.15,0.0
1.0,56.0,7.0,55.0,119.0,11.9,5.0,4.0,0.982,43.11,164.66,1.0
0.0,0.0,1.0,0.0,1.0,0.1,1.0,0.0,0.0,2.39,53.82,0.0
7.0,105.0,12.0,117.0,241.0,24.1,9.0,12.0,1.114,87.58,244.58,1.0
8.0,114.0,6.0,125.0,253.0,25.3,15.0,11.0,1.096,56.43,285.44,1.0
1.0,6.0,3.0,0.0,10.0,1.0,2.0,2.0,0.0,3.53,92.14,0.0
4.0,29.0,7.0,26.0,66.0,6.6,6.0,4.0,0.897,39.58,79.54,1.0
0.0,1.0,0.0,0.0,1.0,0.1,1.0,0.0,0.0,0.54,33.01,0.0
1.0,79.0,10.0,72.0,162.0,16.2,8.0,5.0,0.911,73.22,98.39,1.0
7.0,158.0,15.0,154.0,334.0,33.4,11.0,9.0,0.975,69.08,160.22,1.0
0.0,2.0,1.0,0.0,3.0,0.3,1.0,1.0,0.0,1.15,33.04,0.0
69.0,152.0,18.0,3.0,242.0,24.2,5.0,4.0,0.02,84.63,752.16,0.0
3.0,173.0,10.0,159.0,345.0,34.5,8.0,4.0,0.919,88.96,97.82,1.0
1.0,12.0,3.0,0.0,16.0,1.6,3.0,1.0,0.0,10.1,153.37,0.0
8.0,171.0,4.0,180.0,363.0,36.3,9.0,12.0,1.053,84.71,151.11,1.0
43.0,10.0,0.0,0.0,53.0,5.3,3.0,1.0,0.0,29.13,129.09,0.0
2.0,177.0,15.0,168.0,362.0,36.2,14.0,6.0,0.949,52.41,79.85,1.0
2.0,32.0,4.0,27.0,65.0,6.5,4.0,5.0,0.844,31.8,138.47,1.0
108.0,92.0,8.0,1.0,209.0,20.9,4.0,3.0,0.011,61.13,520.21,0.0
2.0,133.0,4.0,126.0,265.0,26.5,7.0,9.0,0.947,56.69,102.41,1.0
0.0,2.0,1.0,0.0,3.0,0.3,1.0,1.0,0.0,3.62,42.16,0.0
117.0,125.0,15.0,1.0,258.0,25.8,5.0,4.0,0.008,73.44,824.22,0.0
1.0,0.0,0.0,0.0,1.0,0.1,1.0,1.0,0.0,3.39,40.62,0.0
3.0,41.0,3.0,42.0,89.0,8.9,9.0,6.0,1.024,47.97,302.05,1.0
2.0,9.0,3.0,0.0,14.0,1.4,2.0,4.0,0.0,9.99,94.38,0.0
2.0,173.0,5.0,195.0,375.0,37.5,9.0,6.0,1.127,39.56,112.84,1.0
4.0,53.0,14.0,46.0,117.0,11.7,5.0,5.0,0.868,36.58,259.68,1.0
1.0,36.0,8.0,33.0,78.0,7.8,7.0,6.0,0.917,28.61,183.64,1.0
6.0,49.0,8.0,45.0,108.0,10.8,6.0,8.0,0.918,85.54,151.23,1.0
6.0,155.0,2.0,141.0,304.0,30.4,8.0,6.0,0.91,93.33,187.94,1.0
2.0,6.0,3.0,0.0,11.0,1.1,1.0,3.0,0.0,5.39,162.53,0.0
88.0,8.0,0.0,0.0,96.0,9.6,1.0,3.0,0.0,20.7,136.49,0.0
1.0,1.0,0.0,0.0,2.0,0.2,1.0,1.0,0.0,3.16,35.27,0.0
2.0,103.0,9.0,99.0,213.0,21.3,9.0,8.0,0.961,73.54,77.29,1.0
0.0,75.0,8.0,79.0,162.0,16.2,4.0,8.0,1.053,64.67,312.48,1.0
2.0,29.0,1.0,26.0,58.0,5.8,2.0,5.0,0.897,28.86,139.02,1.0
118.0,74.0,7.0,3.0,202.0,20.2,10.0,4.0,0.041,86.94,379.54,0.0
6.0,178.0,4.0,203.0,391.0,39.1,9.0,9.0,1.14,42.57,278.44,1.0
0.0,1.0,0.0,0.0,1.0,0.1,1.0,1.0,0.0,2.35,57.89,0.0
59.0,90.0,20.0,1.0,170.0,17.0,6.0,5.0,0.011,61.17,340.86,0.0
0.0,20.0,1.0,20.0,41.0,4.1,4.0,7.0,1.0,33.85,101.82,1.0
0.0,32.0,2.0,30.0,64.0,6.4,4.0,2.0,0.938,74.02,166.02,1.0
6.0,41.0,5.0,45.0,97.0,9.7,6.0,10.0,1.098,38.27,211.76,1.0
1.0,1.0,1.0,0.0,3.0,0.3,1.0,1.0,0.0,2.45,22.44,0.0
4.0,119.0,12.0,113.0,248.0,24.8,13.0,7.0,0.95,81.29,246.5,1.0
0.0,52.0,3.0,49.0,104.0,10.4,13.0,12.0,0.942,90.66,151.94,1.0
1.0,0.0,0.0,0.0,1.0,0.1,1.0,0.0,0.0,1.53,38.19,0.0
50.0,5.0,0.0,0.0,55.0,5.5,1.0,1.0,0.0,10.3,96.61,0.0
0.0,1.0,1.0,0.0,2.0,0.2,1.0,0.0,0.0,0.53,57.08,0.0
0.0,0.0,0.0,0.0,0.0,0.0,0.0,0.0,0.0,2.15,50.1,0.0
1.0,145.0,8.0,142.0,296.0,29.6,12.0,4.0,0.979,46.76,261.91,1.0
3.0,48.0,15.0,47.0,113.0,11.3,8.0,5.0,0.979,57.18,197.05,1.0
1.0,44.0,0.0,48.0,93.0,9.3,8.0,3.0,1.091,52.38,68.5,1.0
0.0,12.0,3.0,11.0,26.0,2.6,4.0,6.0,0.917,27.2,135.11,1.0
6.0,11.0,1.0,0.0,18.0,1.8,3.0,2.0,0.0,18.41,120.72,0.0
1.0,2.0,0.0,0.0,3.0,0.3,1.0,0.0,0.0,0.6,19.35,0.0
56.0,97.0,7.0,0.0,160.0,16.0,12.0,3.0,0.0,61.87,630.4,0.0
0.0,0.0,1.0,0.0,1.0,0.1,1.0,1.0,0.0,0.73,40.54,0.0
2.0,58.0,3.0,61.0,124.0,12.4,5.0,5.0,1.052,63.01,101.46,1.0
4.0,167.0,1.0,179.0,351.0,35.1,6.0,5.0,1.072,88.81,275.46,1.0
6.0,12.0,1.0,0.0,19.0,1.9,3.0,1.0,0.0,5.26,89.68,0.0
6.0,177.0,15.0,202.0,400.0,40.0,4.0,7.0,1.141,57.64,209.68,1.0
0.0,2.0,0.0,0.0,2.0,0.2,1.0,0.0,0.0,3.76,47.19,0.0
2.0,6.0,1.0,1.0,10.0,1.0,3.0,4.0,0.167,8.38,90.12,0.0
3.0,65.0,5.0,61.0,134.0,13.4,4.0,5.0,0.938,28.51,73.55,1.0
0.0,28.0,2.0,26.0,56.0,5.6,2.0,5.0,0.929,38.6,75.2,1.0
0.0,1.0,0.0,0.0,1.0,0.1,1.0,1.0,0.0,3.84,54.93,0.0
0.0,0.0,0.0,0.0,0.0,0.0,0.0,0.0,0.0,1.27,44.98,0.0
2.0,56.0,4.0,59.0,121.0,12.1,3.0,2.0,1.054,50.29,118.31,1.0
3.0,32.0,1.0,32.0,68.0,6.8,5.0,7.0,1.0,29.33,50.32,1.0
2.0,23.0,3.0,23.0,51.0,5.1,3.0,5.0,1.0,41.72,59.08,1.0
80.0,9.0,0.0,0.0,89.0,8.9,4.0,1.0,0.0,30.12,217.86,0.0
0.0,139.0,4.0,138.0,281.0,28.1,5.0,11.0,0.993,83.72,113.26,1.0
2.0,90.0,6.0,76.0,174.0,17.4,7.0,7.0,0.844,76.49,201.29,1.0
3.0,3.0,2.0,0.0,8.0,0.8,3.0,2.0,0.0,8.12,154.59,0.0
1.0,46.0,1.0,46.0,94.0,9.4,8.0,6.0,1.0,68.27,213.22,1.0
3.0,100.0,12.0,105.0,220.0,22.0,12.0,4.0,1.05,60.57,268.91,1.0
2.0,75.0,4.0,82.0,163.0,16.3,6.0,5.0,1.093,49.06,80.7,1.0
7.0,162.0,0.0,178.0,347.0,34.7,10.0,6.0,1.099,77.55,291.07,1.0
71.0,120.0,26.0,1.0,218.0,21.8,6.0,7.0,0.008,67.35,348.32,0.0
2.0,35.0,1.0,35.0,73.0,7.3,4.0,5.0,1.0,43.02,49.25,1.0
2.0,25.0,2.0,24.0,53.0,5.3,6.0,7.0,0.96,43.17,103.85,1.0
73.0,20.0,0.0,0.0,93.0,9.3,1.0,1.0,0.0,30.79,95.85,0.0
0.0,0.0,0.0,0.0,0.0,0.0,0.0,0.0,0.0,0.16,16.84,0.0
31.0,75.0,18.0,3.0,127.0,12.7,9.0,3.0,0.04,65.77,417.56,0.0
5.0,80.0,13.0,87.0,185.0,18.5,6.0,5.0,1.087,63.43,236.63,1.0
3.0,26.0,0.0,23.0,52.0,5.2,6.0,7.0,0.885,23.72,57.5,1.0
7.0,137.0,9.0,149.0,302.0,30.2,4.0,9.0,1.088,47.6,104.52,1.0
4.0,15.0,0.0,0.0,19.0,1.9,2.0,2.0,0.0,12.34,93.76,0.0
62.0,42.0,15.0,2.0,121.0,12.1,5.0,3.0,0.048,63.12,777.16,0.0
4.0,56.0,8.0,58.0,126.0,12.6,3.0,6.0,1.036,36.48,107.8,1.0
0.0,2.0,0.0,0.0,2.0,0.2,1.0,1.0,0.0,3.95,54.89,0.0
8.0,155.0,7.0,157.0,327.0,32.7,16.0,10.0,1.013,83.22,134.08,1.0
27.0,51.0,19.0,1.0,98.0,9.8,6.0,8.0,0.02,87.24,390.24,0.0
0.0,2.0,0.0,0.0,2.0,0.2,1.0,1.0,0.0,2.25,16.81,0.0
2.0,6.0,2.0,1.0,11.0,1.1,2.0,2.0,0.167,19.66,131.01,0.0
1.0,113.0,14.0,107.0,235.0,23.5,7.0,10.0,0.947,54.33,161.08,1.0
65.0,129.0,22.0,0.0,216.0,21.6,4.0,5.0,0.0,92.72,658.58,0.0
0.0,0.0,0.0,0.0,0.0,0.0,0.0,0.0,0.0,3.88,16.0,0.0
1.0,32.0,8.0,34.0,75.0,7.5,3.0,2.0,1.062,54.05,207.75,1.0
0.0,19.0,1.0,17.0,37.0,3.7,5.0,5.0,0.895,29.52,85.94,1.0
88.0,125.0,21.0,1.0,235.0,23.5,6.0,3.0,0.008,45.74,304.96,0.0
32.0,156.0,21.0,2.0,211.0,21.1,4.0,7.0,0.013,68.17,220.85,0.0
2.0,71.0,1.0,72.0,146.0,14.6,3.0,5.0,1.014,30.17,91.03,1.0
3.0,51.0,4.0,54.0,112.0,11.2,7.0,5.0,1.059,72.53,130.3,1.0
90.0,11.0,0.0,0.0,101.0,10.1,1.0,3.0,0.0,32.12,141.42,0.0
0.0,0.0,1.0,0.0,1.0,0.1,1.0,0.0,0.0,1.27,33.15,0.0
0.0,0.0,0.0,0.0,0.0,0.0,0.0,0.0,0.0,1.22,47.89,0.0
36.0,136.0,16.0,2.0,190.0,19.0,9.0,3.0,0.015,66.87,688.05,0.0
0.0,1.0,0.0,0.0,1.0,0.1,1.0,1.0,0.0,3.05,32.56,0.0
1.0,0.0,0.0,0.0,1.0,0.1,1.0,1.0,0.0,3.37,51.93,0.0
31.0,20.0,0.0,0.0,51.0,5.1,3.0,1.0,0.0,27.58,225.85,0.0
85.0,17.0,0.0,0.0,102.0,10.2,3.0,3.0,0.0,13.11,174.48,0.0
2.0,12.0,4.0,10.0,28.0,2.8,4.0,5.0,0.833,27.6,141.6,1.0
3.0,73.0,4.0,75.0,155.0,15.5,2.0,2.0,1.027,70.58,146.18,1.0
4.0,6.0,2.0,0.0,12.0,1.2,1.0,3.0,0.0,12.68,140.66,0.0
3.0,51.0,12.0,46.0,112.0,11.2,5.0,10.0,0.902,93.08,154.94,1.0
0.0,62.0,5.0,62.0,129.0,12.9,7.0,4.0,1.0,49.42,213.03,1.0
1.0,0.0,0.0,0.0,1.0,0.1,1.0,0.0,0.0,3.87,46.15,0.0
3.0,22.0,0.0,21.0,46.0,4.6,6.0,6.0,0.955,31.05,149.48,1.0
58.0,7.0,0.0,0.0,65.0,6.5,1.0,3.0,0.0,24.14,140.88,0.0
3.0,12.0,2.0,1.0,18.0,1.8,1.0,2.0,0.083,4.66,80.38,0.0
0.0,28.0,7.0,26.0,61.0,6.1,2.0,4.0,0.929,70.54,165.68,1.0
6.0,11.0,3.0,0.0,20.0,2.0,1.0,3.0,0.0,19.64,77.39,0.0
2.0,63.0,8.0,59.0,132.0,13.2,3.0,6.0,0.937,66.38,82.66,1.0
1.0,34.0,1.0,30.0,66.0,6.6,7.0,4.0,0.882,62.25,112.81,1.0
4.0,13.0,2.0,1.0,20.0,2.0,2.0,4.0,0.077,3.2,150.6,0.0
3.0,45.0,8.0,40.0,96.0,9.6,2.0,6.0,0.889,59.31,201.59,1.0
0.0,70.0,1.0,69.0,140.0,14.0,6.0,4.0,0.986,41.85,87.44,1.0
5.0,35.0,8.0,32.0,80.0,8.0,8.0,2.0,0.914,52.53,77.78,1.0
1.0,8.0,3.0,0.0,12.0,1.2,2.0,1.0,0.0,14.32,168.24,0.0
4.0,15.0,0.0,1.0,20.0,2.0,3.0,4.0,0.067,3.65,169.31,0.0
0.0,2.0,0.0,0.0,2.0,0.2,1.0,0.0,0.0,3.13,39.82,0.0
81.0,18.0,0.0,0.0,99.0,9.9,1.0,1.0,0.0,13.61,237.11,0.0
4.0,6.0,1.0,1.0,12.0,1.2,1.0,4.0,0.167,16.5,64.73,0.0
5.0,72.0,6.0,71.0,154.0,15.4,3.0,4.0,0.986,35.28,58.07,1.0
75.0,144.0,16.0,1.0,236.0,23.6,8.0,3.0,0.007,60.24,664.19,0.0
0.0,0.0,0.0,0.0,0.0,0.0,0.0,0.0,0.0,3.85,20.28,0.0
3.0,21.0,1.0,17.0,42.0,4.2,4.0,5.0,0.81,22.79,143.22,1.0
0.0,2.0,0.0,0.0,2.0,0.2,1.0,1.0,0.0,2.79,33.47,0.0
3.0,55.0,6.0,57.0,121.0,12.1,2.0,3.0,1.036,50.55,102.66,1.0
0.0,0.0,0.0,0.0,0.0,0.0,0.0,0.0,0.0,1.48,29.3,0.0
74.0,14.0,0.0,0.0,88.0,8.8,4.0,2.0,0.0,23.67,202.46,0.0
1.0,0.0,1.0,0.0,2.0,0.2,1.0,1.0,0.0,0.46,17.48,0.0
4.0,109.0,4.0,115.0,232.0,23.2,6.0,6.0,1.055,40.93,116.48,1.0
1.0,9.0,0.0,1.0,11.0,1.1,1.0,4.0,0.111,15.84,56.75,0.0
0.0,1.0,0.0,0.0,1.0,0.1,1.0,0.0,0.0,2.65,58.57,0.0
1.0,33.0,4.0,30.0,68.0,6.8,2.0,4.0,0.909,26.19,64.83,1.0
1.0,0.0,1.0,0.0,2.0,0.2,1.0,0.0,0.0,3.69,43.74,0.0
5.0,6.0,1.0,0.0,12.0,1.2,2.0,3.0,0.0,14.12,108.25,0.0
1.0,2.0,0.0,0.0,3.0,0.3,1.0,1.0,0.0,0.91,46.23,0.0
0.0,0.0,1.0,0.0,1.0,0.1,1.0,0.0,0.0,3.2,16.87,0.0
0.0,55.0,1.0,58.0,114.0,11.4,6.0,6.0,1.055,28.23,132.16,1.0
0.0,2.0,1.0,0.0,3.0,0.3,1.0,0.0,0.0,2.98,16.51,0.0
51.0,62.0,21.0,0.0,134.0,13.4,12.0,4.0,0.0,53.89,278.73,0.0
1.0,30.0,4.0,31.0,66.0,6.6,3.0,4.0,1.033,44.25,205.22,1.0
1.0,122.0,5.0,117.0,245.0,24.5,10.0,12.0,0.959,40.43,78.69,1.0
3.0,13.0,3.0,0.0,19.0,1.9,1.0,4.0,0.0,13.21,130.47,0.0
0.0,2.0,0.0,0.0,2.0,0.2,1.0,0.0,0.0,2.57,29.72,0.0
3.0,76.0,1.0,83.0,163.0,16.3,7.0,9.0,1.092,65.42,92.43,1.0
2.0,100.0,15.0,87.0,204.0,20.4,9.0,7.0,0.87,89.35,100.69,1.0
32.0,52.0,16.0,3.0,103.0,10.3,6.0,3.0,0.058,51.22,535.03,0.0
1.0,33.0,2.0,31.0,67.0,6.7,5.0,6.0,0.939,40.13,142.34,1.0
3.0,20.0,1.0,16.0,40.0,4.0,5.0,7.0,0.8,34.38,138.17,1.0
0.0,71.0,6.0,75.0,152.0,15.2,2.0,5.0,1.056,74.11,114.69,1.0
99.0,112.0,27.0,1.0,239.0,23.9,9.0,5.0,0.009,60.08,710.11,0.0
6.0,81.0,6.0,80.0,173.0,17.3,14.0,10.0,0.988,54.57,109.25,1.0
3.0,35.0,3.0,33.0,74.0,7.4,4.0,6.0,0.943,29.37,50.51,1.0
1.0,61.0,4.0,65.0,131.0,13.1,4.0,3.0,1.066,52.76,68.62,1.0
108.0,159.0,23.0,1.0,291.0,29.1,9.0,3.0,0.006,74.54,816.59,0.0
55.0,11.0,0.0,0.0,66.0,6.6,4.0,3.0,0.0,29.59,162.02,0.0
65.0,86.0,8.0,0.0,159.0,15.9,4.0,5.0,0.0,68.57,694.88,0.0
1.0,0.0,0.0,0.0,1.0,0.1,1.0,0.0,0.0,1.95,38.21,0.0
3.0,136.0,7.0,146.0,292.0,29.2,5.0,12.0,1.074,39.32,310.75,1.0
3.0,30.0,0.0,29.0,62.0,6.2,4.0,3.0,0.967,18.12,92.43,1.0
1.0,7.0,1.0,0.0,9.0,0.9,1.0,4.0,0.0,16.42,66.41,0.0
4.0,64.0,3.0,66.0,137.0,13.7,5.0,2.0,1.031,70.92,99.75,1.0
3.0,74.0,6.0,70.0,153.0,15.3,8.0,5.0,0.946,62.08,181.15,1.0
0.0,2.0,0.0,0.0,2.0,0.2,1.0,1.0,0.0,1.74,50.36,0.0
5.0,6.0,1.0,1.0,13.0,1.3,2.0,3.0,0.167,19.28,60.17,0.0
6.0,155.0,14.0,139.0,314.0,31.4,4.0,5.0,0.897,36.51,81.43,1.0
0.0,106.0,2.0,119.0,227.0,22.7,14.0,8.0,1.123,49.87,316.05,1.0
84.0,10.0,0.0,0.0,94.0,9.4,2.0,1.0,0.0,11.52,216.34,0.0
6.0,3.0,0.0,0.0,9.0,0.9,1.0,1.0,0.0,13.18,73.4,0.0
3.0,51.0,1.0,55.0,110.0,11.0,2.0,2.0,1.078,52.73,50.28,1.0
0.0,174.0,8.0,159.0,341.0,34.1,5.0,9.0,0.914,73.04,311.73,1.0
1.0,0.0,0.0,0.0,1.0,0.1,1.0,0.0,0.0,3.89,17.38,0.0
3.0,62.0,10.0,57.0,132.0,13.2,11.0,9.0,0.919,51.18,306.62,1.0
1.0,5.0,2.0,0.0,8.0,0.8,3.0,3.0,0.0,19.28,78.49,0.0
0.0,0.0,0.0,0.0,0.0,0.0,0.0,0.0,0.0,1.4,21.92,0.0
1.0,13.0,2.0,1.0,17.0,1.7,3.0,2.0,0.077,4.75,146.75,0.0
2.0,24.0,3.0,21.0,50.0,5.0,2.0,6.0,0.875,15.68,44.71,1.0
4.0,7.0,3.0,0.0,14.0,1.4,3.0,1.0,0.0,17.18,171.28,0.0
4.0,47.0,7.0,43.0,101.0,10.1,5.0,2.0,0.915,47.1,99.64,1.0
3.0,67.0,14.0,76.0,160.0,16.0,10.0,6.0,1.134,79.43,163.29,1.0
3.0,4.0,0.0,0.0,7.0,0.7,2.0,2.0,0.0,4.71,110.31,0.0
1.0,121.0,1.0,115.0,238.0,23.8,11.0,7.0,0.95,64.96,88.6,1.0
0.0,0.0,0.0,0.0,0.0,0.0,0.0,0.0,0.0,0.66,36.4,0.0
84.0,7.0,0.0,0.0,91.0,9.1,4.0,3.0,0.0,28.82,186.72,0.0
1.0,7.0,1.0,1.0,10.0,1.0,3.0,2.0,0.143,3.48,63.57,0.0
2.0,166.0,15.0,155.0,338.0,33.8,4.0,12.0,0.934,41.28,84.18,1.0
3.0,40.0,5.0,42.0,90.0,9.0,7.0,3.0,1.05,31.25,137.65,1.0
1.0,30.0,1.0,24.0,56.0,5.6,3.0,7.0,0.8,31.27,89.24,1.0
3.0,35.0,2.0,32.0,72.0,7.2,4.0,4.0,0.914,16.93,72.63,1.0
6.0,132.0,8.0,140.0,286.0,28.6,6.0,11.0,1.061,60.2,190.14,1.0
7.0,138.0,2.0,137.0,284.0,28.4,13.0,10.0,0.993,63.3,152.11,1.0
0.0,0.0,0.0,0.0,0.0,0.0,0.0,0.0,0.0,2.97,39.01,0.0
7.0,136.0,9.0,133.0,285.0,28.5,7.0,10.0,0.978,38.1,136.0,1.0
0.0,0.0,0.0,0.0,0.0,0.0,0.0,0.0,0.0,3.88,56.76,0.0
2.0,21.0,3.0,21.0,47.0,4.7,3.0,6.0,1.0,36.59,66.55,1.0
6.0,11.0,1.0,0.0,18.0,1.8,2.0,3.0,0.0,10.12,65.04,0.0
5.0,69.0,7.0,64.0,145.0,14.5,4.0,2.0,0.928,42.62,83.45,1.0
7.0,170.0,0.0,159.0,336.0,33.6,8.0,5.0,0.935,76.37,147.84,1.0
8.0,177.0,6.0,202.0,393.0,39.3,11.0,8.0,1.141,53.72,289.04,1.0
0.0,39.0,0.0,35.0,74.0,7.4,4.0,6.0,0.897,72.34,164.64,1.0
2.0,16.0,0.0,16.0,34.0,3.4,3.0,6.0,1.0,31.07,88.84,1.0
2.0,9.0,1.0,0.0,12.0,1.2,2.0,4.0,0.0,2.98,101.02,0.0
4.0,46.0,0.0,49.0,99.0,9.9,6.0,2.0,1.065,38.39,82.74,1.0
3.0,6.0,1.0,0.0,10.0,1.0,1.0,1.0,0.0,13.6,168.36,0.0
0.0,0.0,0.0,0.0,0.0,0.0,0.0,0.0,0.0,3.86,20.1,0.0
2.0,18.0,3.0,17.0,40.0,4.0,2.0,5.0,0.944,23.91,83.01,1.0
82.0,51.0,22.0,2.0,157.0,15.7,9.0,4.0,0.039,56.08,730.17,0.0
0.0,2.0,1.0,0.0,3.0,0.3,1.0,1.0,0.0,3.04,53.09,0.0
5.0,103.0,5.0,100.0,213.0,21.3,8.0,11.0,0.971,81.65,307.24,1.0
65.0,134.0,16.0,0.0,215.0,21.5,10.0,4.0,0.0,74.44,312.2,0.0
4.0,6.0,2.0,1.0,13.0,1.3,2.0,3.0,0.167,8.07,101.29,0.0
98.0,81.0,8.0,3.0,190.0,19.0,5.0,5.0,0.037,89.26,305.95,0.0
1.0,90.0,13.0,99.0,203.0,20.3,4.0,9.0,1.1,58.23,249.31,1.0
7.0,77.0,14.0,77.0,175.0,17.5,15.0,8.0,1.0,45.91,264.85,1.0
2.0,105.0,11.0,90.0,208.0,20.8,8.0,9.0,0.857,78.87,220.76,1.0
1.0,2.0,1.0,0.0,4.0,0.4,1.0,1.0,0.0,3.97,20.75,0.0
8.0,89.0,11.0,77.0,185.0,18.5,12.0,4.0,0.865,38.59,250.77,1.0
3.0,27.0,0.0,23.0,53.0,5.3,3.0,3.0,0.852,33.77,74.47,1.0
5.0,37.0,4.0,38.0,84.0,8.4,7.0,4.0,1.027,47.9,191.72,1.0
6.0,86.0,1.0,91.0,184.0,18.4,5.0,12.0,1.058,58.71,212.86,1.0
3.0,28.0,3.0,25.0,59.0,5.9,5.0,3.0,0.893,43.98,61.3,1.0
29.0,60.0,17.0,1.0,107.0,10.7,11.0,3.0,0.017,66.03,388.42,0.0
2.0,123.0,12.0,131.0,268.0,26.8,14.0,10.0,1.065,38.48,240.49,1.0
1.0,22.0,0.0,18.0,41.0,4.1,6.0,3.0,0.818,41.77,50.82,1.0
1.0,60.0,10.0,51.0,122.0,12.2,12.0,8.0,0.85,57.16,180.73,1.0
5.0,121.0,7.0,119.0,252.0,25.2,15.0,12.0,0.983,55.44,246.79,1.0
5.0,153.0,8.0,141.0,307.0,30.7,6.0,8.0,0.922,63.7,287.99,1.0
96.0,41.0,8.0,0.0,145.0,14.5,6.0,7.0,0.0,46.91,439.99,0.0
2.0,35.0,3.0,34.0,74.0,7.4,5.0,5.0,0.971,67.55,206.89,1.0
3.0,63.0,0.0,61.0,127.0,12.7,5.0,3.0,0.968,35.96,114.34,1.0
1.0,10.0,3.0,0.0,14.0,1.4,2.0,1.0,0.0,13.08,86.0,0.0
7.0,167.0,14.0,145.0,333.0,33.3,15.0,5.0,0.868,76.29,238.93,1.0
8.0,66.0,12.0,73.0,159.0,15.9,6.0,7.0,1.106,38.23,178.0,1.0
77.0,9.0,0.0,0.0,86.0,8.6,4.0,2.0,0.0,30.2,124.41,0.0
4.0,41.0,5.0,41.0,91.0,9.1,4.0,6.0,1.0,48.94,211.0,1.0
79.0,159.0,10.0,2.0,250.0,25.0,5.0,7.0,0.013,65.01,818.2,0.0
5.0,72.0,5.0,66.0,148.0,14.8,7.0,4.0,0.917,36.84,191.08,1.0
2.0,11.0,2.0,1.0,16.0,1.6,2.0,2.0,0.091,14.51,133.56,0.0
3.0,42.0,2.0,38.0,85.0,8.5,3.0,3.0,0.905,33.42,201.56,1.0
5.0,5.0,1.0,1.0,12.0,1.2,2.0,4.0,0.2,6.33,59.07,0.0
5.0,52.0,7.0,51.0,115.0,11.5,2.0,5.0,0.981,67.11,65.64,1.0
3.0,128.0,5.0,141.0,277.0,27.7,9.0,5.0,1.102,70.95,79.47,1.0
1.0,13.0,1.0,1.0,16.0,1.6,2.0,3.0,0.077,16.22,83.09,0.0
8.0,42.0,13.0,39.0,102.0,10.2,10.0,4.0,0.929,79.87,121.97,1.0
8.0,152.0,5.0,146.0,311.0,31.1,7.0,4.0,0.961,69.6,282.76,1.0
0.0,26.0,6.0,26.0,58.0,5.8,2.0,5.0,1.0,30.12,175.29,1.0
46.0,124.0,25.0,3.0,198.0,19.8,4.0,5.0,0.024,96.14,276.87,0.0
0.0,21.0,1.0,17.0,39.0,3.9,6.0,7.0,0.81,16.41,128.67,1.0
0.0,2.0,0.0,0.0,2.0,0.2,1.0,1.0,0.0,3.41,42.17,0.0
7.0,95.0,1.0,86.0,189.0,18.9,8.0,8.0,0.905,50.98,160.77,1.0
0.0,45.0,8.0,41.0,94.0,9.4,2.0,4.0,0.911,40.79,86.38,1.0
0.0,0.0,0.0,0.0,0.0,0.0,0.0,0.0,0.0,3.28,41.11,0.0
3.0,23.0,4.0,21.0,51.0,5.1,3.0,6.0,0.913,33.54,53.63,1.0
1.0,15.0,1.0,0.0,17.0,1.7,2.0,1.0,0.0,3.78,108.79,0.0
7.0,121.0,9.0,108.0,245.0,24.5,10.0,8.0,0.893,54.49,260.31,1.0
4.0,50.0,6.0,50.0,110.0,11.0,4.0,5.0,1.0,74.6,191.35,1.0
2.0,43.0,9.0,44.0,98.0,9.8,5.0,6.0,1.023,53.81,182.12,1.0
98.0,68.0,12.0,2.0,180.0,18.0,7.0,7.0,0.029,77.82,287.4,0.0
0.0,2.0,0.0,0.0,2.0,0.2,1.0,0.0,0.0,0.48,45.28,0.0
8.0,83.0,0.0,84.0,175.0,17.5,14.0,12.0,1.012,88.38,259.92,1.0
6.0,166.0,1.0,145.0,318.0,31.8,8.0,6.0,0.873,57.96,305.93,1.0
2.0,103.0,11.0,112.0,228.0,22.8,4.0,6.0,1.087,64.18,220.09,1.0
3.0,60.0,6.0,64.0,133.0,13.3,3.0,4.0,1.067,25.35,185.57,1.0
4.0,27.0,4.0,27.0,62.0,6.2,5.0,5.0,1.0,33.26,189.86,1.0
6.0,11.0,1.0,0.0,18.0,1.8,2.0,1.0,0.0,14.45,176.53,0.0
4.0,30.0,4.0,30.0,68.0,6.8,3.0,4.0,1.0,43.93,135.96,1.0
3.0,12.0,1.0,1.0,17.0,1.7,3.0,4.0,0.083,5.11,144.56,0.0
0.0,29.0,1.0,27.0,57.0,5.7,5.0,4.0,0.931,62.62,159.09,1.0
5.0,4.0,1.0,1.0,11.0,1.1,2.0,3.0,0.25,15.05,153.0,0.0
2.0,14.0,0.0,11.0,27.0,2.7,5.0,7.0,0.786,15.76,109.82,1.0
8.0,142.0,7.0,138.0,295.0,29.5,11.0,9.0,0.972,56.57,229.63,1.0
8.0,102.0,6.0,92.0,208.0,20.8,10.0,12.0,0.902,53.45,143.36,1.0
0.0,0.0,1.0,0.0,1.0,0.1,1.0,1.0,0.0,1.3,50.64,0.0
4.0,25.0,3.0,22.0,54.0,5.4,5.0,6.0,0.88,71.03,88.73,1.0
1.0,0.0,0.0,0.0,1.0,0.1,1.0,1.0,0.0,0.13,31.24,0.0
119.0,90.0,5.0,2.0,216.0,21.6,7.0,7.0,0.022,60.03,771.74,0.0
26.0,136.0,8.0,1.0,171.0,17.1,9.0,8.0,0.007,87.18,806.99,0.0
0.0,2.0,0.0,0.0,2.0,0.2,1.0,1.0,0.0,1.83,18.46,0.0
3.0,119.0,7.0,129.0,258.0,25.8,4.0,10.0,1.084,50.45,221.25,1.0
3.0,21.0,2.0,18.0,44.0,4.4,6.0,5.0,0.857,33.35,80.79,1.0
0.0,89.0,8.0,91.0,188.0,18.8,14.0,10.0,1.022,37.12,199.89,1.0
98.0,120.0,7.0,3.0,228.0,22.8,11.0,7.0,0.025,64.09,524.75,0.0
4.0,72.0,6.0,73.0,155.0,15.5,8.0,6.0,1.014,32.34,50.42,1.0
0.0,104.0,7.0,115.0,226.0,22.6,11.0,10.0,1.106,62.94,209.39,1.0
0.0,91.0,10.0,91.0,192.0,19.2,15.0,9.0,1.0,35.44,260.82,1.0
3.0,4.0,0.0,0.0,7.0,0.7,1.0,3.0,0.0,15.01,171.81,0.0
4.0,154.0,3.0,166.0,327.0,32.7,16.0,6.0,1.078,88.65,198.83,1.0
3.0,5.0,2.0,0.0,10.0,1.0,3.0,1.0,0.0,6.11,111.24,0.0
0.0,0.0,1.0,0.0,1.0,0.1,1.0,0.0,0.0,0.52,27.71,0.0
3.0,14.0,0.0,0.0,17.0,1.7,2.0,4.0,0.0,8.94,131.09,0.0
0.0,12.0,4.0,9.0,25.0,2.5,5.0,3.0,0.75,31.73,106.33,1.0
0.0,132.0,12.0,122.0,266.0,26.6,12.0,7.0,0.924,51.1,319.88,1.0
0.0,0.0,0.0,0.0,0.0,0.0,0.0,0.0,0.0,1.99,43.22,0.0
0.0,2.0,1.0,0.0,3.0,0.3,1.0,1.0,0.0,2.09,52.99,0.0
4.0,14.0,3.0,1.0,22.0,2.2,2.0,2.0,0.071,15.39,137.31,0.0
2.0,44.0,9.0,40.0,95.0,9.5,16.0,12.0,0.909,45.45,181.12,1.0
3.0,8.0,1.0,0.0,12.0,1.2,3.0,4.0,0.0,8.81,48.01,0.0
1.0,57.0,6.0,60.0,124.0,12.4,8.0,9.0,1.053,54.82,179.88,1.0
68.0,5.0,0.0,0.0,73.0,7.3,1.0,2.0,0.0,18.97,176.15,0.0
3.0,115.0,6.0,101.0,225.0,22.5,15.0,4.0,0.878,61.77,74.03,1.0
3.0,8.0,2.0,0.0,13.0,1.3,3.0,3.0,0.0,6.27,105.99,0.0
87.0,137.0,9.0,3.0,236.0,23.6,4.0,4.0,0.022,52.88,349.41,0.0
2.0,8.0,0.0,0.0,10.0,1.0,1.0,3.0,0.0,9.49,174.64,0.0
4.0,33.0,2.0,30.0,69.0,6.9,5.0,6.0,0.909,37.76,127.58,1.0
2.0,139.0,12.0,125.0,278.0,27.8,8.0,8.0,0.899,89.89,201.6,1.0
7.0,147.0,3.0,146.0,303.0,30.3,13.0,4.0,0.993,55.85,234.84,1.0
2.0,100.0,6.0,107.0,215.0,21.5,5.0,9.0,1.07,54.76,228.03,1.0
47.0,19.0,0.0,0.0,66.0,6.6,2.0,2.0,0.0,24.25,193.59,0.0
3.0,74.0,8.0,72.0,157.0,15.7,6.0,3.0,0.973,53.58,212.08,1.0
4.0,12.0,1.0,1.0,18.0,1.8,2.0,1.0,0.083,9.08,87.41,0.0
1.0,153.0,1.0,130.0,285.0,28.5,12.0,4.0,0.85,66.87,136.1,1.0
0.0,2.0,0.0,0.0,2.0,0.2,1.0,0.0,0.0,2.37,43.31,0.0
39.0,42.0,15.0,0.0,96.0,9.6,6.0,8.0,0.0,57.93,313.39,0.0
4.0,3.0,0.0,1.0,8.0,0.8,2.0,1.0,0.333,14.67,112.99,0.0
4.0,51.0,4.0,49.0,108.0,10.8,7.0,4.0,0.961,40.99,119.15,1.0
2.0,49.0,2.0,46.0,99.0,9.9,7.0,3.0,0.939,64.35,192.64,1.0
110.0,159.0,22.0,1.0,292.0,29.2,11.0,7.0,0.006,45.18,823.1,0.0
6.0,151.0,5.0,166.0,328.0,32.8,16.0,9.0,1.099,41.66,82.78,1.0
31.0,12.0,0.0,0.0,43.0,4.3,4.0,2.0,0.0,15.47,241.25,0.0
4.0,6.0,0.0,0.0,10.0,1.0,1.0,2.0,0.0,13.49,176.79,0.0
3.0,5.0,1.0,1.0,10.0,1.0,2.0,2.0,0.2,3.98,161.3,0.0
0.0,50.0,0.0,50.0,100.0,10.0,7.0,5.0,1.0,27.96,140.48,1.0
4.0,12.0,2.0,1.0,19.0,1.9,3.0,2.0,0.083,5.12,133.74,0.0
8.0,180.0,2.0,170.0,360.0,36.0,14.0,8.0,0.944,94.33,298.11,1.0
5.0,77.0,6.0,67.0,155.0,15.5,5.0,11.0,0.87,54.34,156.15,1.0
0.0,1.0,0.0,0.0,1.0,0.1,1.0,0.0,0.0,3.23,58.05,0.0
3.0,3.0,1.0,0.0,7.0,0.7,1.0,1.0,0.0,13.89,85.03,0.0
0.0,66.0,3.0,68.0,137.0,13.7,5.0,6.0,1.03,54.26,69.62,1.0
5.0,179.0,13.0,164.0,361.0,36.1,12.0,4.0,0.916,54.23,291.9,1.0
5.0,98.0,11.0,86.0,200.0,20.0,6.0,11.0,0.878,63.85,79.33,1.0
1.0,2.0,0.0,0.0,3.0,0.3,1.0,1.0,0.0,1.25,46.75,0.0
4.0,13.0,2.0,0.0,19.0,1.9,3.0,2.0,0.0,16.23,136.5,0.0
47.0,6.0,0.0,0.0,53.0,5.3,3.0,2.0,0.0,32.26,218.53,0.0
2.0,8.0,3.0,1.0,14.0,1.4,2.0,3.0,0.125,6.76,114.51,0.0
7.0,105.0,6.0,107.0,225.0,22.5,12.0,10.0,1.019,68.3,93.94,1.0
6.0,9.0,3.0,0.0,18.0,1.8,1.0,1.0,0.0,2.23,130.62,0.0
3.0,124.0,8.0,107.0,242.0,24.2,7.0,7.0,0.863,54.65,306.14,1.0
29.0,85.0,19.0,0.0,133.0,13.3,12.0,4.0,0.0,84.35,564.83,0.0
2.0,24.0,2.0,22.0,50.0,5.0,5.0,3.0,0.917,28.37,107.05,1.0
4.0,46.0,2.0,40.0,92.0,9.2,8.0,4.0,0.87,55.95,227.29,1.0
1.0,153.0,8.0,159.0,321.0,32.1,15.0,11.0,1.039,75.17,192.28,1.0
7.0,79.0,5.0,81.0,172.0,17.2,10.0,9.0,1.025,81.5,233.44,1.0
7.0,116.0,9.0,112.0,244.0,24.4,11.0,9.0,0.966,45.09,224.94,1.0
8.0,118.0,7.0,103.0,236.0,23.6,6.0,12.0,0.873,88.68,86.83,1.0
6.0,14.0,2.0,1.0,23.0,2.3,1.0,1.0,0.071,13.43,170.81,0.0
72.0,58.0,20.0,0.0,150.0,15.0,11.0,4.0,0.0,69.35,730.14,0.0
1.0,60.0,7.0,60.0,128.0,12.8,7.0,5.0,1.0,27.59,59.9,1.0
4.0,4.0,1.0,0.0,9.0,0.9,1.0,4.0,0.0,7.98,126.83,0.0
8.0,53.0,13.0,47.0,121.0,12.1,9.0,9.0,0.887,89.6,74.72,1.0
1.0,6.0,3.0,0.0,10.0,1.0,2.0,4.0,0.0,5.07,67.13,0.0
1.0,2.0,1.0,0.0,4.0,0.4,1.0,0.0,0.0,1.12,42.25,0.0
64.0,10.0,0.0,0.0,74.0,7.4,3.0,1.0,0.0,14.57,210.61,0.0
5.0,110.0,9.0,105.0,229.0,22.9,5.0,8.0,0.955,80.01,203.36,1.0
3.0,13.0,0.0,0.0,16.0,1.6,3.0,3.0,0.0,12.58,55.12,0.0
43.0,156.0,18.0,0.0,217.0,21.7,12.0,6.0,0.0,85.41,669.64,0.0
3.0,124.0,7.0,133.0,267.0,26.7,16.0,11.0,1.073,77.21,190.53,1.0
5.0,108.0,4.0,116.0,233.0,23.3,6.0,11.0,1.074,56.56,134.75,1.0
1.0,86.0,12.0,88.0,187.0,18.7,13.0,8.0,1.023,90.67,293.3,1.0
0.0,73.0,3.0,70.0,146.0,14.6,4.0,2.0,0.959,30.78,153.76,1.0
1.0,110.0,9.0,96.0,216.0,21.6,12.0,10.0,0.873,76.03,315.69,1.0
8.0,66.0,3.0,58.0,135.0,13.5,8.0,4.0,0.879,91.93,155.45,1.0
0.0,0.0,1.0,0.0,1.0,0.1,1.0,1.0,0.0,0.8,41.83,0.0
0.0,2.0,0.0,0.0,2.0,0.2,1.0,1.0,0.0,3.62,17.07,0.0
1.0,15.0,2.0,0.0,18.0,1.8,2.0,1.0,0.0,2.86,98.78,0.0
2.0,28.0,3.0,25.0,58.0,5.8,8.0,5.0,0.893,38.54,173.9,1.0
3.0,112.0,1.0,103.0,219.0,21.9,4.0,4.0,0.92,69.82,142.76,1.0
1.0,66.0,5.0,68.0,140.0,14.0,8.0,4.0,1.03,58.74,176.09,1.0
0.0,2.0,0.0,0.0,2.0,0.2,1.0,1.0,0.0,3.65,30.7,0.0
1.0,12.0,4.0,12.0,29.0,2.9,6.0,6.0,1.0,29.96,121.41,1.0
7.0,110.0,0.0,112.0,229.0,22.9,16.0,9.0,1.018,48.5,144.24,1.0
0.0,2.0,0.0,0.0,2.0,0.2,1.0,1.0,0.0,2.45,52.01,0.0
6.0,72.0,6.0,72.0,156.0,15.6,6.0,11.0,1.0,77.05,108.46,1.0
5.0,151.0,9.0,146.0,311.0,31.1,14.0,4.0,0.967,54.46,253.97,1.0
8.0,74.0,4.0,84.0,170.0,17.0,16.0,4.0,1.135,87.47,84.77,1.0
5.0,54.0,5.0,57.0,121.0,12.1,12.0,12.0,1.056,36.82,77.0,1.0
1.0,0.0,0.0,0.0,1.0,0.1,1.0,1.0,0.0,2.33,57.43,0.0
6.0,7.0,2.0,0.0,15.0,1.5,1.0,3.0,0.0,9.83,110.81,0.0
3.0,35.0,1.0,28.0,67.0,6.7,6.0,4.0,0.8,19.7,105.31,1.0
5.0,44.0,15.0,48.0,112.0,11.2,15.0,8.0,1.091,84.97,160.53,1.0
42.0,77.0,19.0,1.0,139.0,13.9,12.0,6.0,0.013,57.85,738.08,0.0
3.0,32.0,1.0,30.0,66.0,6.6,2.0,4.0,0.938,41.65,68.28,1.0
1.0,61.0,5.0,59.0,126.0,12.6,4.0,2.0,0.967,65.54,104.14,1.0
4.0,6.0,3.0,1.0,14.0,1.4,3.0,2.0,0.167,13.62,64.13,0.0
1.0,31.0,0.0,24.0,56.0,5.6,5.0,6.0,0.774,34.07,83.87,1.0
112.0,160.0,28.0,1.0,301.0,30.1,4.0,5.0,0.006,92.84,200.97,0.0
1.0,62.0,4.0,66.0,133.0,13.3,2.0,5.0,1.065,40.47,158.41,1.0
2.0,32.0,1.0,28.0,63.0,6.3,6.0,5.0,0.875,15.19,103.22,1.0
6.0,8.0,3.0,0.0,17.0,1.7,1.0,2.0,0.0,2.04,89.72,0.0
3.0,12.0,0.0,0.0,15.0,1.5,1.0,4.0,0.0,7.85,142.42,0.0
3.0,178.0,14.0,156.0,351.0,35.1,15.0,10.0,0.876,65.78,265.08,1.0
0.0,0.0,0.0,0.0,0.0,0.0,0.0,0.0,0.0,1.01,56.24,0.0
2.0,51.0,4.0,53.0,110.0,11.0,7.0,6.0,1.039,38.92,213.44,1.0
6.0,85.0,0.0,94.0,185.0,18.5,9.0,12.0,1.106,60.82,128.59,1.0
94.0,83.0,11.0,3.0,191.0,19.1,7.0,3.0,0.036,45.2,610.68,0.0
107.0,159.0,6.0,1.0,273.0,27.3,7.0,3.0,0.006,59.19,810.09,0.0
4.0,176.0,4.0,183.0,367.0,36.7,8.0,11.0,1.04,69.87,174.69,1.0
0.0,63.0,1.0,63.0,127.0,12.7,8.0,6.0,1.0,43.27,67.72,1.0
1.0,18.0,1.0,16.0,36.0,3.6,3.0,7.0,0.889,15.51,68.39,1.0
92.0,64.0,5.0,0.0,161.0,16.1,7.0,4.0,0.0,81.76,423.83,0.0
0.0,0.0,1.0,0.0,1.0,0.1,1.0,0.0,0.0,1.34,40.13,0.0
25.0,101.0,10.0,2.0,138.0,13.8,5.0,6.0,0.02,74.14,456.13,0.0
42.0,48.0,8.0,0.0,98.0,9.8,5.0,6.0,0.0,47.25,726.18,0.0
0.0,116.0,7.0,102.0,225.0,22.5,7.0,6.0,0.879,67.51,196.64,1.0
3.0,33.0,4.0,32.0,72.0,7.2,5.0,3.0,0.97,26.29,174.21,1.0
3.0,11.0,0.0,0.0,14.0,1.4,2.0,2.0,0.0,7.02,75.62,0.0
2.0,18.0,3.0,17.0,40.0,4.0,5.0,6.0,0.944,35.61,42.65,1.0
0.0,2.0,0.0,0.0,2.0,0.2,1.0,0.0,0.0,0.15,24.48,0.0
0.0,93.0,14.0,86.0,193.0,19.3,10.0,11.0,0.925,88.64,298.09,1.0
0.0,2.0,1.0,0.0,3.0,0.3,1.0,1.0,0.0,3.24,50.91,0.0
0.0,12.0,0.0,11.0,23.0,2.3,4.0,4.0,0.917,28.68,56.92,1.0
0.0,27.0,8.0,25.0,60.0,6.0,3.0,6.0,0.926,48.11,151.92,1.0
1.0,0.0,0.0,0.0,1.0,0.1,1.0,1.0,0.0,0.38,24.16,0.0
5.0,102.0,13.0,104.0,224.0,22.4,16.0,4.0,1.02,42.88,122.43,1.0
0.0,0.0,0.0,0.0,0.0,0.0,0.0,0.0,0.0,3.34,50.78,0.0
1.0,0.0,1.0,0.0,2.0,0.2,1.0,0.0,0.0,3.23,41.0,0.0
2.0,67.0,8.0,64.0,141.0,14.1,2.0,2.0,0.955,58.08,208.25,1.0
1.0,131.0,15.0,132.0,279.0,27.9,8.0,5.0,1.008,60.48,180.49,1.0
2.0,20.0,0.0,17.0,39.0,3.9,3.0,5.0,0.85,18.77,96.96,1.0
97.0,135.0,19.0,3.0,254.0,25.4,6.0,8.0,0.022,81.61,448.12,0.0
1.0,0.0,1.0,0.0,2.0,0.2,1.0,1.0,0.0,0.82,32.44,0.0
0.0,1.0,0.0,0.0,1.0,0.1,1.0,1.0,0.0,2.53,25.32,0.0
1.0,15.0,3.0,1.0,20.0,2.0,3.0,4.0,0.067,11.93,158.57,0.0
50.0,155.0,12.0,1.0,218.0,21.8,5.0,8.0,0.006,73.65,530.27,0.0
0.0,2.0,0.0,0.0,2.0,0.2,1.0,0.0,0.0,3.67,15.19,0.0
110.0,105.0,16.0,1.0,232.0,23.2,7.0,8.0,0.01,73.35,800.8,0.0
7.0,114.0,10.0,118.0,249.0,24.9,10.0,5.0,1.035,57.98,80.4,1.0
73.0,99.0,22.0,2.0,196.0,19.6,8.0,5.0,0.02,64.06,773.83,0.0
52.0,143.0,7.0,3.0,205.0,20.5,7.0,6.0,0.021,92.02,225.57,0.0
1.0,36.0,6.0,36.0,79.0,7.9,2.0,5.0,1.0,35.26,167.72,1.0
108.0,68.0,23.0,3.0,202.0,20.2,6.0,7.0,0.044,57.48,569.21,0.0
0.0,0.0,0.0,0.0,0.0,0.0,0.0,0.0,0.0,3.51,34.0,0.0
0.0,1.0,0.0,0.0,1.0,0.1,1.0,0.0,0.0,3.97,46.18,0.0
6.0,11.0,3.0,0.0,20.0,2.0,3.0,3.0,0.0,11.53,79.68,0.0
0.0,35.0,2.0,32.0,69.0,6.9,4.0,5.0,0.914,49.3,73.29,1.0
7.0,115.0,5.0,103.0,230.0,23.0,13.0,4.0,0.896,76.25,122.66,1.0
0.0,1.0,0.0,0.0,1.0,0.1,1.0,1.0,0.0,3.34,45.92,0.0
0.0,129.0,12.0,112.0,253.0,25.3,13.0,4.0,0.868,74.71,231.17,1.0
8.0,44.0,9.0,40.0,101.0,10.1,10.0,5.0,0.909,75.76,207.38,1.0
3.0,6.0,0.0,0.0,9.0,0.9,3.0,4.0,0.0,4.88,66.14,0.0
116.0,113.0,20.0,0.0,249.0,24.9,11.0,5.0,0.0,74.42,734.31,0.0
94.0,73.0,24.0,3.0,194.0,19.4,5.0,6.0,0.041,52.75,214.08,0.0
77.0,19.0,0.0,0.0,96.0,9.6,3.0,3.0,0.0,23.32,184.45,0.0
3.0,54.0,0.0,49.0,106.0,10.6,9.0,10.0,0.907,70.91,232.84,1.0
6.0,95.0,11.0,101.0,213.0,21.3,13.0,7.0,1.063,41.16,264.28,1.0
0.0,32.0,1.0,31.0,64.0,6.4,2.0,4.0,0.969,41.23,92.24,1.0
2.0,25.0,0.0,25.0,52.0,5.2,6.0,6.0,1.0,33.41,48.07,1.0
2.0,171.0,0.0,180.0,353.0,35.3,7.0,12.0,1.053,35.2,280.77,1.0
3.0,60.0,2.0,68.0,133.0,13.3,10.0,6.0,1.133,56.46,307.2,1.0
0.0,0.0,1.0,0.0,1.0,0.1,1.0,1.0,0.0,3.44,39.46,0.0
36.0,53.0,25.0,2.0,116.0,11.6,6.0,5.0,0.038,84.68,804.51,0.0
98.0,74.0,18.0,3.0,193.0,19.3,10.0,6.0,0.041,52.01,464.84,0.0
2.0,17.0,3.0,15.0,37.0,3.7,5.0,6.0,0.882,23.33,88.24,1.0
0.0,2.0,0.0,0.0,2.0,0.2,1.0,1.0,0.0,3.65,54.57,0.0
63.0,14.0,0.0,0.0,77.0,7.7,2.0,1.0,0.0,29.6,166.79,0.0
1.0,23.0,2.0,20.0,46.0,4.6,5.0,5.0,0.87,19.06,89.4,1.0
0.0,152.0,9.0,135.0,296.0,29.6,9.0,6.0,0.888,53.04,75.0,1.0
4.0,31.0,8.0,28.0,71.0,7.1,6.0,5.0,0.903,67.37,183.3,1.0
2.0,150.0,0.0,129.0,281.0,28.1,14.0,7.0,0.86,40.23,187.81,1.0
0.0,1.0,0.0,0.0,1.0,0.1,1.0,1.0,0.0,1.34,30.7,0.0
101.0,101.0,8.0,2.0,212.0,21.2,12.0,8.0,0.02,78.91,296.14,0.0
2.0,47.0,12.0,43.0,104.0,10.4,9.0,6.0,0.915,88.1,274.28,1.0
3.0,24.0,2.0,20.0,49.0,4.9,5.0,7.0,0.833,28.91,87.84,1.0
1.0,36.0,0.0,36.0,73.0,7.3,8.0,4.0,1.0,34.74,215.03,1.0
1.0,0.0,0.0,0.0,1.0,0.1,1.0,1.0,0.0,1.95,38.89,0.0
4.0,7.0,0.0,0.0,11.0,1.1,1.0,1.0,0.0,20.0,88.99,0.0
3.0,58.0,8.0,62.0,131.0,13.1,8.0,2.0,1.069,60.91,73.95,1.0
2.0,50.0,3.0,49.0,104.0,10.4,4.0,3.0,0.98,53.06,168.79,1.0
0.0,0.0,0.0,0.0,0.0,0.0,0.0,0.0,0.0,1.21,35.33,0.0
0.0,169.0,0.0,144.0,313.0,31.3,16.0,12.0,0.852,52.91,167.96,1.0
44.0,131.0,26.0,1.0,202.0,20.2,6.0,8.0,0.008,95.79,463.27,0.0
3.0,125.0,12.0,140.0,280.0,28.0,11.0,8.0,1.12,44.86,251.91,1.0
6.0,179.0,3.0,201.0,389.0,38.9,15.0,4.0,1.123,92.75,179.54,1.0
4.0,5.0,1.0,0.0,10.0,1.0,3.0,1.0,0.0,4.08,166.31,0.0
0.0,0.0,0.0,0.0,0.0,0.0,0.0,0.0,0.0,3.82,29.14,0.0
1.0,2.0,0.0,0.0,3.0,0.3,1.0,0.0,0.0,1.34,43.53,0.0
116.0,134.0,15.0,2.0,267.0,26.7,11.0,8.0,0.015,91.88,319.69,0.0
0.0,2.0,0.0,0.0,2.0,0.2,1.0,0.0,0.0,2.24,53.2,0.0
1.0,4.0,1.0,1.0,7.0,0.7,1.0,2.0,0.25,10.25,44.15,0.0
114.0,41.0,18.0,0.0,173.0,17.3,9.0,4.0,0.0,68.69,295.54,0.0
2.0,14.0,3.0,0.0,19.0,1.9,1.0,2.0,0.0,15.71,72.44,0.0
2.0,3.0,0.0,0.0,5.0,0.5,2.0,1.0,0.0,12.78,90.65,0.0
117.0,113.0,25.0,1.0,256.0,25.6,5.0,6.0,0.009,69.8,230.55,0.0
3.0,38.0,1.0,35.0,77.0,7.7,4.0,2.0,0.921,60.79,72.37,1.0
2.0,14.0,3.0,1.0,20.0,2.0,3.0,4.0,0.071,10.07,42.41,0.0
7.0,159.0,10.0,178.0,354.0,35.4,12.0,4.0,1.119,38.99,152.56,1.0
4.0,13.0,3.0,1.0,21.0,2.1,2.0,3.0,0.077,15.64,138.02,0.0
62.0,158.0,15.0,1.0,236.0,23.6,5.0,7.0,0.006,72.05,230.79,0.0
5.0,11.0,3.0,0.0,19.0,1.9,3.0,1.0,0.0,4.33,121.41,0.0
52.0,17.0,0.0,0.0,69.0,6.9,3.0,1.0,0.0,23.95,210.43,0.0
0.0,33.0,0.0,29.0,62.0,6.2,4.0,6.0,0.879,31.63,84.23,1.0
2.0,163.0,3.0,164.0,332.0,33.2,16.0,4.0,1.006,64.15,207.13,1.0
4.0,12.0,2.0,0.0,18.0,1.8,3.0,1.0,0.0,15.88,103.3,0.0
0.0,2.0,0.0,0.0,2.0,0.2,1.0,0.0,0.0,1.64,25.39,0.0
4.0,64.0,6.0,62.0,136.0,13.6,3.0,2.0,0.969,70.68,58.47,1.0
0.0,24.0,2.0,20.0,46.0,4.6,5.0,5.0,0.833,32.59,51.84,1.0
1.0,7.0,2.0,0.0,10.0,1.0,1.0,4.0,0.0,6.4,84.06,0.0
87.0,82.0,25.0,2.0,196.0,19.6,12.0,4.0,0.024,95.11,682.23,0.0
6.0,13.0,1.0,1.0,21.0,2.1,2.0,1.0,0.077,5.21,115.22,0.0
6.0,12.0,3.0,1.0,22.0,2.2,2.0,3.0,0.083,16.46,76.9,0.0
0.0,68.0,3.0,66.0,137.0,13.7,6.0,5.0,0.971,28.17,138.59,1.0
73.0,5.0,0.0,0.0,78.0,7.8,4.0,2.0,0.0,31.88,219.46,0.0
4.0,74.0,2.0,81.0,161.0,16.1,3.0,2.0,1.095,45.53,177.61,1.0
0.0,38.0,8.0,35.0,81.0,8.1,2.0,4.0,0.921,44.9,92.37,1.0
5.0,37.0,8.0,38.0,88.0,8.8,8.0,6.0,1.027,35.53,97.76,1.0
7.0,170.0,5.0,185.0,367.0,36.7,8.0,9.0,1.088,72.23,187.24,1.0
53.0,113.0,30.0,3.0,199.0,19.9,9.0,4.0,0.027,54.33,585.14,0.0
47.0,9.0,0.0,0.0,56.0,5.6,2.0,1.0,0.0,13.66,134.76,0.0
5.0,177.0,13.0,171.0,366.0,36.6,4.0,10.0,0.966,63.49,162.85,1.0
6.0,9.0,3.0,0.0,18.0,1.8,3.0,2.0,0.0,19.82,179.5,0.0
4.0,5.0,3.0,0.0,12.0,1.2,1.0,4.0,0.0,9.17,76.72,0.0
0.0,23.0,2.0,18.0,43.0,4.3,6.0,7.0,0.783,39.51,112.26,1.0
65.0,52.0,16.0,2.0,135.0,13.5,6.0,3.0,0.038,60.26,516.31,0.0
4.0,149.0,15.0,160.0,328.0,32.8,12.0,6.0,1.074,74.47,147.47,1.0
0.0,2.0,0.0,0.0,2.0,0.2,1.0,1.0,0.0,2.35,47.84,0.0
3.0,25.0,0.0,20.0,48.0,4.8,5.0,7.0,0.8,17.54,123.45,1.0
6.0,13.0,1.0,0.0,20.0,2.0,3.0,3.0,0.0,9.45,77.52,0.0
4.0,7.0,2.0,0.0,13.0,1.3,3.0,2.0,0.0,18.67,151.76,0.0
3.0,65.0,5.0,59.0,132.0,13.2,5.0,3.0,0.908,69.27,105.47,1.0
4.0,87.0,9.0,87.0,187.0,18.7,13.0,11.0,1.0,60.69,71.24,1.0
6.0,3.0,0.0,0.0,9.0,0.9,3.0,2.0,0.0,9.68,158.52,0.0
0.0,2.0,0.0,0.0,2.0,0.2,1.0,0.0,0.0,0.32,26.97,0.0
1.0,167.0,9.0,170.0,347.0,34.7,14.0,11.0,1.018,80.17,247.12,1.0
4.0,12.0,3.0,0.0,19.0,1.9,1.0,2.0,0.0,3.81,51.48,0.0
0.0,25.0,4.0,26.0,55.0,5.5,3.0,5.0,1.04,17.81,92.43,1.0
66.0,110.0,15.0,1.0,192.0,19.2,6.0,7.0,0.009,80.44,310.7,0.0
4.0,143.0,4.0,131.0,282.0,28.2,6.0,11.0,0.916,90.16,191.58,1.0
1.0,0.0,1.0,0.0,2.0,0.2,1.0,1.0,0.0,0.49,37.67,0.0
1.0,36.0,4.0,36.0,77.0,7.7,8.0,4.0,1.0,44.39,164.81,1.0
0.0,2.0,0.0,0.0,2.0,0.2,1.0,0.0,0.0,3.24,19.05,0.0
118.0,135.0,23.0,0.0,276.0,27.6,6.0,6.0,0.0,62.5,664.28,0.0
6.0,15.0,1.0,0.0,22.0,2.2,1.0,3.0,0.0,19.6,133.29,0.0
55.0,156.0,6.0,0.0,217.0,21.7,7.0,7.0,0.0,74.27,420.42,0.0
1.0,22.0,2.0,19.0,44.0,4.4,3.0,5.0,0.864,34.23,91.77,1.0
4.0,3.0,2.0,0.0,9.0,0.9,3.0,3.0,0.0,9.4,153.26,0.0
2.0,14.0,2.0,0.0,18.0,1.8,1.0,3.0,0.0,6.11,64.28,0.0
79.0,92.0,27.0,2.0,200.0,20.0,6.0,5.0,0.022,83.11,559.05,0.0
4.0,112.0,8.0,115.0,239.0,23.9,9.0,11.0,1.027,76.04,230.64,1.0
0.0,1.0,0.0,0.0,1.0,0.1,1.0,0.0,0.0,3.09,50.36,0.0
44.0,115.0,14.0,1.0,174.0,17.4,12.0,3.0,0.009,68.23,413.1,0.0
6.0,6.0,1.0,0.0,13.0,1.3,3.0,1.0,0.0,8.96,127.56,0.0
4.0,5.0,0.0,0.0,9.0,0.9,2.0,1.0,0.0,18.18,69.41,0.0
5.0,58.0,6.0,59.0,128.0,12.8,7.0,5.0,1.017,62.57,209.67,1.0
1.0,27.0,0.0,24.0,52.0,5.2,2.0,6.0,0.889,34.51,59.63,1.0
8.0,103.0,2.0,116.0,229.0,22.9,4.0,11.0,1.126,69.69,263.45,1.0
0.0,0.0,1.0,0.0,1.0,0.1,1.0,0.0,0.0,1.51,40.75,0.0
3.0,32.0,0.0,30.0,65.0,6.5,4.0,3.0,0.938,32.49,91.79,1.0
2.0,9.0,3.0,0.0,14.0,1.4,2.0,1.0,0.0,9.08,45.81,0.0
0.0,0.0,0.0,0.0,0.0,0.0,0.0,0.0,0.0,1.96,53.71,0.0
33.0,64.0,19.0,0.0,116.0,11.6,5.0,6.0,0.0,92.59,387.44,0.0
0.0,0.0,0.0,0.0,0.0,0.0,0.0,0.0,0.0,2.72,33.7,0.0
3.0,14.0,0.0,11.0,28.0,2.8,2.0,4.0,0.786,40.99,138.01,1.0
2.0,32.0,8.0,33.0,75.0,7.5,4.0,6.0,1.031,67.94,149.73,1.0
5.0,8.0,3.0,1.0,17.0,1.7,2.0,4.0,0.125,12.2,81.87,0.0
5.0,95.0,11.0,99.0,210.0,21.0,11.0,8.0,1.042,54.24,169.22,1.0
6.0,149.0,9.0,162.0,326.0,32.6,9.0,7.0,1.087,54.36,94.03,1.0
31.0,136.0,17.0,1.0,185.0,18.5,10.0,8.0,0.007,45.32,724.86,0.0
5.0,127.0,0.0,145.0,277.0,27.7,12.0,5.0,1.142,51.57,111.02,1.0
0.0,0.0,0.0,0.0,0.0,0.0,0.0,0.0,0.0,1.6,49.12,0.0
0.0,0.0,0.0,0.0,0.0,0.0,0.0,0.0,0.0,0.16,26.94,0.0
0.0,37.0,4.0,37.0,78.0,7.8,5.0,6.0,1.0,38.85,178.05,1.0
1.0,2.0,0.0,0.0,3.0,0.3,1.0,0.0,0.0,3.83,49.74,0.0
0.0,25.0,0.0,23.0,48.0,4.8,5.0,6.0,0.92,33.43,76.01,1.0
2.0,76.0,12.0,81.0,171.0,17.1,15.0,8.0,1.066,55.67,171.36,1.0
6.0,6.0,3.0,1.0,16.0,1.6,3.0,1.0,0.167,10.96,127.8,0.0
2.0,34.0,3.0,30.0,69.0,6.9,3.0,7.0,0.882,24.05,94.76,1.0
7.0,138.0,10.0,123.0,278.0,27.8,10.0,9.0,0.891,72.87,149.02,1.0
0.0,2.0,1.0,0.0,3.0,0.3,1.0,1.0,0.0,3.7,59.19,0.0
0.0,119.0,14.0,111.0,244.0,24.4,10.0,6.0,0.933,79.63,103.86,1.0
4.0,46.0,2.0,45.0,97.0,9.7,3.0,3.0,0.978,45.07,62.83,1.0
1.0,21.0,3.0,17.0,42.0,4.2,6.0,5.0,0.81,41.47,109.05,1.0
6.0,15.0,2.0,0.0,23.0,2.3,1.0,3.0,0.0,13.28,167.38,0.0
42.0,146.0,23.0,0.0,211.0,21.1,6.0,4.0,0.0,61.07,842.45,0.0
5.0,60.0,1.0,62.0,128.0,12.8,8.0,6.0,1.033,26.37,144.42,1.0
77.0,7.0,0.0,0.0,84.0,8.4,2.0,3.0,0.0,16.47,171.5,0.0
3.0,20.0,3.0,17.0,43.0,4.3,5.0,6.0,0.85,15.35,61.68,1.0
5.0,87.0,13.0,78.0,183.0,18.3,11.0,7.0,0.897,48.02,282.58,1.0
56.0,9.0,0.0,0.0,65.0,6.5,4.0,3.0,0.0,12.48,163.19,0.0
3.0,46.0,6.0,47.0,102.0,10.2,5.0,5.0,1.022,45.8,62.11,1.0
0.0,73.0,1.0,79.0,153.0,15.3,2.0,5.0,1.082,62.96,218.02,1.0
1.0,5.0,3.0,1.0,10.0,1.0,3.0,3.0,0.2,10.97,105.0,0.0
0.0,142.0,7.0,135.0,284.0,28.4,4.0,11.0,0.951,70.83,218.29,1.0
0.0,13.0,1.0,10.0,24.0,2.4,5.0,6.0,0.769,40.85,134.09,1.0
8.0,55.0,8.0,50.0,121.0,12.1,15.0,10.0,0.909,62.3,113.38,1.0
0.0,0.0,0.0,0.0,0.0,0.0,0.0,0.0,0.0,2.04,22.12,0.0
3.0,12.0,1.0,1.0,17.0,1.7,1.0,2.0,0.083,13.94,150.4,0.0
0.0,22.0,0.0,21.0,43.0,4.3,5.0,3.0,0.955,43.9,74.39,1.0
78.0,146.0,26.0,2.0,252.0,25.2,11.0,4.0,0.014,77.96,383.6,0.0
117.0,101.0,30.0,1.0,249.0,24.9,5.0,8.0,0.01,51.08,236.02,0.0
4.0,132.0,12.0,132.0,280.0,28.0,15.0,8.0,1.0,73.57,84.66,1.0
0.0,34.0,0.0,27.0,61.0,6.1,6.0,3.0,0.794,43.54,81.38,1.0
2.0,10.0,3.0,0.0,15.0,1.5,1.0,2.0,0.0,17.19,179.01,0.0
0.0,49.0,7.0,50.0,106.0,10.6,6.0,5.0,1.02,65.97,189.8,1.0
2.0,35.0,2.0,34.0,73.0,7.3,2.0,3.0,0.971,23.46,69.91,1.0
1.0,7.0,3.0,0.0,11.0,1.1,1.0,1.0,0.0,8.64,80.19,0.0
1.0,0.0,0.0,0.0,1.0,0.1,1.0,1.0,0.0,2.56,16.91,0.0
0.0,0.0,0.0,0.0,0.0,0.0,0.0,0.0,0.0,1.1,28.51,0.0
89.0,17.0,0.0,0.0,106.0,10.6,4.0,1.0,0.0,26.72,91.13,0.0
0.0,1.0,0.0,0.0,1.0,0.1,1.0,0.0,0.0,2.81,39.2,0.0
5.0,50.0,2.0,51.0,108.0,10.8,4.0,4.0,1.02,52.51,153.61,1.0
1.0,142.0,3.0,130.0,276.0,27.6,4.0,10.0,0.915,86.15,187.33,1.0
1.0,42.0,2.0,40.0,85.0,8.5,5.0,4.0,0.952,58.07,130.31,1.0
7.0,144.0,12.0,157.0,320.0,32.0,16.0,4.0,1.09,93.12,249.98,1.0
37.0,81.0,19.0,2.0,139.0,13.9,8.0,8.0,0.025,87.44,455.06,0.0
7.0,129.0,6.0,139.0,281.0,28.1,14.0,11.0,1.078,44.33,129.6,1.0
0.0,18.0,3.0,14.0,35.0,3.5,5.0,5.0,0.778,18.71,44.42,1.0
0.0,0.0,0.0,0.0,0.0,0.0,0.0,0.0,0.0,1.85,59.67,0.0
4.0,57.0,13.0,53.0,127.0,12.7,8.0,11.0,0.93,42.57,174.64,1.0
6.0,78.0,5.0,67.0,156.0,15.6,10.0,7.0,0.859,38.5,101.25,1.0
3.0,143.0,3.0,150.0,299.0,29.9,16.0,10.0,1.049,45.56,310.52,1.0
67.0,92.0,27.0,3.0,189.0,18.9,8.0,8.0,0.033,95.1,728.82,0.0
0.0,0.0,1.0,0.0,1.0,0.1,1.0,1.0,0.0,2.93,48.99,0.0
0.0,0.0,0.0,0.0,0.0,0.0,0.0,0.0,0.0,2.71,35.89,0.0
3.0,169.0,2.0,166.0,340.0,34.0,10.0,10.0,0.982,35.31,94.01,1.0
3.0,143.0,12.0,160.0,318.0,31.8,7.0,12.0,1.119,42.16,72.59,1.0
1.0,0.0,1.0,0.0,2.0,0.2,1.0,0.0,0.0,0.2,40.7,0.0
4.0,111.0,4.0,119.0,238.0,23.8,15.0,10.0,1.072,64.62,227.29,1.0
1.0,23.0,3.0,22.0,49.0,4.9,6.0,7.0,0.957,20.73,53.55,1.0
1.0,3.0,0.0,0.0,4.0,0.4,2.0,1.0,0.0,10.16,177.61,0.0
1.0,21.0,1.0,16.0,39.0,3.9,6.0,6.0,0.762,42.36,149.79,1.0
2.0,63.0,2.0,59.0,126.0,12.6,5.0,3.0,0.937,48.02,109.2,1.0
5.0,10.0,2.0,0.0,17.0,1.7,1.0,4.0,0.0,9.29,45.86,0.0
1.0,5.0,3.0,0.0,9.0,0.9,1.0,4.0,0.0,5.64,136.4,0.0
0.0,32.0,2.0,34.0,68.0,6.8,5.0,5.0,1.062,56.56,188.07,1.0
4.0,13.0,1.0,1.0,19.0,1.9,3.0,2.0,0.077,18.75,113.82,0.0
5.0,15.0,1.0,0.0,21.0,2.1,2.0,3.0,0.0,16.7,95.01,0.0
62.0,84.0,9.0,3.0,158.0,15.8,10.0,7.0,0.036,60.25,361.87,0.0
0.0,0.0,0.0,0.0,0.0,0.0,0.0,0.0,0.0,3.3,23.65,0.0
1.0,115.0,2.0,102.0,220.0,22.0,10.0,12.0,0.887,50.7,83.7,1.0
88.0,53.0,27.0,1.0,169.0,16.9,8.0,3.0,0.019,76.79,837.92,0.0
0.0,32.0,3.0,26.0,61.0,6.1,6.0,6.0,0.812,16.61,118.16,1.0
1.0,98.0,6.0,93.0,198.0,19.8,15.0,5.0,0.949,65.9,162.87,1.0
43.0,86.0,20.0,2.0,151.0,15.1,8.0,3.0,0.023,79.21,788.4,0.0
6.0,170.0,13.0,147.0,336.0,33.6,8.0,5.0,0.865,51.0,265.69,1.0
7.0,81.0,6.0,79.0,173.0,17.3,10.0,6.0,0.975,70.26,142.87,1.0
3.0,70.0,4.0,75.0,152.0,15.2,7.0,3.0,1.071,59.0,50.39,1.0
0.0,26.0,3.0,24.0,53.0,5.3,6.0,5.0,0.923,33.96,70.7,1.0
1.0,14.0,0.0,1.0,16.0,1.6,2.0,4.0,0.071,8.57,154.21,0.0
47.0,13.0,0.0,0.0,60.0,6.0,1.0,3.0,0.0,24.94,153.24,0.0
0.0,32.0,0.0,26.0,58.0,5.8,3.0,7.0,0.812,28.78,109.52,1.0
1.0,2.0,0.0,0.0,3.0,0.3,1.0,1.0,0.0,1.74,20.58,0.0
0.0,33.0,2.0,27.0,62.0,6.2,3.0,7.0,0.818,17.5,83.3,1.0
0.0,68.0,14.0,64.0,146.0,14.6,4.0,9.0,0.941,74.94,315.44,1.0
2.0,7.0,2.0,0.0,11.0,1.1,2.0,2.0,0.0,11.02,94.42,0.0
92.0,123.0,8.0,2.0,225.0,22.5,9.0,5.0,0.016,95.5,303.09,0.0
0.0,0.0,1.0,0.0,1.0,0.1,1.0,0.0,0.0,3.34,38.31,0.0
0.0,0.0,0.0,0.0,0.0,0.0,0.0,0.0,0.0,1.11,34.78,0.0
1.0,21.0,4.0,16.0,42.0,4.2,3.0,5.0,0.762,18.51,42.0,1.0
3.0,59.0,5.0,56.0,123.0,12.3,9.0,12.0,0.949,67.1,78.54,1.0
2.0,72.0,0.0,74.0,148.0,14.8,8.0,5.0,1.028,59.66,134.25,1.0
0.0,1.0,0.0,0.0,1.0,0.1,1.0,0.0,0.0,3.44,50.14,0.0
0.0,34.0,0.0,34.0,68.0,6.8,6.0,6.0,1.0,26.55,116.04,1.0
0.0,0.0,0.0,0.0,0.0,0.0,0.0,0.0,0.0,2.02,45.55,0.0
0.0,2.0,0.0,0.0,2.0,0.2,1.0,1.0,0.0,2.84,56.08,0.0
6.0,4.0,3.0,1.0,14.0,1.4,1.0,2.0,0.25,4.01,142.83,0.0
0.0,2.0,1.0,0.0,3.0,0.3,1.0,0.0,0.0,2.46,38.2,0.0
7.0,63.0,1.0,68.0,139.0,13.9,15.0,4.0,1.079,78.43,248.96,1.0
6.0,7.0,0.0,0.0,13.0,1.3,2.0,1.0,0.0,2.14,82.2,0.0
0.0,0.0,0.0,0.0,0.0,0.0,0.0,0.0,0.0,3.7,49.92,0.0
4.0,175.0,15.0,161.0,355.0,35.5,4.0,6.0,0.92,70.02,153.9,1.0
6.0,7.0,3.0,0.0,16.0,1.6,1.0,3.0,0.0,7.9,139.65,0.0
2.0,8.0,0.0,1.0,11.0,1.1,3.0,3.0,0.125,19.68,61.02,0.0
3.0,55.0,6.0,58.0,122.0,12.2,5.0,3.0,1.055,59.4,152.7,1.0
2.0,68.0,2.0,69.0,141.0,14.1,3.0,2.0,1.015,41.11,141.43,1.0
6.0,159.0,5.0,153.0,323.0,32.3,5.0,9.0,0.962,51.15,157.1,1.0
82.0,102.0,6.0,2.0,192.0,19.2,7.0,5.0,0.02,72.24,816.34,0.0
0.0,28.0,3.0,25.0,56.0,5.6,3.0,6.0,0.893,26.92,110.25,1.0
4.0,165.0,5.0,173.0,347.0,34.7,7.0,8.0,1.048,76.66,312.41,1.0
102.0,113.0,9.0,0.0,224.0,22.4,10.0,8.0,0.0,87.23,411.82,0.0
1.0,8.0,3.0,0.0,12.0,1.2,3.0,3.0,0.0,2.54,53.41,0.0
1.0,28.0,2.0,27.0,58.0,5.8,6.0,4.0,0.964,30.34,64.55,1.0
3.0,70.0,7.0,65.0,145.0,14.5,4.0,6.0,0.929,58.73,215.12,1.0
0.0,1.0,0.0,0.0,1.0,0.1,1.0,0.0,0.0,3.61,33.32,0.0
3.0,13.0,2.0,0.0,18.0,1.8,3.0,1.0,0.0,19.45,160.68,0.0
0.0,0.0,0.0,0.0,0.0,0.0,0.0,0.0,0.0,3.57,19.88,0.0
3.0,112.0,6.0,96.0,217.0,21.7,11.0,12.0,0.857,48.09,282.57,1.0
4.0,111.0,0.0,96.0,211.0,21.1,8.0,10.0,0.865,65.93,166.31,1.0
3.0,157.0,6.0,178.0,344.0,34.4,14.0,9.0,1.134,77.04,292.94,1.0
1.0,13.0,2.0,12.0,28.0,2.8,5.0,4.0,0.923,21.75,121.52,1.0
2.0,7.0,1.0,1.0,11.0,1.1,3.0,4.0,0.143,19.77,43.37,0.0
53.0,6.0,0.0,0.0,59.0,5.9,1.0,3.0,0.0,24.54,161.06,0.0
5.0,88.0,2.0,93.0,188.0,18.8,9.0,8.0,1.057,40.78,173.37,1.0
8.0,41.0,3.0,35.0,87.0,8.7,14.0,6.0,0.854,55.44,113.15,1.0
1.0,0.0,1.0,0.0,2.0,0.2,1.0,0.0,0.0,3.39,42.07,0.0
1.0,1.0,0.0,0.0,2.0,0.2,1.0,1.0,0.0,1.85,47.28,0.0
8.0,125.0,7.0,133.0,273.0,27.3,4.0,8.0,1.064,79.8,123.15,1.0
5.0,74.0,6.0,78.0,163.0,16.3,3.0,4.0,1.054,68.04,208.83,1.0
87.0,6.0,0.0,0.0,93.0,9.3,2.0,1.0,0.0,20.72,136.92,0.0
8.0,160.0,4.0,160.0,332.0,33.2,16.0,11.0,1.0,94.05,186.27,1.0
2.0,44.0,12.0,43.0,101.0,10.1,13.0,10.0,0.977,53.81,278.71,1.0
40.0,20.0,0.0,0.0,60.0,6.0,1.0,2.0,0.0,34.04,91.37,0.0
3.0,81.0,6.0,91.0,181.0,18.1,12.0,5.0,1.123,46.81,304.7,1.0
8.0,106.0,2.0,116.0,232.0,23.2,7.0,9.0,1.094,49.65,166.37,1.0
2.0,80.0,8.0,90.0,180.0,18.0,4.0,4.0,1.125,59.96,122.18,1.0
47.0,9.0,0.0,0.0,56.0,5.6,2.0,1.0,0.0,13.26,154.61,0.0
5.0,10.0,0.0,0.0,15.0,1.5,1.0,1.0,0.0,18.51,169.15,0.0
3.0,136.0,7.0,155.0,301.0,30.1,15.0,9.0,1.14,58.88,88.46,1.0
0.0,2.0,0.0,0.0,2.0,0.2,1.0,0.0,0.0,2.44,33.66,0.0
1.0,128.0,12.0,136.0,277.0,27.7,13.0,12.0,1.062,46.35,249.37,1.0
1.0,18.0,2.0,16.0,37.0,3.7,5.0,6.0,0.889,33.08,42.49,1.0
5.0,60.0,8.0,63.0,136.0,13.6,5.0,4.0,1.05,42.84,191.47,1.0
7.0,103.0,4.0,110.0,224.0,22.4,11.0,5.0,1.068,73.0,302.26,1.0
94.0,68.0,5.0,3.0,170.0,17.0,11.0,3.0,0.044,75.06,807.78,0.0
1.0,2.0,1.0,0.0,4.0,0.4,1.0,1.0,0.0,0.23,27.96,0.0
1.0,45.0,0.0,46.0,92.0,9.2,3.0,3.0,1.022,71.94,164.34,1.0
3.0,53.0,5.0,50.0,111.0,11.1,7.0,3.0,0.943,40.62,79.52,1.0
0.0,59.0,3.0,54.0,116.0,11.6,4.0,3.0,0.915,40.46,132.82,1.0
4.0,10.0,1.0,0.0,15.0,1.5,1.0,2.0,0.0,13.84,59.97,0.0
6.0,160.0,6.0,157.0,329.0,32.9,5.0,8.0,0.981,59.74,78.07,1.0
4.0,154.0,8.0,161.0,327.0,32.7,10.0,7.0,1.045,93.97,212.26,1.0
5.0,117.0,4.0,102.0,228.0,22.8,16.0,12.0,0.872,80.66,93.9,1.0
0.0,0.0,0.0,0.0,0.0,0.0,0.0,0.0,0.0,3.36,20.68,0.0
3.0,31.0,5.0,28.0,67.0,6.7,6.0,4.0,0.903,71.29,175.48,1.0
1.0,13.0,2.0,0.0,16.0,1.6,2.0,4.0,0.0,16.43,142.07,0.0
4.0,5.0,2.0,0.0,11.0,1.1,2.0,2.0,0.0,16.21,129.32,0.0
4.0,25.0,4.0,23.0,56.0,5.6,4.0,2.0,0.92,25.83,202.52,1.0
46.0,157.0,16.0,2.0,221.0,22.1,7.0,3.0,0.013,72.87,723.5,0.0
0.0,0.0,0.0,0.0,0.0,0.0,0.0,0.0,0.0,2.59,26.53,0.0
3.0,120.0,2.0,117.0,242.0,24.2,5.0,10.0,0.975,76.14,254.65,1.0
0.0,67.0,7.0,60.0,134.0,13.4,7.0,3.0,0.896,65.23,181.61,1.0
5.0,8.0,1.0,0.0,14.0,1.4,2.0,4.0,0.0,6.77,56.79,0.0
0.0,46.0,6.0,47.0,99.0,9.9,5.0,6.0,1.022,28.22,199.15,1.0
5.0,5.0,3.0,1.0,14.0,1.4,3.0,3.0,0.2,18.77,53.04,0.0
72.0,17.0,0.0,0.0,89.0,8.9,1.0,3.0,0.0,24.94,138.34,0.0
0.0,75.0,5.0,74.0,154.0,15.4,9.0,6.0,0.987,75.65,162.25,1.0
1.0,80.0,13.0,83.0,177.0,17.7,13.0,8.0,1.038,48.28,125.92,1.0
2.0,8.0,3.0,1.0,14.0,1.4,3.0,3.0,0.125,5.0,81.93,0.0
4.0,11.0,0.0,0.0,15.0,1.5,2.0,3.0,0.0,8.23,102.21,0.0
0.0,56.0,6.0,51.0,113.0,11.3,3.0,6.0,0.911,39.81,197.48,1.0
0.0,0.0,0.0,0.0,0.0,0.0,0.0,0.0,0.0,1.96,28.05,0.0
1.0,149.0,7.0,135.0,292.0,29.2,12.0,5.0,0.906,37.25,229.29,1.0
0.0,49.0,7.0,45.0,101.0,10.1,2.0,2.0,0.918,46.59,70.7,1.0
119.0,105.0,21.0,1.0,246.0,24.6,12.0,5.0,0.01,81.1,229.07,0.0
2.0,164.0,8.0,188.0,362.0,36.2,15.0,12.0,1.146,51.49,253.81,1.0
0.0,2.0,0.0,0.0,2.0,0.2,1.0,1.0,0.0,1.22,45.43,0.0
7.0,74.0,4.0,78.0,163.0,16.3,8.0,7.0,1.054,36.15,176.52,1.0
5.0,87.0,14.0,82.0,188.0,18.8,11.0,10.0,0.943,67.3,278.65,1.0
0.0,0.0,0.0,0.0,0.0,0.0,0.0,0.0,0.0,0.31,33.35,0.0
4.0,133.0,3.0,146.0,286.0,28.6,15.0,11.0,1.098,73.99,164.97,1.0
5.0,79.0,4.0,80.0,168.0,16.8,7.0,7.0,1.013,77.3,312.38,1.0
0.0,1.0,0.0,0.0,1.0,0.1,1.0,1.0,0.0,0.23,27.37,0.0
4.0,14.0,1.0,0.0,19.0,1.9,3.0,3.0,0.0,5.54,174.18,0.0
1.0,2.0,0.0,0.0,3.0,0.3,1.0,1.0,0.0,3.97,49.68,0.0
3.0,35.0,0.0,34.0,72.0,7.2,6.0,6.0,0.971,31.8,124.03,1.0
1.0,2.0,0.0,0.0,3.0,0.3,1.0,0.0,0.0,2.2,55.17,0.0
2.0,4.0,2.0,1.0,9.0,0.9,2.0,3.0,0.25,5.4,137.41,0.0
4.0,78.0,14.0,82.0,178.0,17.8,10.0,8.0,1.051,73.72,95.14,1.0
5.0,118.0,11.0,108.0,242.0,24.2,10.0,11.0,0.915,60.48,148.62,1.0
6.0,175.0,9.0,164.0,354.0,35.4,12.0,8.0,0.937,50.99,239.33,1.0
2.0,13.0,0.0,11.0,26.0,2.6,4.0,4.0,0.846,16.72,80.62,1.0
0.0,0.0,1.0,0.0,1.0,0.1,1.0,0.0,0.0,0.41,51.34,0.0
3.0,4.0,0.0,1.0,8.0,0.8,2.0,2.0,0.25,7.62,155.1,0.0
6.0,154.0,4.0,146.0,310.0,31.0,8.0,4.0,0.948,56.44,173.68,1.0
51.0,43.0,21.0,0.0,115.0,11.5,12.0,8.0,0.0,92.61,824.61,0.0
6.0,80.0,5.0,78.0,169.0,16.9,9.0,4.0,0.975,86.06,259.81,1.0
0.0,0.0,0.0,0.0,0.0,0.0,0.0,0.0,0.0,2.28,54.28,0.0
0.0,2.0,0.0,0.0,2.0,0.2,1.0,1.0,0.0,0.4,45.46,0.0
5.0,114.0,11.0,120.0,250.0,25.0,6.0,12.0,1.053,93.64,306.84,1.0
2.0,14.0,4.0,12.0,32.0,3.2,6.0,5.0,0.857,43.44,149.32,1.0
0.0,64.0,1.0,70.0,135.0,13.5,15.0,10.0,1.094,49.99,230.24,1.0
7.0,73.0,8.0,77.0,165.0,16.5,9.0,10.0,1.055,60.93,209.38,1.0
3.0,25.0,4.0,20.0,52.0,5.2,4.0,6.0,0.8,30.25,115.66,1.0
2.0,57.0,4.0,52.0,115.0,11.5,3.0,4.0,0.912,63.58,172.73,1.0
2.0,13.0,0.0,12.0,27.0,2.7,5.0,4.0,0.923,28.76,46.09,1.0
0.0,0.0,0.0,0.0,0.0,0.0,0.0,0.0,0.0,0.23,25.12,0.0
5.0,160.0,5.0,174.0,344.0,34.4,9.0,4.0,1.087,40.95,221.61,1.0
67.0,96.0,15.0,3.0,181.0,18.1,6.0,5.0,0.031,62.0,815.73,0.0
4.0,65.0,0.0,60.0,129.0,12.9,8.0,5.0,0.923,29.27,162.26,1.0
0.0,0.0,0.0,0.0,0.0,0.0,0.0,0.0,0.0,2.69,59.93,0.0
0.0,81.0,7.0,83.0,171.0,17.1,16.0,12.0,1.025,94.57,251.56,1.0
0.0,1.0,0.0,0.0,1.0,0.1,1.0,1.0,0.0,1.88,24.31,0.0
3.0,121.0,10.0,124.0,258.0,25.8,14.0,5.0,1.025,83.97,247.9,1.0
1.0,171.0,10.0,167.0,349.0,34.9,10.0,8.0,0.977,35.48,270.68,1.0
3.0,19.0,1.0,15.0,38.0,3.8,5.0,4.0,0.789,22.32,136.62,1.0
4.0,5.0,3.0,0.0,12.0,1.2,1.0,2.0,0.0,15.36,153.44,0.0
5.0,76.0,8.0,83.0,172.0,17.2,14.0,9.0,1.092,75.02,312.37,1.0
0.0,41.0,7.0,42.0,90.0,9.0,8.0,5.0,1.024,74.27,170.46,1.0
3.0,14.0,3.0,0.0,20.0,2.0,3.0,2.0,0.0,4.12,58.42,0.0
103.0,146.0,29.0,2.0,280.0,28.0,12.0,5.0,0.014,68.1,307.24,0.0
1.0,11.0,1.0,0.0,13.0,1.3,1.0,1.0,0.0,12.68,110.07,0.0
5.0,8.0,0.0,0.0,13.0,1.3,1.0,4.0,0.0,11.5,125.69,0.0
91.0,157.0,21.0,3.0,272.0,27.2,7.0,4.0,0.019,48.05,417.5,0.0
63.0,117.0,7.0,2.0,189.0,18.9,11.0,6.0,0.017,65.94,629.47,0.0
1.0,7.0,2.0,1.0,11.0,1.1,2.0,2.0,0.143,12.15,135.05,0.0
2.0,52.0,3.0,53.0,110.0,11.0,2.0,5.0,1.019,67.77,205.02,1.0
3.0,119.0,2.0,118.0,242.0,24.2,7.0,11.0,0.992,37.34,147.76,1.0
7.0,93.0,2.0,93.0,195.0,19.5,12.0,10.0,1.0,37.66,252.22,1.0
76.0,119.0,6.0,1.0,202.0,20.2,10.0,4.0,0.008,88.59,834.39,0.0
0.0,0.0,0.0,0.0,0.0,0.0,0.0,0.0,0.0,3.52,35.83,0.0
101.0,150.0,16.0,1.0,268.0,26.8,11.0,8.0,0.007,96.05,474.09,0.0
4.0,163.0,12.0,150.0,329.0,32.9,8.0,7.0,0.92,37.04,176.78,1.0
6.0,99.0,11.0,93.0,209.0,20.9,6.0,7.0,0.939,71.17,208.27,1.0
3.0,13.0,2.0,12.0,30.0,3.0,4.0,7.0,0.923,33.83,89.28,1.0
4.0,104.0,0.0,107.0,215.0,21.5,16.0,7.0,1.029,75.81,269.08,1.0
0.0,0.0,1.0,0.0,1.0,0.1,1.0,0.0,0.0,0.21,24.16,0.0
1.0,47.0,6.0,44.0,98.0,9.8,2.0,6.0,0.936,69.53,132.37,1.0
6.0,40.0,5.0,44.0,95.0,9.5,9.0,7.0,1.1,76.11,132.68,1.0
1.0,36.0,3.0,39.0,79.0,7.9,8.0,2.0,1.083,52.2,204.17,1.0
5.0,137.0,6.0,156.0,304.0,30.4,11.0,5.0,1.139,56.67,159.12,1.0
39.0,99.0,7.0,1.0,146.0,14.6,7.0,8.0,0.01,83.38,836.96,0.0
0.0,12.0,2.0,11.0,25.0,2.5,4.0,3.0,0.917,24.94,103.85,1.0
0.0,0.0,0.0,0.0,0.0,0.0,0.0,0.0,0.0,2.42,42.61,0.0
2.0,14.0,3.0,11.0,30.0,3.0,3.0,4.0,0.786,43.59,76.54,1.0
7.0,99.0,1.0,108.0,215.0,21.5,15.0,5.0,1.091,62.16,309.58,1.0
2.0,13.0,2.0,12.0,29.0,2.9,4.0,3.0,0.923,30.87,73.15,1.0
6.0,106.0,15.0,108.0,235.0,23.5,5.0,5.0,1.019,83.31,314.92,1.0
0.0,2.0,1.0,0.0,3.0,0.3,1.0,0.0,0.0,3.29,54.45,0.0
1.0,31.0,4.0,29.0,65.0,6.5,2.0,6.0,0.935,24.94,75.32,1.0
0.0,2.0,0.0,0.0,2.0,0.2,1.0,0.0,0.0,3.58,40.5,0.0
1.0,51.0,13.0,46.0,111.0,11.1,11.0,6.0,0.902,37.1,98.1,1.0
0.0,25.0,3.0,23.0,51.0,5.1,2.0,5.0,0.92,35.22,138.53,1.0
57.0,17.0,0.0,0.0,74.0,7.4,4.0,1.0,0.0,19.57,152.53,0.0
6.0,8.0,1.0,1.0,16.0,1.6,2.0,4.0,0.125,17.92,130.0,0.0
5.0,68.0,1.0,65.0,139.0,13.9,4.0,3.0,0.956,39.78,88.55,1.0
5.0,3.0,3.0,1.0,12.0,1.2,3.0,4.0,0.333,14.04,43.59,0.0
8.0,112.0,10.0,96.0,226.0,22.6,11.0,9.0,0.857,42.93,167.36,1.0
1.0,24.0,3.0,20.0,48.0,4.8,4.0,5.0,0.833,32.24,131.4,1.0
4.0,40.0,3.0,42.0,89.0,8.9,2.0,2.0,1.05,38.83,60.54,1.0
1.0,0.0,0.0,0.0,1.0,0.1,1.0,1.0,0.0,0.56,25.61,0.0
1.0,117.0,12.0,119.0,249.0,24.9,10.0,4.0,1.017,66.38,99.72,1.0
2.0,28.0,3.0,28.0,61.0,6.1,6.0,6.0,1.0,34.2,90.36,1.0
3.0,11.0,3.0,0.0,17.0,1.7,3.0,4.0,0.0,4.03,60.95,0.0
105.0,45.0,22.0,0.0,172.0,17.2,10.0,6.0,0.0,89.17,294.55,0.0
2.0,94.0,9.0,103.0,208.0,20.8,8.0,12.0,1.096,49.31,317.8,1.0
1.0,1.0,0.0,0.0,2.0,0.2,1.0,1.0,0.0,0.31,46.82,0.0
6.0,76.0,1.0,65.0,148.0,14.8,5.0,8.0,0.855,74.99,164.25,1.0
4.0,14.0,1.0,1.0,20.0,2.0,3.0,1.0,0.071,9.19,73.91,0.0
1.0,22.0,2.0,19.0,44.0,4.4,5.0,5.0,0.864,44.81,52.0,1.0
5.0,35.0,2.0,35.0,77.0,7.7,4.0,3.0,1.0,41.65,158.92,1.0
1.0,2.0,0.0,0.0,3.0,0.3,1.0,1.0,0.0,2.56,23.39,0.0
6.0,7.0,1.0,0.0,14.0,1.4,1.0,4.0,0.0,10.7,85.94,0.0
58.0,86.0,16.0,2.0,162.0,16.2,9.0,3.0,0.023,66.82,428.21,0.0
5.0,151.0,3.0,169.0,328.0,32.8,5.0,6.0,1.119,36.65,117.14,1.0
2.0,74.0,4.0,72.0,152.0,15.2,8.0,3.0,0.973,54.4,166.83,1.0
3.0,21.0,3.0,18.0,45.0,4.5,3.0,3.0,0.857,42.98,139.49,1.0
0.0,2.0,0.0,0.0,2.0,0.2,1.0,1.0,0.0,2.77,42.76,0.0
5.0,13.0,1.0,0.0,19.0,1.9,3.0,2.0,0.0,19.24,82.35,0.0
1.0,26.0,2.0,24.0,53.0,5.3,2.0,3.0,0.923,27.63,70.82,1.0
6.0,6.0,0.0,1.0,13.0,1.3,1.0,1.0,0.167,4.3,128.77,0.0
1.0,17.0,3.0,14.0,35.0,3.5,4.0,7.0,0.824,43.76,86.59,1.0
0.0,0.0,0.0,0.0,0.0,0.0,0.0,0.0,0.0,2.37,56.04,0.0
0.0,0.0,1.0,0.0,1.0,0.1,1.0,1.0,0.0,2.5,57.66,0.0
1.0,71.0,2.0,70.0,144.0,14.4,7.0,5.0,0.986,65.49,182.76,1.0
5.0,38.0,7.0,35.0,85.0,8.5,7.0,5.0,0.921,45.74,59.17,1.0
6.0,42.0,12.0,40.0,100.0,10.0,14.0,4.0,0.952,59.2,184.44,1.0
2.0,62.0,1.0,68.0,133.0,13.3,5.0,4.0,1.097,49.52,65.86,1.0
0.0,34.0,3.0,35.0,72.0,7.2,2.0,6.0,1.029,25.06,67.76,1.0
2.0,13.0,0.0,13.0,28.0,2.8,3.0,5.0,1.0,42.3,116.85,1.0
5.0,130.0,12.0,129.0,276.0,27.6,13.0,8.0,0.992,44.97,222.0,1.0
1.0,14.0,1.0,11.0,27.0,2.7,3.0,3.0,0.786,37.87,70.74,1.0
2.0,168.0,13.0,168.0,351.0,35.1,7.0,8.0,1.0,76.16,113.01,1.0
2.0,15.0,0.0,1.0,18.0,1.8,2.0,2.0,0.067,4.88,55.28,0.0
3.0,24.0,2.0,19.0,48.0,4.8,2.0,4.0,0.792,17.61,49.75,1.0
0.0,90.0,2.0,103.0,195.0,19.5,6.0,8.0,1.144,59.27,144.97,1.0
3.0,49.0,2.0,47.0,101.0,10.1,6.0,2.0,0.959,52.66,74.41,1.0
46.0,92.0,20.0,3.0,161.0,16.1,7.0,6.0,0.033,92.83,307.01,0.0
4.0,8.0,1.0,0.0,13.0,1.3,3.0,4.0,0.0,8.61,151.62,0.0
0.0,0.0,1.0,0.0,1.0,0.1,1.0,1.0,0.0,3.33,17.69,0.0
8.0,92.0,15.0,87.0,202.0,20.2,9.0,5.0,0.946,56.61,283.52,1.0
1.0,102.0,12.0,88.0,203.0,20.3,11.0,12.0,0.863,75.79,180.45,1.0
50.0,13.0,0.0,0.0,63.0,6.3,1.0,3.0,0.0,14.43,80.11,0.0
1.0,17.0,3.0,17.0,38.0,3.8,2.0,6.0,1.0,18.3,97.79,1.0
4.0,4.0,1.0,0.0,9.0,0.9,3.0,4.0,0.0,7.01,139.89,0.0
3.0,172.0,2.0,190.0,367.0,36.7,15.0,9.0,1.105,36.37,111.25,1.0
1.0,42.0,0.0,44.0,87.0,8.7,2.0,2.0,1.048,30.66,61.2,1.0
46.0,65.0,16.0,3.0,130.0,13.0,5.0,6.0,0.046,73.87,251.45,0.0
3.0,4.0,3.0,1.0,11.0,1.1,1.0,3.0,0.25,17.51,165.41,0.0
3.0,11.0,3.0,1.0,18.0,1.8,3.0,4.0,0.091,19.79,113.88,0.0
0.0,20.0,3.0,18.0,41.0,4.1,2.0,6.0,0.9,19.02,133.73,1.0
42.0,59.0,15.0,3.0,119.0,11.9,10.0,4.0,0.051,95.28,241.41,0.0
3.0,12.0,2.0,10.0,27.0,2.7,6.0,5.0,0.833,36.46,114.53,1.0
1.0,1.0,0.0,0.0,2.0,0.2,1.0,0.0,0.0,3.09,19.55,0.0
5.0,71.0,3.0,77.0,156.0,15.6,5.0,2.0,1.085,59.56,213.64,1.0
5.0,4.0,1.0,0.0,10.0,1.0,1.0,4.0,0.0,6.55,82.31,0.0
5.0,35.0,2.0,36.0,78.0,7.8,8.0,2.0,1.029,63.11,55.32,1.0
69.0,10.0,0.0,0.0,79.0,7.9,4.0,3.0,0.0,20.6,219.41,0.0
3.0,21.0,4.0,21.0,49.0,4.9,4.0,3.0,1.0,19.09,140.2,1.0
2.0,19.0,2.0,18.0,41.0,4.1,6.0,5.0,0.947,19.48,40.29,1.0
106.0,81.0,5.0,2.0,194.0,19.4,6.0,4.0,0.025,88.91,651.41,0.0
4.0,11.0,0.0,0.0,15.0,1.5,1.0,2.0,0.0,13.49,69.39,0.0
102.0,122.0,7.0,1.0,232.0,23.2,11.0,4.0,0.008,93.41,464.66,0.0
1.0,1.0,0.0,0.0,2.0,0.2,1.0,1.0,0.0,2.58,31.57,0.0
66.0,16.0,0.0,0.0,82.0,8.2,1.0,2.0,0.0,21.8,113.37,0.0
49.0,19.0,0.0,0.0,68.0,6.8,2.0,2.0,0.0,30.24,192.35,0.0
5.0,103.0,7.0,95.0,210.0,21.0,12.0,12.0,0.922,46.2,310.55,1.0
5.0,137.0,3.0,144.0,289.0,28.9,5.0,6.0,1.051,69.34,145.13,1.0
68.0,158.0,19.0,0.0,245.0,24.5,7.0,6.0,0.0,65.43,270.57,0.0
0.0,1.0,0.0,0.0,1.0,0.1,1.0,0.0,0.0,1.38,20.21,0.0
0.0,27.0,4.0,27.0,58.0,5.8,4.0,4.0,1.0,40.67,128.63,1.0
0.0,0.0,0.0,0.0,0.0,0.0,0.0,0.0,0.0,2.82,44.25,0.0
1.0,0.0,0.0,0.0,1.0,0.1,1.0,0.0,0.0,0.81,18.89,0.0
0.0,0.0,1.0,0.0,1.0,0.1,1.0,0.0,0.0,2.62,32.59,0.0
3.0,149.0,11.0,148.0,311.0,31.1,14.0,9.0,0.993,77.19,218.59,1.0
0.0,0.0,0.0,0.0,0.0,0.0,0.0,0.0,0.0,3.6,31.01,0.0
7.0,49.0,8.0,55.0,119.0,11.9,13.0,4.0,1.122,64.33,178.12,1.0
2.0,38.0,2.0,36.0,78.0,7.8,4.0,3.0,0.947,39.02,169.21,1.0
5.0,65.0,1.0,67.0,138.0,13.8,2.0,6.0,1.031,46.81,196.33,1.0
4.0,26.0,7.0,26.0,63.0,6.3,4.0,4.0,1.0,50.72,74.07,1.0
3.0,9.0,2.0,0.0,14.0,1.4,2.0,1.0,0.0,2.0,154.15,0.0
3.0,34.0,3.0,35.0,75.0,7.5,6.0,4.0,1.029,23.53,55.95,1.0
0.0,45.0,8.0,42.0,95.0,9.5,14.0,12.0,0.933,86.3,235.2,1.0
5.0,41.0,7.0,43.0,96.0,9.6,2.0,4.0,1.049,44.61,190.98,1.0
3.0,3.0,3.0,0.0,9.0,0.9,1.0,4.0,0.0,19.29,128.98,0.0
39.0,85.0,30.0,0.0,154.0,15.4,7.0,8.0,0.0,48.94,301.87,0.0
0.0,12.0,3.0,12.0,27.0,2.7,6.0,3.0,1.0,18.22,49.03,1.0
7.0,164.0,14.0,177.0,362.0,36.2,7.0,12.0,1.079,80.78,198.98,1.0
2.0,59.0,6.0,56.0,123.0,12.3,11.0,8.0,0.949,47.4,291.52,1.0
31.0,17.0,0.0,0.0,48.0,4.8,2.0,1.0,0.0,21.44,202.92,0.0
41.0,125.0,27.0,0.0,193.0,19.3,10.0,7.0,0.0,64.18,435.69,0.0
1.0,6.0,0.0,0.0,7.0,0.7,1.0,1.0,0.0,15.73,152.9,0.0
4.0,68.0,0.0,69.0,141.0,14.1,4.0,4.0,1.015,67.68,175.69,1.0
77.0,14.0,0.0,0.0,91.0,9.1,4.0,2.0,0.0,10.56,241.56,0.0
26.0,78.0,8.0,1.0,113.0,11.3,8.0,7.0,0.013,54.15,540.12,0.0
5.0,12.0,2.0,1.0,20.0,2.0,2.0,1.0,0.083,8.84,174.79,0.0
51.0,120.0,11.0,2.0,184.0,18.4,5.0,4.0,0.017,57.71,558.79,0.0
0.0,0.0,0.0,0.0,0.0,0.0,0.0,0.0,0.0,2.45,20.45,0.0
0.0,30.0,2.0,26.0,58.0,5.8,3.0,4.0,0.867,36.17,59.98,1.0
4.0,14.0,2.0,0.0,20.0,2.0,1.0,3.0,0.0,7.96,55.34,0.0
2.0,35.0,2.0,35.0,74.0,7.4,4.0,3.0,1.0,31.55,105.23,1.0
0.0,81.0,12.0,74.0,167.0,16.7,6.0,11.0,0.914,75.9,262.85,1.0
0.0,0.0,0.0,0.0,0.0,0.0,0.0,0.0,0.0,2.04,28.77,0.0
1.0,139.0,10.0,156.0,306.0,30.6,12.0,12.0,1.122,50.21,237.36,1.0
0.0,176.0,13.0,181.0,370.0,37.0,14.0,4.0,1.028,73.43,276.72,1.0
1.0,7.0,2.0,1.0,11.0,1.1,1.0,4.0,0.143,10.97,170.33,0.0
41.0,98.0,28.0,1.0,168.0,16.8,6.0,3.0,0.01,82.43,314.04,0.0
91.0,126.0,18.0,2.0,237.0,23.7,8.0,7.0,0.016,67.46,628.42,0.0
7.0,45.0,12.0,39.0,103.0,10.3,9.0,9.0,0.867,72.54,167.55,1.0
3.0,28.0,3.0,26.0,60.0,6.0,4.0,6.0,0.929,32.42,87.27,1.0
36.0,100.0,13.0,0.0,149.0,14.9,5.0,4.0,0.0,83.39,665.15,0.0
6.0,5.0,3.0,1.0,15.0,1.5,1.0,3.0,0.2,13.23,133.0,0.0
0.0,1.0,1.0,0.0,2.0,0.2,1.0,0.0,0.0,1.2,45.53,0.0
0.0,19.0,3.0,15.0,37.0,3.7,5.0,5.0,0.789,31.9,145.12,1.0
4.0,10.0,1.0,0.0,15.0,1.5,3.0,3.0,0.0,18.76,121.88,0.0
0.0,1.0,1.0,0.0,2.0,0.2,1.0,1.0,0.0,0.78,32.59,0.0
107.0,51.0,10.0,0.0,168.0,16.8,8.0,7.0,0.0,79.19,618.54,0.0
0.0,55.0,5.0,46.0,106.0,10.6,15.0,9.0,0.836,60.82,164.2,1.0
53.0,42.0,5.0,1.0,101.0,10.1,5.0,6.0,0.024,55.51,655.82,0.0
0.0,2.0,0.0,0.0,2.0,0.2,1.0,0.0,0.0,1.47,40.16,0.0
6.0,156.0,8.0,138.0,308.0,30.8,13.0,11.0,0.885,44.02,286.96,1.0
5.0,41.0,13.0,45.0,104.0,10.4,12.0,11.0,1.098,37.5,214.76,1.0
6.0,94.0,9.0,107.0,216.0,21.6,14.0,11.0,1.138,36.68,220.54,1.0
1.0,0.0,0.0,0.0,1.0,0.1,1.0,0.0,0.0,1.34,39.89,0.0
1.0,0.0,1.0,0.0,2.0,0.2,1.0,0.0,0.0,1.58,35.11,0.0
36.0,155.0,30.0,2.0,223.0,22.3,5.0,3.0,0.013,94.94,232.91,0.0
0.0,0.0,0.0,0.0,0.0,0.0,0.0,0.0,0.0,3.9,30.24,0.0
6.0,134.0,4.0,140.0,284.0,28.4,11.0,10.0,1.045,76.3,104.71,1.0
0.0,56.0,8.0,51.0,115.0,11.5,2.0,4.0,0.911,55.52,75.09,1.0
3.0,23.0,4.0,22.0,52.0,5.2,5.0,6.0,0.957,41.32,73.67,1.0
3.0,34.0,4.0,27.0,68.0,6.8,3.0,5.0,0.794,35.54,69.62,1.0
8.0,90.0,15.0,91.0,204.0,20.4,15.0,8.0,1.011,84.39,81.63,1.0
8.0,170.0,15.0,155.0,348.0,34.8,12.0,12.0,0.912,53.66,187.27,1.0
4.0,104.0,5.0,109.0,222.0,22.2,13.0,12.0,1.048,94.44,113.38,1.0
0.0,1.0,0.0,0.0,1.0,0.1,1.0,0.0,0.0,3.93,17.66,0.0
0.0,0.0,1.0,0.0,1.0,0.1,1.0,0.0,0.0,2.5,19.09,0.0
2.0,60.0,13.0,63.0,138.0,13.8,6.0,11.0,1.05,48.91,161.41,1.0
52.0,98.0,30.0,1.0,181.0,18.1,9.0,3.0,0.01,85.13,230.23,0.0
0.0,32.0,6.0,30.0,68.0,6.8,8.0,2.0,0.938,73.19,206.29,1.0
60.0,10.0,0.0,0.0,70.0,7.0,2.0,1.0,0.0,31.34,189.65,0.0
1.0,120.0,4.0,129.0,254.0,25.4,8.0,11.0,1.075,51.17,91.33,1.0
1.0,46.0,6.0,48.0,101.0,10.1,5.0,2.0,1.043,65.39,93.49,1.0
0.0,2.0,0.0,0.0,2.0,0.2,1.0,0.0,0.0,3.69,48.49,0.0
1.0,75.0,3.0,67.0,146.0,14.6,8.0,6.0,0.893,36.64,172.21,1.0
0.0,1.0,0.0,0.0,1.0,0.1,1.0,0.0,0.0,3.97,23.18,0.0
7.0,168.0,1.0,182.0,358.0,35.8,15.0,7.0,1.083,88.01,276.51,1.0
0.0,1.0,1.0,0.0,2.0,0.2,1.0,1.0,0.0,3.93,51.91,0.0
6.0,124.0,3.0,118.0,251.0,25.1,9.0,12.0,0.952,55.28,184.63,1.0
3.0,68.0,6.0,72.0,149.0,14.9,4.0,4.0,1.059,35.52,149.29,1.0
1.0,14.0,3.0,0.0,18.0,1.8,3.0,4.0,0.0,18.8,122.95,0.0
2.0,9.0,3.0,1.0,15.0,1.5,2.0,4.0,0.111,11.67,60.49,0.0
5.0,82.0,3.0,77.0,167.0,16.7,11.0,4.0,0.939,66.44,125.23,1.0
2.0,13.0,2.0,12.0,29.0,2.9,3.0,7.0,0.923,42.22,118.11,1.0
3.0,159.0,1.0,154.0,317.0,31.7,15.0,4.0,0.969,73.7,187.57,1.0
41.0,129.0,26.0,0.0,196.0,19.6,9.0,6.0,0.0,92.52,527.33,0.0
4.0,7.0,0.0,0.0,11.0,1.1,1.0,1.0,0.0,8.93,119.19,0.0
4.0,9.0,2.0,0.0,15.0,1.5,3.0,1.0,0.0,12.93,100.1,0.0
8.0,43.0,3.0,48.0,102.0,10.2,10.0,10.0,1.116,92.55,297.76,1.0
3.0,31.0,0.0,32.0,66.0,6.6,8.0,3.0,1.032,41.22,153.8,1.0
1.0,12.0,1.0,0.0,14.0,1.4,1.0,2.0,0.0,16.67,62.07,0.0
1.0,2.0,0.0,0.0,3.0,0.3,1.0,1.0,0.0,1.52,55.15,0.0
6.0,9.0,0.0,1.0,16.0,1.6,1.0,3.0,0.111,8.23,42.51,0.0
1.0,10.0,0.0,0.0,11.0,1.1,3.0,3.0,0.0,18.49,76.78,0.0
3.0,19.0,1.0,17.0,40.0,4.0,5.0,7.0,0.895,15.52,144.16,1.0
98.0,64.0,27.0,0.0,189.0,18.9,5.0,4.0,0.0,54.91,408.91,0.0
53.0,77.0,29.0,1.0,160.0,16.0,10.0,6.0,0.013,74.89,824.41,0.0
2.0,57.0,6.0,58.0,123.0,12.3,7.0,3.0,1.018,57.38,188.73,1.0
2.0,26.0,4.0,21.0,53.0,5.3,2.0,4.0,0.808,26.42,117.2,1.0
53.0,8.0,0.0,0.0,61.0,6.1,4.0,1.0,0.0,13.02,177.2,0.0
3.0,29.0,2.0,30.0,64.0,6.4,6.0,4.0,1.034,34.99,135.98,1.0
3.0,71.0,10.0,72.0,156.0,15.6,15.0,11.0,1.014,50.83,237.64,1.0
4.0,138.0,11.0,130.0,283.0,28.3,10.0,12.0,0.942,60.58,174.69,1.0
8.0,160.0,12.0,153.0,333.0,33.3,10.0,8.0,0.956,78.9,196.93,1.0
6.0,15.0,1.0,0.0,22.0,2.2,3.0,2.0,0.0,9.32,170.9,0.0
2.0,12.0,3.0,9.0,26.0,2.6,6.0,6.0,0.75,17.47,117.5,1.0
2.0,135.0,4.0,128.0,269.0,26.9,11.0,11.0,0.948,36.41,235.15,1.0
1.0,0.0,0.0,0.0,1.0,0.1,1.0,0.0,0.0,1.24,50.3,0.0
5.0,15.0,0.0,1.0,21.0,2.1,1.0,1.0,0.067,12.33,105.58,0.0
5.0,29.0,2.0,27.0,63.0,6.3,3.0,3.0,0.931,52.16,53.06,1.0
1.0,68.0,7.0,70.0,146.0,14.6,5.0,2.0,1.029,58.91,68.22,1.0
1.0,0.0,0.0,0.0,1.0,0.1,1.0,0.0,0.0,0.98,43.22,0.0
1.0,1.0,1.0,0.0,3.0,0.3,1.0,1.0,0.0,3.19,26.15,0.0
39.0,6.0,0.0,0.0,45.0,4.5,1.0,3.0,0.0,18.38,214.71,0.0
4.0,71.0,8.0,64.0,147.0,14.7,8.0,3.0,0.901,53.4,134.32,1.0
6.0,11.0,2.0,0.0,19.0,1.9,2.0,3.0,0.0,12.12,119.5,0.0
1.0,5.0,1.0,0.0,7.0,0.7,2.0,4.0,0.0,18.49,151.62,0.0
0.0,2.0,0.0,0.0,2.0,0.2,1.0,0.0,0.0,3.71,41.26,0.0
3.0,12.0,2.0,11.0,28.0,2.8,2.0,3.0,0.917,16.24,131.22,1.0
6.0,11.0,2.0,1.0,20.0,2.0,3.0,3.0,0.091,14.81,170.97,0.0
7.0,154.0,6.0,143.0,310.0,31.0,5.0,12.0,0.929,90.52,315.24,1.0
4.0,112.0,0.0,124.0,240.0,24.0,15.0,6.0,1.107,69.96,319.67,1.0
3.0,14.0,3.0,1.0,21.0,2.1,1.0,4.0,0.071,2.9,118.77,0.0
1.0,31.0,1.0,27.0,60.0,6.0,2.0,7.0,0.871,39.68,58.16,1.0
7.0,65.0,2.0,57.0,131.0,13.1,6.0,11.0,0.877,93.78,244.33,1.0
5.0,105.0,14.0,105.0,229.0,22.9,7.0,10.0,1.0,90.78,152.14,1.0
2.0,29.0,8.0,28.0,67.0,6.7,3.0,3.0,0.966,72.43,144.75,1.0
1.0,156.0,6.0,148.0,311.0,31.1,8.0,10.0,0.949,88.75,198.98,1.0
1.0,1.0,0.0,0.0,2.0,0.2,1.0,0.0,0.0,0.33,56.48,0.0
0.0,2.0,0.0,0.0,2.0,0.2,1.0,0.0,0.0,0.13,39.81,0.0
0.0,0.0,0.0,0.0,0.0,0.0,0.0,0.0,0.0,0.89,43.54,0.0
4.0,55.0,8.0,60.0,127.0,12.7,16.0,9.0,1.091,58.7,180.41,1.0
4.0,152.0,13.0,136.0,305.0,30.5,5.0,5.0,0.895,55.44,269.94,1.0
3.0,103.0,1.0,106.0,213.0,21.3,6.0,7.0,1.029,60.39,95.37,1.0
2.0,165.0,5.0,180.0,352.0,35.2,11.0,6.0,1.091,72.27,210.65,1.0
3.0,119.0,6.0,105.0,233.0,23.3,14.0,11.0,0.882,38.34,100.19,1.0
3.0,71.0,5.0,68.0,147.0,14.7,7.0,4.0,0.958,71.4,197.92,1.0
0.0,21.0,2.0,17.0,40.0,4.0,5.0,7.0,0.81,36.93,145.27,1.0
1.0,1.0,0.0,0.0,2.0,0.2,1.0,1.0,0.0,0.25,17.53,0.0
6.0,172.0,14.0,158.0,350.0,35.0,11.0,12.0,0.919,39.0,193.29,1.0
7.0,102.0,10.0,115.0,234.0,23.4,15.0,4.0,1.127,65.57,295.43,1.0
0.0,33.0,2.0,34.0,69.0,6.9,2.0,7.0,1.03,42.7,127.81,1.0
1.0,0.0,0.0,0.0,1.0,0.1,1.0,0.0,0.0,1.24,55.25,0.0
2.0,66.0,4.0,71.0,143.0,14.3,8.0,3.0,1.076,64.06,172.88,1.0
3.0,54.0,8.0,54.0,119.0,11.9,2.0,5.0,1.0,69.23,175.39,1.0
4.0,6.0,0.0,0.0,10.0,1.0,1.0,4.0,0.0,6.86,129.0,0.0
0.0,55.0,14.0,57.0,126.0,12.6,12.0,10.0,1.036,61.83,286.79,1.0
83.0,92.0,19.0,1.0,195.0,19.5,4.0,3.0,0.011,77.11,684.91,0.0
1.0,3.0,2.0,0.0,6.0,0.6,1.0,4.0,0.0,13.7,157.27,0.0
0.0,124.0,4.0,132.0,260.0,26.0,15.0,4.0,1.065,53.28,284.05,1.0
0.0,32.0,0.0,30.0,62.0,6.2,4.0,3.0,0.938,24.42,106.24,1.0
5.0,46.0,5.0,49.0,105.0,10.5,6.0,2.0,1.065,46.96,154.15,1.0
5.0,3.0,0.0,0.0,8.0,0.8,2.0,4.0,0.0,19.91,124.0,0.0
5.0,106.0,7.0,117.0,235.0,23.5,10.0,10.0,1.104,35.84,216.33,1.0
5.0,131.0,13.0,124.0,273.0,27.3,12.0,9.0,0.947,91.44,289.2,1.0
0.0,151.0,11.0,132.0,294.0,29.4,9.0,12.0,0.874,64.29,121.99,1.0
5.0,35.0,0.0,37.0,77.0,7.7,6.0,4.0,1.057,48.83,188.16,1.0
5.0,154.0,12.0,145.0,316.0,31.6,6.0,7.0,0.942,83.98,206.13,1.0
0.0,16.0,4.0,13.0,33.0,3.3,6.0,4.0,0.812,33.99,49.16,1.0
1.0,0.0,0.0,0.0,1.0,0.1,1.0,1.0,0.0,3.29,27.55,0.0
1.0,129.0,4.0,121.0,255.0,25.5,7.0,10.0,0.938,67.5,94.06,1.0
1.0,56.0,0.0,51.0,108.0,10.8,5.0,3.0,0.911,72.06,109.24,1.0
0.0,83.0,7.0,79.0,169.0,16.9,6.0,5.0,0.952,79.09,155.62,1.0
81.0,142.0,14.0,0.0,237.0,23.7,10.0,8.0,0.0,71.46,611.67,0.0
0.0,0.0,0.0,0.0,0.0,0.0,0.0,0.0,0.0,1.21,21.02,0.0
0.0,45.0,1.0,48.0,94.0,9.4,2.0,4.0,1.067,33.12,94.73,1.0
46.0,87.0,13.0,1.0,147.0,14.7,8.0,4.0,0.011,51.54,562.37,0.0
1.0,13.0,3.0,0.0,17.0,1.7,2.0,1.0,0.0,5.2,76.94,0.0
28.0,146.0,10.0,3.0,187.0,18.7,7.0,3.0,0.021,45.35,753.94,0.0
27.0,144.0,27.0,1.0,199.0,19.9,7.0,8.0,0.007,82.98,391.62,0.0
2.0,66.0,2.0,65.0,135.0,13.5,2.0,5.0,0.985,41.71,209.17,1.0
3.0,28.0,2.0,25.0,58.0,5.8,5.0,7.0,0.893,33.7,66.14,1.0
3.0,4.0,3.0,0.0,10.0,1.0,3.0,1.0,0.0,19.79,172.07,0.0
1.0,13.0,1.0,10.0,25.0,2.5,2.0,4.0,0.769,21.73,144.93,1.0
3.0,37.0,0.0,38.0,78.0,7.8,4.0,3.0,1.027,38.43,105.15,1.0
6.0,12.0,0.0,1.0,19.0,1.9,1.0,3.0,0.083,18.7,54.86,0.0
101.0,47.0,5.0,1.0,154.0,15.4,10.0,4.0,0.021,79.9,815.23,0.0
84.0,55.0,16.0,3.0,158.0,15.8,8.0,8.0,0.055,70.48,846.69,0.0
0.0,12.0,0.0,10.0,22.0,2.2,5.0,4.0,0.833,33.5,81.23,1.0
2.0,14.0,0.0,0.0,16.0,1.6,2.0,2.0,0.0,2.75,148.76,0.0
3.0,9.0,0.0,0.0,12.0,1.2,3.0,2.0,0.0,12.2,155.21,0.0
8.0,118.0,15.0,105.0,246.0,24.6,14.0,6.0,0.89,68.99,84.93,1.0
3.0,32.0,7.0,30.0,72.0,7.2,3.0,3.0,0.938,52.17,108.53,1.0
2.0,34.0,4.0,34.0,74.0,7.4,3.0,4.0,1.0,38.38,117.76,1.0
1.0,2.0,1.0,0.0,4.0,0.4,1.0,0.0,0.0,2.01,55.94,0.0
1.0,29.0,1.0,26.0,57.0,5.7,3.0,5.0,0.897,21.46,43.37,1.0
8.0,171.0,3.0,160.0,342.0,34.2,5.0,8.0,0.936,50.18,89.87,1.0
3.0,25.0,0.0,24.0,52.0,5.2,2.0,5.0,0.96,35.35,58.99,1.0
8.0,156.0,2.0,135.0,301.0,30.1,16.0,10.0,0.865,69.27,112.51,1.0
2.0,30.0,3.0,29.0,64.0,6.4,4.0,5.0,0.967,40.81,125.28,1.0
0.0,0.0,0.0,0.0,0.0,0.0,0.0,0.0,0.0,3.26,55.76,0.0
1.0,32.0,4.0,27.0,64.0,6.4,3.0,6.0,0.844,19.27,138.3,1.0
60.0,17.0,0.0,0.0,77.0,7.7,3.0,3.0,0.0,30.12,234.34,0.0
2.0,40.0,6.0,39.0,87.0,8.7,4.0,5.0,0.975,55.68,216.16,1.0
1.0,2.0,1.0,0.0,4.0,0.4,1.0,1.0,0.0,0.7,48.2,0.0
1.0,22.0,2.0,21.0,46.0,4.6,4.0,6.0,0.955,36.36,44.52,1.0
0.0,20.0,2.0,16.0,38.0,3.8,2.0,5.0,0.8,18.05,42.43,1.0
37.0,5.0,0.0,0.0,42.0,4.2,4.0,2.0,0.0,30.68,164.01,0.0
1.0,8.0,2.0,0.0,11.0,1.1,2.0,3.0,0.0,11.04,161.49,0.0
1.0,9.0,1.0,1.0,12.0,1.2,2.0,2.0,0.111,2.96,86.35,0.0
0.0,2.0,1.0,0.0,3.0,0.3,1.0,1.0,0.0,3.96,26.58,0.0
1.0,64.0,0.0,57.0,122.0,12.2,6.0,4.0,0.891,42.01,131.98,1.0
0.0,0.0,0.0,0.0,0.0,0.0,0.0,0.0,0.0,2.44,31.54,0.0
3.0,58.0,0.0,51.0,112.0,11.2,4.0,12.0,0.879,81.83,184.46,1.0
66.0,19.0,0.0,0.0,85.0,8.5,1.0,2.0,0.0,10.22,215.18,0.0
1.0,63.0,3.0,59.0,126.0,12.6,4.0,3.0,0.937,53.72,89.04,1.0
4.0,138.0,8.0,144.0,294.0,29.4,11.0,7.0,1.043,81.62,236.74,1.0
1.0,2.0,0.0,0.0,3.0,0.3,1.0,1.0,0.0,3.05,36.79,0.0
4.0,26.0,0.0,27.0,57.0,5.7,6.0,6.0,1.038,37.89,166.5,1.0
0.0,0.0,0.0,0.0,0.0,0.0,0.0,0.0,0.0,3.29,54.6,0.0
62.0,148.0,5.0,2.0,217.0,21.7,7.0,5.0,0.014,71.01,278.34,0.0
41.0,63.0,16.0,1.0,121.0,12.1,5.0,8.0,0.016,66.06,293.65,0.0
37.0,15.0,0.0,0.0,52.0,5.2,3.0,1.0,0.0,15.21,135.08,0.0
1.0,0.0,0.0,0.0,1.0,0.1,1.0,0.0,0.0,3.06,28.19,0.0
0.0,1.0,0.0,0.0,1.0,0.1,1.0,1.0,0.0,2.85,54.59,0.0
1.0,7.0,2.0,1.0,11.0,1.1,3.0,1.0,0.143,15.59,151.31,0.0
98.0,72.0,27.0,3.0,200.0,20.0,10.0,7.0,0.042,70.63,358.13,0.0
8.0,120.0,9.0,119.0,256.0,25.6,5.0,4.0,0.992,69.33,71.66,1.0
1.0,121.0,1.0,120.0,243.0,24.3,6.0,4.0,0.992,52.14,135.97,1.0
2.0,68.0,2.0,72.0,144.0,14.4,3.0,2.0,1.059,49.76,57.94,1.0
2.0,23.0,0.0,23.0,48.0,4.8,3.0,4.0,1.0,23.6,141.1,1.0
2.0,49.0,4.0,47.0,102.0,10.2,4.0,6.0,0.959,69.28,85.36,1.0
3.0,141.0,2.0,146.0,292.0,29.2,8.0,4.0,1.035,70.62,114.36,1.0
1.0,13.0,2.0,13.0,29.0,2.9,4.0,5.0,1.0,40.1,48.53,1.0
0.0,15.0,4.0,14.0,33.0,3.3,3.0,3.0,0.933,42.29,78.12,1.0
1.0,72.0,5.0,69.0,147.0,14.7,5.0,2.0,0.958,58.2,194.92,1.0
2.0,53.0,4.0,51.0,110.0,11.0,13.0,4.0,0.962,88.08,318.07,1.0
0.0,114.0,8.0,118.0,240.0,24.0,5.0,6.0,1.035,82.83,92.14,1.0
6.0,136.0,5.0,135.0,282.0,28.2,11.0,9.0,0.993,80.7,155.26,1.0
5.0,51.0,2.0,55.0,113.0,11.3,5.0,2.0,1.078,61.38,95.98,1.0
0.0,2.0,0.0,0.0,2.0,0.2,1.0,1.0,0.0,2.0,44.96,0.0
0.0,0.0,0.0,0.0,0.0,0.0,0.0,0.0,0.0,3.24,23.8,0.0
1.0,38.0,1.0,35.0,75.0,7.5,5.0,5.0,0.921,48.27,182.91,1.0
0.0,138.0,0.0,120.0,258.0,25.8,4.0,8.0,0.87,65.88,159.45,1.0
0.0,0.0,0.0,0.0,0.0,0.0,0.0,0.0,0.0,3.38,49.86,0.0
0.0,0.0,0.0,0.0,0.0,0.0,0.0,0.0,0.0,1.46,48.39,0.0
0.0,0.0,1.0,0.0,1.0,0.1,1.0,1.0,0.0,1.27,44.34,0.0
4.0,42.0,7.0,45.0,98.0,9.8,5.0,4.0,1.071,29.7,81.68,1.0
6.0,145.0,11.0,129.0,291.0,29.1,12.0,10.0,0.89,90.42,256.55,1.0
37.0,9.0,0.0,0.0,46.0,4.6,4.0,1.0,0.0,28.89,103.05,0.0
3.0,10.0,0.0,0.0,13.0,1.3,2.0,3.0,0.0,18.04,148.43,0.0
0.0,0.0,0.0,0.0,0.0,0.0,0.0,0.0,0.0,2.59,24.44,0.0
5.0,36.0,1.0,35.0,77.0,7.7,5.0,3.0,0.972,44.49,72.66,1.0
8.0,168.0,2.0,163.0,341.0,34.1,14.0,11.0,0.97,84.7,125.84,1.0
7.0,68.0,10.0,73.0,158.0,15.8,8.0,5.0,1.074,79.32,109.84,1.0
2.0,17.0,1.0,14.0,34.0,3.4,6.0,6.0,0.824,41.24,122.94,1.0
6.0,85.0,7.0,72.0,170.0,17.0,12.0,11.0,0.847,68.3,78.55,1.0
3.0,21.0,3.0,20.0,47.0,4.7,3.0,6.0,0.952,36.2,60.9,1.0
2.0,13.0,3.0,1.0,19.0,1.9,2.0,1.0,0.077,11.96,71.91,0.0
49.0,137.0,10.0,3.0,199.0,19.9,12.0,6.0,0.022,71.43,400.55,0.0
64.0,6.0,0.0,0.0,70.0,7.0,4.0,3.0,0.0,15.46,152.28,0.0
2.0,13.0,0.0,0.0,15.0,1.5,1.0,4.0,0.0,7.18,134.86,0.0
0.0,1.0,0.0,0.0,1.0,0.1,1.0,1.0,0.0,3.58,22.04,0.0
0.0,96.0,6.0,90.0,192.0,19.2,11.0,5.0,0.938,55.71,292.41,1.0
4.0,129.0,5.0,122.0,260.0,26.0,6.0,12.0,0.946,91.35,236.29,1.0
0.0,16.0,4.0,15.0,35.0,3.5,3.0,6.0,0.938,26.68,71.59,1.0
4.0,110.0,10.0,106.0,230.0,23.0,16.0,10.0,0.964,35.58,204.32,1.0
5.0,5.0,0.0,1.0,11.0,1.1,3.0,2.0,0.2,12.38,69.81,0.0
6.0,4.0,3.0,1.0,14.0,1.4,1.0,3.0,0.25,10.12,109.53,0.0
86.0,125.0,28.0,0.0,239.0,23.9,7.0,3.0,0.0,70.79,399.48,0.0
25.0,156.0,19.0,2.0,202.0,20.2,6.0,6.0,0.013,46.96,546.75,0.0
8.0,67.0,11.0,70.0,156.0,15.6,6.0,5.0,1.045,40.99,301.39,1.0
5.0,12.0,2.0,0.0,19.0,1.9,2.0,2.0,0.0,19.74,112.98,0.0
5.0,13.0,0.0,0.0,18.0,1.8,3.0,1.0,0.0,14.57,108.75,0.0
6.0,88.0,13.0,97.0,204.0,20.4,11.0,6.0,1.102,38.89,102.12,1.0
5.0,82.0,8.0,74.0,169.0,16.9,12.0,4.0,0.902,90.76,179.74,1.0
2.0,3.0,3.0,1.0,9.0,0.9,1.0,3.0,0.333,3.43,46.69,0.0
3.0,14.0,3.0,0.0,20.0,2.0,1.0,1.0,0.0,6.34,79.59,0.0
4.0,59.0,0.0,58.0,121.0,12.1,7.0,4.0,0.983,31.54,210.38,1.0
4.0,8.0,3.0,0.0,15.0,1.5,1.0,3.0,0.0,11.11,89.26,0.0
5.0,28.0,5.0,30.0,68.0,6.8,3.0,5.0,1.071,37.09,210.52,1.0
80.0,45.0,27.0,3.0,155.0,15.5,7.0,4.0,0.067,97.84,594.47,0.0
0.0,2.0,1.0,0.0,3.0,0.3,1.0,0.0,0.0,3.47,33.55,0.0
0.0,0.0,0.0,0.0,0.0,0.0,0.0,0.0,0.0,2.63,55.99,0.0
6.0,114.0,11.0,105.0,236.0,23.6,12.0,9.0,0.921,43.24,290.26,1.0
6.0,140.0,6.0,133.0,285.0,28.5,14.0,7.0,0.95,71.1,316.35,1.0
0.0,0.0,1.0,0.0,1.0,0.1,1.0,0.0,0.0,3.35,34.97,0.0
5.0,3.0,0.0,1.0,9.0,0.9,2.0,2.0,0.333,13.17,149.33,0.0
0.0,2.0,0.0,0.0,2.0,0.2,1.0,1.0,0.0,3.18,54.71,0.0
1.0,0.0,0.0,0.0,1.0,0.1,1.0,1.0,0.0,1.69,48.61,0.0
3.0,70.0,6.0,70.0,149.0,14.9,5.0,3.0,1.0,34.31,133.29,1.0
2.0,64.0,7.0,69.0,142.0,14.2,7.0,2.0,1.078,61.04,58.61,1.0
2.0,72.0,13.0,72.0,159.0,15.9,9.0,10.0,1.0,92.85,115.21,1.0
0.0,58.0,10.0,53.0,121.0,12.1,13.0,9.0,0.914,39.38,265.29,1.0
0.0,25.0,0.0,25.0,50.0,5.0,7.0,4.0,1.0,56.56,110.02,1.0
3.0,20.0,3.0,18.0,44.0,4.4,3.0,3.0,0.9,33.09,129.16,1.0
3.0,74.0,2.0,68.0,147.0,14.7,5.0,3.0,0.919,56.6,101.71,1.0
0.0,27.0,2.0,24.0,53.0,5.3,5.0,7.0,0.889,22.24,53.34,1.0
8.0,103.0,3.0,113.0,227.0,22.7,7.0,7.0,1.097,36.18,190.35,1.0
7.0,148.0,7.0,160.0,322.0,32.2,15.0,9.0,1.081,83.98,210.13,1.0
3.0,27.0,3.0,27.0,60.0,6.0,5.0,4.0,1.0,45.37,52.41,1.0
1.0,0.0,0.0,0.0,1.0,0.1,1.0,1.0,0.0,0.46,30.0,0.0
6.0,149.0,15.0,139.0,309.0,30.9,4.0,9.0,0.933,38.62,173.43,1.0
3.0,12.0,0.0,0.0,15.0,1.5,2.0,1.0,0.0,7.24,61.01,0.0
7.0,175.0,8.0,178.0,368.0,36.8,13.0,4.0,1.017,80.29,229.77,1.0
4.0,69.0,3.0,72.0,148.0,14.8,11.0,11.0,1.043,47.34,272.09,1.0
30.0,41.0,9.0,1.0,81.0,8.1,9.0,5.0,0.024,92.41,820.81,0.0
5.0,72.0,9.0,61.0,147.0,14.7,12.0,7.0,0.847,82.17,76.26,1.0
4.0,58.0,4.0,54.0,120.0,12.0,4.0,9.0,0.931,71.43,234.88,1.0
0.0,2.0,0.0,0.0,2.0,0.2,1.0,1.0,0.0,1.87,25.51,0.0
1.0,112.0,0.0,118.0,231.0,23.1,15.0,7.0,1.054,46.18,129.58,1.0
62.0,15.0,0.0,0.0,77.0,7.7,1.0,2.0,0.0,24.06,179.08,0.0
3.0,11.0,2.0,0.0,16.0,1.6,2.0,4.0,0.0,19.41,81.32,0.0
1.0,131.0,12.0,136.0,280.0,28.0,16.0,11.0,1.038,60.63,242.52,1.0
4.0,5.0,2.0,0.0,11.0,1.1,2.0,1.0,0.0,19.55,90.93,0.0
3.0,20.0,0.0,20.0,43.0,4.3,5.0,7.0,1.0,32.63,138.95,1.0
57.0,154.0,24.0,1.0,236.0,23.6,5.0,5.0,0.006,55.61,543.12,0.0
1.0,17.0,2.0,17.0,37.0,3.7,6.0,7.0,1.0,30.19,138.22,1.0
0.0,37.0,4.0,34.0,75.0,7.5,6.0,6.0,0.919,53.7,196.52,1.0
0.0,25.0,4.0,22.0,51.0,5.1,2.0,7.0,0.88,38.75,98.2,1.0
70.0,17.0,0.0,0.0,87.0,8.7,1.0,2.0,0.0,23.11,134.28,0.0
0.0,173.0,12.0,175.0,360.0,36.0,15.0,4.0,1.012,85.58,98.02,1.0
0.0,25.0,1.0,20.0,46.0,4.6,5.0,3.0,0.8,26.88,121.79,1.0
6.0,14.0,3.0,1.0,24.0,2.4,2.0,3.0,0.071,7.98,67.74,0.0
6.0,5.0,2.0,0.0,13.0,1.3,3.0,1.0,0.0,3.57,117.89,0.0
63.0,13.0,0.0,0.0,76.0,7.6,4.0,1.0,0.0,15.95,100.79,0.0
3.0,32.0,0.0,33.0,68.0,6.8,3.0,6.0,1.031,42.75,129.21,1.0
6.0,114.0,4.0,109.0,233.0,23.3,15.0,9.0,0.956,48.63,124.67,1.0
0.0,57.0,1.0,59.0,117.0,11.7,7.0,6.0,1.035,64.98,171.55,1.0
3.0,180.0,5.0,162.0,350.0,35.0,4.0,12.0,0.9,79.41,241.29,1.0
6.0,134.0,2.0,131.0,273.0,27.3,11.0,4.0,0.978,61.91,124.96,1.0
4.0,11.0,3.0,0.0,18.0,1.8,3.0,3.0,0.0,15.5,136.29,0.0
6.0,11.0,0.0,0.0,17.0,1.7,2.0,1.0,0.0,4.1,58.37,0.0
4.0,75.0,10.0,71.0,160.0,16.0,15.0,6.0,0.947,63.83,172.99,1.0
3.0,11.0,3.0,1.0,18.0,1.8,3.0,2.0,0.091,15.86,120.42,0.0
4.0,13.0,2.0,0.0,19.0,1.9,1.0,3.0,0.0,17.4,147.9,0.0
0.0,1.0,0.0,0.0,1.0,0.1,1.0,0.0,0.0,2.45,57.22,0.0
0.0,32.0,1.0,28.0,61.0,6.1,6.0,5.0,0.875,33.84,52.93,1.0
2.0,162.0,1.0,157.0,322.0,32.2,12.0,8.0,0.969,84.49,300.4,1.0
7.0,146.0,9.0,124.0,286.0,28.6,14.0,5.0,0.849,53.66,135.38,1.0
0.0,20.0,0.0,18.0,38.0,3.8,6.0,3.0,0.9,23.24,127.3,1.0
1.0,19.0,4.0,15.0,39.0,3.9,2.0,3.0,0.789,42.54,75.61,1.0
3.0,9.0,3.0,0.0,15.0,1.5,1.0,4.0,0.0,6.21,95.16,0.0
0.0,2.0,0.0,0.0,2.0,0.2,1.0,0.0,0.0,1.5,25.76,0.0
1.0,12.0,1.0,0.0,14.0,1.4,3.0,3.0,0.0,18.92,93.04,0.0
3.0,34.0,3.0,35.0,75.0,7.5,4.0,6.0,1.029,15.85,128.29,1.0
2.0,156.0,1.0,159.0,318.0,31.8,15.0,11.0,1.019,80.59,319.63,1.0
3.0,14.0,0.0,1.0,18.0,1.8,1.0,2.0,0.071,11.1,146.89,0.0
0.0,64.0,1.0,67.0,132.0,13.2,3.0,5.0,1.047,39.64,133.32,1.0
2.0,56.0,8.0,55.0,121.0,12.1,5.0,6.0,0.982,39.91,88.39,1.0
5.0,10.0,3.0,1.0,19.0,1.9,3.0,4.0,0.1,6.4,83.91,0.0
2.0,13.0,2.0,0.0,17.0,1.7,1.0,1.0,0.0,13.2,86.61,0.0
7.0,144.0,15.0,141.0,307.0,30.7,13.0,5.0,0.979,41.42,117.09,1.0
6.0,14.0,2.0,1.0,23.0,2.3,2.0,3.0,0.071,3.95,72.74,0.0
0.0,17.0,2.0,14.0,33.0,3.3,5.0,5.0,0.824,22.97,42.95,1.0
2.0,14.0,1.0,11.0,28.0,2.8,2.0,7.0,0.786,17.36,68.16,1.0
1.0,12.0,1.0,0.0,14.0,1.4,1.0,1.0,0.0,13.22,114.68,0.0
5.0,65.0,6.0,55.0,131.0,13.1,15.0,9.0,0.846,40.25,124.4,1.0
5.0,72.0,8.0,73.0,158.0,15.8,5.0,6.0,1.014,30.65,215.24,1.0
2.0,32.0,3.0,31.0,68.0,6.8,5.0,5.0,0.969,26.65,159.95,1.0
2.0,6.0,2.0,1.0,11.0,1.1,3.0,2.0,0.167,10.81,44.3,0.0
117.0,135.0,15.0,2.0,269.0,26.9,4.0,5.0,0.015,92.71,596.76,0.0
5.0,160.0,8.0,160.0,333.0,33.3,5.0,11.0,1.0,94.5,268.74,1.0
1.0,15.0,1.0,14.0,31.0,3.1,4.0,7.0,0.933,21.77,106.46,1.0
0.0,21.0,1.0,20.0,42.0,4.2,3.0,4.0,0.952,39.68,53.87,1.0
1.0,4.0,3.0,0.0,8.0,0.8,2.0,4.0,0.0,10.3,63.91,0.0
50.0,160.0,8.0,3.0,221.0,22.1,11.0,3.0,0.019,71.56,438.48,0.0
4.0,4.0,3.0,0.0,11.0,1.1,3.0,4.0,0.0,2.92,70.4,0.0
2.0,123.0,8.0,108.0,241.0,24.1,8.0,8.0,0.878,39.12,198.07,1.0
5.0,60.0,6.0,61.0,132.0,13.2,5.0,2.0,1.017,31.25,112.83,1.0
0.0,2.0,1.0,0.0,3.0,0.3,1.0,0.0,0.0,3.03,27.77,0.0
3.0,7.0,3.0,0.0,13.0,1.3,3.0,3.0,0.0,15.8,43.29,0.0
0.0,2.0,1.0,0.0,3.0,0.3,1.0,0.0,0.0,0.53,39.97,0.0
3.0,41.0,7.0,37.0,88.0,8.8,5.0,3.0,0.902,29.72,141.25,1.0
3.0,138.0,5.0,141.0,287.0,28.7,12.0,9.0,1.022,49.48,231.3,1.0
1.0,5.0,2.0,0.0,8.0,0.8,3.0,2.0,0.0,9.19,41.95,0.0
1.0,3.0,3.0,0.0,7.0,0.7,2.0,3.0,0.0,12.59,82.06,0.0
7.0,132.0,12.0,134.0,285.0,28.5,5.0,6.0,1.015,41.47,210.93,1.0
5.0,7.0,1.0,1.0,14.0,1.4,1.0,1.0,0.143,7.56,101.72,0.0
7.0,130.0,14.0,119.0,270.0,27.0,14.0,12.0,0.915,50.36,139.55,1.0
5.0,25.0,6.0,25.0,61.0,6.1,7.0,2.0,1.0,39.05,198.53,1.0
6.0,44.0,15.0,46.0,111.0,11.1,16.0,9.0,1.045,65.38,177.01,1.0
3.0,26.0,4.0,27.0,60.0,6.0,4.0,6.0,1.038,44.6,136.75,1.0
2.0,11.0,1.0,0.0,14.0,1.4,1.0,3.0,0.0,4.23,55.44,0.0
110.0,47.0,7.0,1.0,165.0,16.5,12.0,4.0,0.021,83.63,254.58,0.0
7.0,115.0,5.0,119.0,246.0,24.6,7.0,10.0,1.035,59.74,142.82,1.0
0.0,95.0,11.0,106.0,212.0,21.2,15.0,11.0,1.116,85.93,242.93,1.0
3.0,13.0,0.0,0.0,16.0,1.6,1.0,1.0,0.0,19.25,75.43,0.0
5.0,70.0,6.0,70.0,151.0,15.1,3.0,6.0,1.0,35.12,208.87,1.0
2.0,8.0,3.0,1.0,14.0,1.4,1.0,4.0,0.125,13.63,95.38,0.0
0.0,2.0,0.0,0.0,2.0,0.2,1.0,0.0,0.0,3.8,55.37,0.0
2.0,17.0,2.0,16.0,37.0,3.7,6.0,6.0,0.941,28.53,147.42,1.0
0.0,17.0,1.0,16.0,34.0,3.4,2.0,6.0,0.941,17.31,149.02,1.0
7.0,63.0,14.0,55.0,139.0,13.9,13.0,9.0,0.873,47.82,103.5,1.0
3.0,172.0,4.0,179.0,358.0,35.8,13.0,12.0,1.041,61.64,272.66,1.0
5.0,180.0,6.0,196.0,387.0,38.7,15.0,10.0,1.089,55.32,226.66,1.0
39.0,15.0,0.0,0.0,54.0,5.4,1.0,1.0,0.0,26.2,137.77,0.0
4.0,7.0,2.0,1.0,14.0,1.4,3.0,4.0,0.143,16.39,79.77,0.0
0.0,60.0,14.0,65.0,139.0,13.9,11.0,6.0,1.083,44.96,210.34,1.0
2.0,160.0,4.0,146.0,312.0,31.2,16.0,4.0,0.912,83.93,248.05,1.0
3.0,32.0,5.0,30.0,70.0,7.0,2.0,4.0,0.938,41.8,147.85,1.0
5.0,33.0,2.0,34.0,74.0,7.4,6.0,6.0,1.03,47.37,202.77,1.0
2.0,10.0,2.0,1.0,15.0,1.5,3.0,1.0,0.1,14.02,117.64,0.0
0.0,1.0,0.0,0.0,1.0,0.1,1.0,0.0,0.0,0.85,48.24,0.0
8.0,78.0,6.0,83.0,175.0,17.5,13.0,4.0,1.064,41.29,292.19,1.0
110.0,67.0,8.0,1.0,186.0,18.6,10.0,5.0,0.015,45.8,716.35,0.0
118.0,90.0,14.0,1.0,223.0,22.3,4.0,7.0,0.011,65.79,474.58,0.0
2.0,48.0,8.0,48.0,106.0,10.6,8.0,4.0,1.0,53.46,175.33,1.0
4.0,3.0,2.0,0.0,9.0,0.9,3.0,2.0,0.0,4.64,83.9,0.0
1.0,3.0,1.0,1.0,6.0,0.6,1.0,3.0,0.333,11.92,117.32,0.0
0.0,1.0,0.0,0.0,1.0,0.1,1.0,0.0,0.0,2.64,24.45,0.0
0.0,0.0,0.0,0.0,0.0,0.0,0.0,0.0,0.0,2.3,52.91,0.0
0.0,1.0,0.0,0.0,1.0,0.1,1.0,0.0,0.0,3.99,20.84,0.0
74.0,136.0,18.0,0.0,228.0,22.8,4.0,7.0,0.0,58.28,224.32,0.0
2.0,23.0,3.0,19.0,47.0,4.7,4.0,4.0,0.826,44.66,117.8,1.0
4.0,40.0,8.0,40.0,92.0,9.2,3.0,4.0,1.0,32.96,118.03,1.0
0.0,2.0,0.0,0.0,2.0,0.2,1.0,1.0,0.0,0.68,43.82,0.0
3.0,9.0,3.0,0.0,15.0,1.5,1.0,3.0,0.0,7.4,151.21,0.0
1.0,25.0,3.0,26.0,55.0,5.5,3.0,7.0,1.04,21.91,130.98,1.0
0.0,35.0,1.0,32.0,68.0,6.8,5.0,3.0,0.914,29.79,179.94,1.0
57.0,5.0,0.0,0.0,62.0,6.2,3.0,2.0,0.0,22.79,105.79,0.0
6.0,154.0,14.0,173.0,347.0,34.7,8.0,10.0,1.123,87.93,153.94,1.0
0.0,17.0,3.0,14.0,34.0,3.4,5.0,7.0,0.824,15.88,114.71,1.0
1.0,6.0,3.0,0.0,10.0,1.0,1.0,1.0,0.0,8.97,144.23,0.0
4.0,7.0,0.0,0.0,11.0,1.1,1.0,4.0,0.0,14.04,72.08,0.0
4.0,82.0,3.0,88.0,177.0,17.7,6.0,10.0,1.073,36.72,134.38,1.0
0.0,2.0,0.0,0.0,2.0,0.2,1.0,0.0,0.0,3.27,43.67,0.0
1.0,148.0,12.0,126.0,287.0,28.7,16.0,8.0,0.851,81.56,305.36,1.0
0.0,1.0,0.0,0.0,1.0,0.1,1.0,1.0,0.0,0.45,43.48,0.0
6.0,130.0,0.0,111.0,247.0,24.7,13.0,9.0,0.854,84.72,297.93,1.0
8.0,47.0,10.0,51.0,116.0,11.6,5.0,6.0,1.085,48.0,71.6,1.0
0.0,69.0,2.0,69.0,140.0,14.0,6.0,3.0,1.0,36.96,172.19,1.0
7.0,48.0,8.0,55.0,118.0,11.8,16.0,4.0,1.146,78.95,126.78,1.0
3.0,28.0,3.0,25.0,59.0,5.9,6.0,3.0,0.893,41.65,86.42,1.0
0.0,0.0,0.0,0.0,0.0,0.0,0.0,0.0,0.0,2.78,17.59,0.0
3.0,35.0,2.0,28.0,68.0,6.8,6.0,6.0,0.8,43.32,71.04,1.0
119.0,73.0,23.0,1.0,216.0,21.6,10.0,8.0,0.014,65.06,581.99,0.0
2.0,19.0,0.0,19.0,40.0,4.0,2.0,7.0,1.0,21.29,62.99,1.0
1.0,166.0,15.0,187.0,369.0,36.9,15.0,4.0,1.127,46.53,156.35,1.0
0.0,0.0,0.0,0.0,0.0,0.0,0.0,0.0,0.0,1.95,39.91,0.0
56.0,119.0,9.0,1.0,185.0,18.5,7.0,5.0,0.008,85.64,761.71,0.0
0.0,28.0,3.0,23.0,54.0,5.4,5.0,6.0,0.821,44.23,140.41,1.0
0.0,13.0,1.0,13.0,27.0,2.7,5.0,6.0,1.0,23.73,87.23,1.0
4.0,3.0,2.0,0.0,9.0,0.9,1.0,1.0,0.0,18.53,84.97,0.0
60.0,152.0,18.0,1.0,231.0,23.1,12.0,5.0,0.007,91.85,814.52,0.0
1.0,2.0,1.0,0.0,4.0,0.4,1.0,1.0,0.0,1.37,16.05,0.0
4.0,9.0,2.0,1.0,16.0,1.6,2.0,3.0,0.111,13.19,79.89,0.0
0.0,0.0,0.0,0.0,0.0,0.0,0.0,0.0,0.0,2.48,47.59,0.0
6.0,8.0,2.0,1.0,17.0,1.7,3.0,2.0,0.125,14.38,132.77,0.0
7.0,153.0,8.0,144.0,312.0,31.2,4.0,9.0,0.941,65.21,258.1,1.0
5.0,163.0,7.0,164.0,339.0,33.9,12.0,7.0,1.006,46.92,203.42,1.0
1.0,4.0,3.0,0.0,8.0,0.8,3.0,2.0,0.0,19.15,59.99,0.0
4.0,180.0,10.0,165.0,359.0,35.9,11.0,10.0,0.917,93.29,180.54,1.0
1.0,99.0,2.0,113.0,215.0,21.5,13.0,10.0,1.141,73.61,104.42,1.0
4.0,53.0,0.0,52.0,109.0,10.9,7.0,7.0,0.981,86.47,304.34,1.0
0.0,0.0,0.0,0.0,0.0,0.0,0.0,0.0,0.0,1.46,33.86,0.0
0.0,34.0,1.0,29.0,64.0,6.4,4.0,4.0,0.853,34.51,111.1,1.0
3.0,30.0,2.0,29.0,64.0,6.4,6.0,4.0,0.967,44.08,73.63,1.0
5.0,74.0,8.0,73.0,160.0,16.0,2.0,2.0,0.986,30.36,139.76,1.0
1.0,33.0,1.0,30.0,65.0,6.5,5.0,4.0,0.909,25.0,147.87,1.0
3.0,26.0,5.0,25.0,59.0,5.9,4.0,4.0,0.962,55.07,185.99,1.0
2.0,5.0,1.0,0.0,8.0,0.8,2.0,1.0,0.0,13.9,98.05,0.0
8.0,169.0,2.0,178.0,357.0,35.7,6.0,11.0,1.053,70.28,147.89,1.0
4.0,8.0,1.0,1.0,14.0,1.4,2.0,1.0,0.125,8.97,145.2,0.0
1.0,143.0,8.0,154.0,306.0,30.6,5.0,7.0,1.077,53.49,75.26,1.0
1.0,6.0,3.0,0.0,10.0,1.0,3.0,1.0,0.0,3.85,178.57,0.0
3.0,145.0,1.0,128.0,277.0,27.7,14.0,11.0,0.883,78.39,119.64,1.0
5.0,97.0,9.0,100.0,211.0,21.1,12.0,4.0,1.031,53.47,115.86,1.0
8.0,165.0,0.0,155.0,328.0,32.8,13.0,9.0,0.939,64.9,229.79,1.0
0.0,20.0,2.0,20.0,42.0,4.2,5.0,4.0,1.0,19.97,144.07,1.0
1.0,31.0,2.0,29.0,63.0,6.3,5.0,7.0,0.935,37.49,112.14,1.0
5.0,3.0,2.0,0.0,10.0,1.0,2.0,2.0,0.0,5.36,56.7,0.0
5.0,161.0,9.0,155.0,330.0,33.0,8.0,8.0,0.963,44.32,106.19,1.0
8.0,43.0,3.0,37.0,91.0,9.1,14.0,8.0,0.86,52.41,112.05,1.0
5.0,44.0,3.0,44.0,96.0,9.6,13.0,12.0,1.0,40.59,257.84,1.0
4.0,73.0,2.0,65.0,144.0,14.4,7.0,7.0,0.89,70.44,146.9,1.0
2.0,14.0,3.0,1.0,20.0,2.0,3.0,3.0,0.071,15.07,113.04,0.0
4.0,59.0,2.0,59.0,124.0,12.4,4.0,3.0,1.0,47.76,155.69,1.0
1.0,0.0,1.0,0.0,2.0,0.2,1.0,0.0,0.0,0.23,25.84,0.0
0.0,1.0,0.0,0.0,1.0,0.1,1.0,1.0,0.0,1.91,20.3,0.0
4.0,68.0,5.0,78.0,155.0,15.5,8.0,12.0,1.147,83.64,276.68,1.0
70.0,8.0,0.0,0.0,78.0,7.8,4.0,3.0,0.0,34.51,93.39,0.0
7.0,105.0,2.0,117.0,231.0,23.1,15.0,5.0,1.114,72.33,241.42,1.0
0.0,2.0,1.0,0.0,3.0,0.3,1.0,1.0,0.0,1.79,31.54,0.0
1.0,28.0,2.0,28.0,59.0,5.9,4.0,3.0,1.0,15.52,118.47,1.0
4.0,4.0,0.0,0.0,8.0,0.8,2.0,2.0,0.0,5.94,77.03,0.0
3.0,162.0,3.0,181.0,349.0,34.9,6.0,9.0,1.117,66.27,102.66,1.0
5.0,92.0,8.0,88.0,193.0,19.3,13.0,8.0,0.957,88.44,289.18,1.0
1.0,2.0,0.0,0.0,3.0,0.3,1.0,0.0,0.0,1.59,31.15,0.0
8.0,82.0,15.0,93.0,198.0,19.8,15.0,9.0,1.134,48.15,87.54,1.0
0.0,1.0,0.0,0.0,1.0,0.1,1.0,1.0,0.0,3.95,44.47,0.0
34.0,106.0,13.0,3.0,156.0,15.6,7.0,7.0,0.028,66.51,731.2,0.0
1.0,2.0,0.0,0.0,3.0,0.3,1.0,1.0,0.0,3.03,50.12,0.0
0.0,45.0,7.0,41.0,93.0,9.3,7.0,2.0,0.911,43.28,110.6,1.0
57.0,18.0,0.0,0.0,75.0,7.5,1.0,3.0,0.0,33.58,174.98,0.0
0.0,2.0,0.0,0.0,2.0,0.2,1.0,0.0,0.0,3.07,36.9,0.0
41.0,88.0,26.0,1.0,156.0,15.6,5.0,8.0,0.011,54.77,391.47,0.0
1.0,23.0,0.0,21.0,45.0,4.5,6.0,3.0,0.913,20.2,96.65,1.0
8.0,117.0,4.0,100.0,229.0,22.9,6.0,11.0,0.855,36.39,288.54,1.0
36.0,76.0,5.0,3.0,120.0,12.0,4.0,4.0,0.039,90.25,706.89,0.0
5.0,15.0,0.0,0.0,20.0,2.0,2.0,1.0,0.0,7.42,134.23,0.0
0.0,0.0,0.0,0.0,0.0,0.0,0.0,0.0,0.0,3.82,35.77,0.0
2.0,9.0,2.0,0.0,13.0,1.3,1.0,1.0,0.0,4.94,45.24,0.0
3.0,168.0,14.0,186.0,371.0,37.1,14.0,4.0,1.107,85.21,160.71,1.0
1.0,29.0,3.0,23.0,56.0,5.6,2.0,5.0,0.793,19.26,52.26,1.0
0.0,34.0,0.0,27.0,61.0,6.1,4.0,7.0,0.794,21.91,112.83,1.0
4.0,76.0,1.0,81.0,162.0,16.2,11.0,10.0,1.066,91.8,243.48,1.0
5.0,134.0,4.0,147.0,290.0,29.0,16.0,7.0,1.097,68.41,152.41,1.0
6.0,7.0,0.0,1.0,14.0,1.4,3.0,4.0,0.143,6.75,68.14,0.0
5.0,144.0,2.0,137.0,288.0,28.8,16.0,9.0,0.951,81.72,178.96,1.0
1.0,7.0,3.0,0.0,11.0,1.1,1.0,4.0,0.0,7.41,177.79,0.0
6.0,10.0,2.0,0.0,18.0,1.8,3.0,2.0,0.0,3.9,163.31,0.0
0.0,39.0,5.0,36.0,80.0,8.0,5.0,2.0,0.923,37.77,123.85,1.0
74.0,13.0,0.0,0.0,87.0,8.7,2.0,1.0,0.0,25.39,179.76,0.0
4.0,46.0,0.0,46.0,96.0,9.6,5.0,3.0,1.0,67.22,76.11,1.0
1.0,169.0,15.0,174.0,359.0,35.9,4.0,4.0,1.03,56.82,101.73,1.0
6.0,10.0,2.0,0.0,18.0,1.8,3.0,3.0,0.0,8.15,104.37,0.0
1.0,10.0,0.0,0.0,11.0,1.1,2.0,2.0,0.0,18.81,62.61,0.0
6.0,167.0,6.0,144.0,323.0,32.3,6.0,11.0,0.862,58.74,193.2,1.0
3.0,7.0,2.0,0.0,12.0,1.2,1.0,4.0,0.0,16.25,174.49,0.0
0.0,0.0,0.0,0.0,0.0,0.0,0.0,0.0,0.0,0.12,52.37,0.0
4.0,45.0,8.0,48.0,105.0,10.5,2.0,6.0,1.067,44.8,187.79,1.0
0.0,46.0,4.0,43.0,93.0,9.3,7.0,2.0,0.935,43.05,83.56,1.0
2.0,88.0,8.0,80.0,178.0,17.8,8.0,6.0,0.909,47.75,144.23,1.0
1.0,42.0,6.0,37.0,86.0,8.6,7.0,2.0,0.881,34.52,82.52,1.0
0.0,96.0,9.0,94.0,199.0,19.9,7.0,12.0,0.979,59.51,109.69,1.0
0.0,46.0,8.0,47.0,101.0,10.1,5.0,2.0,1.022,49.67,79.06,1.0
0.0,2.0,0.0,0.0,2.0,0.2,1.0,0.0,0.0,2.0,29.36,0.0
4.0,107.0,12.0,111.0,234.0,23.4,9.0,7.0,1.037,45.85,241.61,1.0
2.0,6.0,1.0,0.0,9.0,0.9,2.0,1.0,0.0,18.66,173.03,0.0
2.0,143.0,5.0,125.0,275.0,27.5,6.0,12.0,0.874,73.95,234.05,1.0
0.0,40.0,7.0,42.0,89.0,8.9,14.0,7.0,1.05,68.03,207.28,1.0
8.0,51.0,0.0,54.0,113.0,11.3,4.0,8.0,1.059,74.96,185.36,1.0
73.0,14.0,0.0,0.0,87.0,8.7,3.0,1.0,0.0,20.18,83.18,0.0
3.0,6.0,2.0,0.0,11.0,1.1,1.0,3.0,0.0,16.13,148.89,0.0
4.0,10.0,3.0,0.0,17.0,1.7,3.0,2.0,0.0,17.43,120.44,0.0
5.0,68.0,0.0,72.0,145.0,14.5,5.0,3.0,1.059,52.38,179.87,1.0
1.0,15.0,2.0,13.0,31.0,3.1,6.0,6.0,0.867,24.01,143.75,1.0
0.0,0.0,0.0,0.0,0.0,0.0,0.0,0.0,0.0,2.52,33.87,0.0
0.0,1.0,0.0,0.0,1.0,0.1,1.0,1.0,0.0,1.95,36.3,0.0
3.0,14.0,3.0,0.0,20.0,2.0,3.0,3.0,0.0,10.76,163.93,0.0
1.0,9.0,2.0,0.0,12.0,1.2,1.0,1.0,0.0,2.77,94.36,0.0
56.0,17.0,0.0,0.0,73.0,7.3,1.0,2.0,0.0,26.18,154.84,0.0
4.0,70.0,5.0,65.0,144.0,14.4,2.0,5.0,0.929,70.92,169.34,1.0
2.0,16.0,0.0,14.0,32.0,3.2,2.0,5.0,0.875,22.35,131.85,1.0
6.0,7.0,3.0,0.0,16.0,1.6,2.0,3.0,0.0,15.46,112.93,0.0
7.0,171.0,5.0,187.0,370.0,37.0,5.0,7.0,1.094,45.09,127.1,1.0
0.0,43.0,14.0,45.0,102.0,10.2,10.0,5.0,1.047,69.88,260.58,1.0
1.0,0.0,0.0,0.0,1.0,0.1,1.0,1.0,0.0,3.91,47.96,0.0
0.0,1.0,1.0,0.0,2.0,0.2,1.0,1.0,0.0,3.47,20.46,0.0
3.0,113.0,13.0,124.0,253.0,25.3,11.0,11.0,1.097,37.04,135.16,1.0
5.0,73.0,2.0,73.0,153.0,15.3,3.0,6.0,1.0,56.76,196.58,1.0
0.0,12.0,4.0,9.0,25.0,2.5,3.0,4.0,0.75,42.9,70.49,1.0
0.0,59.0,7.0,60.0,126.0,12.6,7.0,3.0,1.017,48.14,61.27,1.0
0.0,55.0,8.0,60.0,123.0,12.3,4.0,3.0,1.091,25.42,164.11,1.0
0.0,0.0,1.0,0.0,1.0,0.1,1.0,1.0,0.0,0.55,55.28,0.0
2.0,3.0,0.0,0.0,5.0,0.5,1.0,1.0,0.0,12.28,42.4,0.0
33.0,48.0,7.0,2.0,90.0,9.0,9.0,6.0,0.042,66.27,797.53,0.0
5.0,161.0,9.0,179.0,354.0,35.4,10.0,12.0,1.112,69.16,117.86,1.0
1.0,0.0,0.0,0.0,1.0,0.1,1.0,1.0,0.0,1.85,31.29,0.0
38.0,139.0,18.0,1.0,196.0,19.6,6.0,8.0,0.007,72.45,232.64,0.0
0.0,163.0,13.0,166.0,342.0,34.2,14.0,10.0,1.018,59.72,74.88,1.0
0.0,0.0,0.0,0.0,0.0,0.0,0.0,0.0,0.0,2.76,49.67,0.0
1.0,31.0,1.0,26.0,59.0,5.9,6.0,6.0,0.839,17.78,110.61,1.0
0.0,37.0,1.0,35.0,73.0,7.3,5.0,5.0,0.946,69.15,65.19,1.0
38.0,144.0,26.0,0.0,208.0,20.8,9.0,4.0,0.0,67.65,685.9,0.0
2.0,17.0,4.0,15.0,38.0,3.8,5.0,3.0,0.882,23.8,68.03,1.0
1.0,1.0,0.0,0.0,2.0,0.2,1.0,1.0,0.0,2.79,35.56,0.0
86.0,123.0,11.0,2.0,222.0,22.2,9.0,5.0,0.016,79.23,790.16,0.0
0.0,0.0,0.0,0.0,0.0,0.0,0.0,0.0,0.0,1.94,32.23,0.0
1.0,14.0,4.0,13.0,32.0,3.2,6.0,7.0,0.929,41.61,45.89,1.0
0.0,2.0,0.0,0.0,2.0,0.2,1.0,1.0,0.0,1.64,21.81,0.0
0.0,2.0,0.0,0.0,2.0,0.2,1.0,1.0,0.0,2.87,38.31,0.0
0.0,43.0,1.0,46.0,90.0,9.0,4.0,4.0,1.07,28.72,102.95,1.0
5.0,60.0,4.0,58.0,127.0,12.7,7.0,5.0,0.967,26.03,67.11,1.0
96.0,138.0,24.0,0.0,258.0,25.8,8.0,3.0,0.0,54.56,656.75,0.0
0.0,1.0,0.0,0.0,1.0,0.1,1.0,1.0,0.0,2.65,46.17,0.0
38.0,44.0,16.0,0.0,98.0,9.8,6.0,8.0,0.0,84.02,766.09,0.0
8.0,121.0,6.0,113.0,248.0,24.8,9.0,11.0,0.934,88.67,220.03,1.0
3.0,14.0,1.0,11.0,29.0,2.9,6.0,3.0,0.786,35.61,55.88,1.0
3.0,11.0,2.0,1.0,17.0,1.7,1.0,1.0,0.091,18.14,108.94,0.0
0.0,19.0,2.0,17.0,38.0,3.8,5.0,4.0,0.895,22.8,49.52,1.0
0.0,12.0,0.0,12.0,24.0,2.4,4.0,3.0,1.0,15.67,118.45,1.0
4.0,127.0,15.0,122.0,268.0,26.8,5.0,12.0,0.961,79.4,158.47,1.0
2.0,35.0,2.0,29.0,68.0,6.8,4.0,3.0,0.829,24.34,148.0,1.0
1.0,150.0,13.0,169.0,333.0,33.3,16.0,5.0,1.127,74.6,118.42,1.0
2.0,20.0,4.0,17.0,43.0,4.3,5.0,6.0,0.85,33.71,102.41,1.0
7.0,59.0,6.0,64.0,136.0,13.6,14.0,11.0,1.085,61.11,191.01,1.0
0.0,0.0,0.0,0.0,0.0,0.0,0.0,0.0,0.0,2.94,29.36,0.0
0.0,29.0,4.0,25.0,58.0,5.8,5.0,3.0,0.862,17.87,44.87,1.0
116.0,58.0,18.0,3.0,195.0,19.5,11.0,8.0,0.052,86.82,645.49,0.0
0.0,0.0,0.0,0.0,0.0,0.0,0.0,0.0,0.0,3.26,57.71,0.0
0.0,0.0,0.0,0.0,0.0,0.0,0.0,0.0,0.0,2.79,41.94,0.0
0.0,0.0,0.0,0.0,0.0,0.0,0.0,0.0,0.0,1.98,45.0,0.0
4.0,46.0,1.0,44.0,95.0,9.5,4.0,5.0,0.957,71.88,80.55,1.0
72.0,17.0,0.0,0.0,89.0,8.9,2.0,1.0,0.0,12.82,145.87,0.0
0.0,1.0,0.0,0.0,1.0,0.1,1.0,0.0,0.0,1.87,33.57,0.0
3.0,137.0,12.0,135.0,287.0,28.7,11.0,6.0,0.985,93.67,216.01,1.0
1.0,11.0,3.0,0.0,15.0,1.5,2.0,3.0,0.0,12.86,111.62,0.0
0.0,0.0,0.0,0.0,0.0,0.0,0.0,0.0,0.0,1.28,18.62,0.0
0.0,0.0,0.0,0.0,0.0,0.0,0.0,0.0,0.0,1.6,35.1,0.0
2.0,22.0,3.0,19.0,46.0,4.6,3.0,5.0,0.864,25.92,95.54,1.0
6.0,3.0,0.0,1.0,10.0,1.0,2.0,2.0,0.333,18.66,165.79,0.0
1.0,66.0,7.0,58.0,132.0,13.2,14.0,7.0,0.879,38.04,77.35,1.0
5.0,10.0,2.0,1.0,18.0,1.8,2.0,4.0,0.1,8.94,151.98,0.0
37.0,20.0,0.0,0.0,57.0,5.7,4.0,2.0,0.0,31.4,171.24,0.0
6.0,69.0,12.0,67.0,154.0,15.4,15.0,4.0,0.971,47.98,117.57,1.0
0.0,0.0,0.0,0.0,0.0,0.0,0.0,0.0,0.0,1.98,42.84,0.0
6.0,127.0,0.0,144.0,277.0,27.7,6.0,6.0,1.134,41.78,212.85,1.0
5.0,13.0,0.0,0.0,18.0,1.8,3.0,3.0,0.0,18.81,162.47,0.0
4.0,14.0,0.0,0.0,18.0,1.8,2.0,1.0,0.0,9.42,58.2,0.0
8.0,68.0,5.0,61.0,142.0,14.2,12.0,8.0,0.897,66.84,261.63,1.0
7.0,73.0,6.0,79.0,165.0,16.5,13.0,6.0,1.082,73.03,164.25,1.0
59.0,12.0,0.0,0.0,71.0,7.1,2.0,2.0,0.0,27.1,224.14,0.0
2.0,32.0,1.0,29.0,64.0,6.4,6.0,4.0,0.906,16.36,72.8,1.0
0.0,1.0,1.0,0.0,2.0,0.2,1.0,1.0,0.0,0.19,24.41,0.0
5.0,4.0,3.0,1.0,13.0,1.3,1.0,2.0,0.25,5.62,144.99,0.0
55.0,19.0,0.0,0.0,74.0,7.4,4.0,2.0,0.0,10.91,242.33,0.0
0.0,2.0,0.0,0.0,2.0,0.2,1.0,1.0,0.0,1.59,19.1,0.0
0.0,0.0,0.0,0.0,0.0,0.0,0.0,0.0,0.0,2.11,38.82,0.0
85.0,70.0,12.0,2.0,169.0,16.9,6.0,6.0,0.029,93.48,565.55,0.0
7.0,118.0,7.0,102.0,234.0,23.4,14.0,6.0,0.864,73.31,162.15,1.0
2.0,53.0,4.0,53.0,112.0,11.2,5.0,5.0,1.0,74.03,114.14,1.0
2.0,34.0,3.0,31.0,70.0,7.0,5.0,7.0,0.912,28.41,62.5,1.0
0.0,1.0,1.0,0.0,2.0,0.2,1.0,0.0,0.0,1.84,28.4,0.0
0.0,2.0,0.0,0.0,2.0,0.2,1.0,0.0,0.0,1.13,29.22,0.0
0.0,2.0,0.0,0.0,2.0,0.2,1.0,1.0,0.0,2.85,27.33,0.0
0.0,2.0,0.0,0.0,2.0,0.2,1.0,1.0,0.0,1.62,58.59,0.0
6.0,146.0,1.0,164.0,317.0,31.7,15.0,5.0,1.123,87.57,220.56,1.0
4.0,178.0,4.0,178.0,364.0,36.4,10.0,9.0,1.0,84.3,210.78,1.0
2.0,27.0,1.0,21.0,51.0,5.1,6.0,3.0,0.778,22.46,41.31,1.0
0.0,2.0,1.0,0.0,3.0,0.3,1.0,0.0,0.0,1.85,41.91,0.0
5.0,37.0,7.0,40.0,89.0,8.9,7.0,4.0,1.081,36.75,206.61,1.0
6.0,140.0,8.0,136.0,290.0,29.0,11.0,5.0,0.971,94.46,192.18,1.0
2.0,11.0,2.0,1.0,16.0,1.6,1.0,3.0,0.091,5.7,124.97,0.0
4.0,81.0,1.0,86.0,172.0,17.2,16.0,5.0,1.062,44.03,205.77,1.0
5.0,13.0,0.0,1.0,19.0,1.9,1.0,1.0,0.077,4.78,54.74,0.0
4.0,35.0,5.0,36.0,80.0,8.0,6.0,6.0,1.029,44.63,128.34,1.0
114.0,85.0,23.0,0.0,222.0,22.2,9.0,7.0,0.0,74.87,566.02,0.0
1.0,94.0,5.0,93.0,193.0,19.3,10.0,12.0,0.989,91.27,198.13,1.0
1.0,13.0,4.0,11.0,29.0,2.9,4.0,5.0,0.846,42.4,115.02,1.0
7.0,140.0,13.0,148.0,308.0,30.8,4.0,9.0,1.057,56.25,201.53,1.0
1.0,0.0,0.0,0.0,1.0,0.1,1.0,1.0,0.0,3.4,26.68,0.0
1.0,2.0,0.0,0.0,3.0,0.3,1.0,1.0,0.0,0.65,54.34,0.0
0.0,25.0,2.0,22.0,49.0,4.9,5.0,6.0,0.88,22.9,43.89,1.0
0.0,0.0,1.0,0.0,1.0,0.1,1.0,1.0,0.0,1.24,46.27,0.0
1.0,14.0,1.0,12.0,28.0,2.8,2.0,3.0,0.857,19.02,70.97,1.0
8.0,92.0,4.0,84.0,188.0,18.8,5.0,8.0,0.913,62.17,240.16,1.0
0.0,1.0,0.0,0.0,1.0,0.1,1.0,1.0,0.0,3.2,18.56,0.0
1.0,15.0,3.0,1.0,20.0,2.0,3.0,4.0,0.067,6.5,178.17,0.0
1.0,1.0,1.0,0.0,3.0,0.3,1.0,1.0,0.0,2.32,37.62,0.0
0.0,0.0,0.0,0.0,0.0,0.0,0.0,0.0,0.0,1.19,15.14,0.0
1.0,2.0,1.0,0.0,4.0,0.4,1.0,0.0,0.0,2.29,39.9,0.0
1.0,20.0,4.0,17.0,42.0,4.2,5.0,7.0,0.85,40.06,94.04,1.0
5.0,13.0,2.0,1.0,21.0,2.1,3.0,4.0,0.077,4.36,81.08,0.0
3.0,22.0,4.0,22.0,51.0,5.1,6.0,3.0,1.0,34.04,145.76,1.0
0.0,0.0,1.0,0.0,1.0,0.1,1.0,0.0,0.0,0.6,34.52,0.0
0.0,2.0,0.0,0.0,2.0,0.2,1.0,1.0,0.0,2.4,51.42,0.0
2.0,167.0,4.0,186.0,359.0,35.9,7.0,8.0,1.114,43.06,286.54,1.0
1.0,0.0,0.0,0.0,1.0,0.1,1.0,0.0,0.0,1.07,19.66,0.0
3.0,10.0,1.0,1.0,15.0,1.5,2.0,2.0,0.1,12.6,75.27,0.0
5.0,116.0,13.0,103.0,237.0,23.7,10.0,11.0,0.888,45.47,114.66,1.0
1.0,5.0,1.0,1.0,8.0,0.8,3.0,2.0,0.2,17.25,136.01,0.0
0.0,122.0,13.0,121.0,256.0,25.6,14.0,5.0,0.992,82.83,226.24,1.0
4.0,146.0,12.0,129.0,291.0,29.1,8.0,8.0,0.884,57.91,232.41,1.0
1.0,0.0,0.0,0.0,1.0,0.1,1.0,1.0,0.0,1.66,45.23,0.0
2.0,9.0,1.0,0.0,12.0,1.2,2.0,2.0,0.0,7.01,77.66,0.0
1.0,18.0,1.0,16.0,36.0,3.6,6.0,4.0,0.889,30.6,149.52,1.0
118.0,59.0,27.0,3.0,207.0,20.7,10.0,5.0,0.051,81.88,734.28,0.0
7.0,91.0,15.0,80.0,193.0,19.3,5.0,6.0,0.879,85.38,96.93,1.0
1.0,10.0,3.0,0.0,14.0,1.4,1.0,4.0,0.0,2.82,66.24,0.0
5.0,11.0,3.0,1.0,20.0,2.0,3.0,2.0,0.091,8.92,121.33,0.0
4.0,40.0,5.0,42.0,91.0,9.1,4.0,2.0,1.05,31.6,160.97,1.0
7.0,53.0,0.0,58.0,118.0,11.8,6.0,8.0,1.094,51.19,145.57,1.0
0.0,1.0,1.0,0.0,2.0,0.2,1.0,1.0,0.0,0.12,25.31,0.0
0.0,118.0,9.0,105.0,232.0,23.2,13.0,9.0,0.89,62.26,284.85,1.0
4.0,35.0,3.0,36.0,78.0,7.8,2.0,6.0,1.029,57.33,99.51,1.0
2.0,44.0,5.0,42.0,93.0,9.3,8.0,3.0,0.955,59.43,168.75,1.0
1.0,1.0,0.0,0.0,2.0,0.2,1.0,1.0,0.0,2.18,32.85,0.0
3.0,171.0,8.0,167.0,349.0,34.9,6.0,4.0,0.977,78.78,215.84,1.0
2.0,54.0,7.0,54.0,117.0,11.7,2.0,6.0,1.0,71.68,63.59,1.0
8.0,99.0,14.0,90.0,211.0,21.1,12.0,9.0,0.909,82.27,89.92,1.0
7.0,173.0,1.0,181.0,362.0,36.2,16.0,4.0,1.046,56.06,229.12,1.0
2.0,5.0,1.0,1.0,9.0,0.9,2.0,3.0,0.2,14.13,52.07,0.0
0.0,48.0,1.0,52.0,101.0,10.1,13.0,7.0,1.083,74.41,253.19,1.0
0.0,60.0,0.0,65.0,125.0,12.5,8.0,3.0,1.083,44.17,164.52,1.0
2.0,67.0,5.0,63.0,137.0,13.7,4.0,5.0,0.94,36.99,113.01,1.0
0.0,31.0,1.0,26.0,58.0,5.8,5.0,5.0,0.839,21.56,109.62,1.0
5.0,130.0,2.0,144.0,281.0,28.1,12.0,12.0,1.108,61.48,232.07,1.0
0.0,43.0,1.0,44.0,88.0,8.8,2.0,4.0,1.023,55.97,152.41,1.0
93.0,114.0,9.0,0.0,216.0,21.6,12.0,8.0,0.0,70.21,403.77,0.0
0.0,2.0,1.0,0.0,3.0,0.3,1.0,1.0,0.0,0.37,33.77,0.0
7.0,107.0,13.0,105.0,232.0,23.2,10.0,10.0,0.981,77.52,203.07,1.0
67.0,146.0,23.0,3.0,239.0,23.9,7.0,6.0,0.021,56.55,269.43,0.0
0.0,2.0,0.0,0.0,2.0,0.2,1.0,0.0,0.0,1.15,58.36,0.0
0.0,0.0,1.0,0.0,1.0,0.1,1.0,0.0,0.0,0.92,16.81,0.0
0.0,35.0,4.0,32.0,71.0,7.1,6.0,3.0,0.914,36.95,52.71,1.0
7.0,90.0,0.0,85.0,182.0,18.2,6.0,11.0,0.944,64.46,197.87,1.0
0.0,58.0,1.0,53.0,112.0,11.2,8.0,4.0,0.914,58.36,55.16,1.0
0.0,0.0,0.0,0.0,0.0,0.0,0.0,0.0,0.0,2.46,22.81,0.0
3.0,16.0,4.0,13.0,36.0,3.6,4.0,5.0,0.812,38.53,109.22,1.0
2.0,34.0,0.0,32.0,68.0,6.8,5.0,6.0,0.941,32.14,82.42,1.0
2.0,59.0,2.0,63.0,126.0,12.6,15.0,12.0,1.068,40.48,165.77,1.0
1.0,98.0,14.0,98.0,211.0,21.1,11.0,12.0,1.0,91.01,213.35,1.0
0.0,106.0,7.0,100.0,213.0,21.3,11.0,9.0,0.943,51.78,286.72,1.0
0.0,18.0,4.0,14.0,36.0,3.6,5.0,4.0,0.778,15.94,56.46,1.0
91.0,78.0,23.0,2.0,194.0,19.4,12.0,7.0,0.026,45.99,575.31,0.0
63.0,108.0,9.0,1.0,181.0,18.1,5.0,6.0,0.009,95.18,774.24,0.0
8.0,116.0,0.0,115.0,239.0,23.9,12.0,8.0,0.991,45.8,146.86,1.0
51.0,8.0,0.0,0.0,59.0,5.9,4.0,1.0,0.0,13.49,173.66,0.0
5.0,39.0,8.0,35.0,87.0,8.7,6.0,3.0,0.897,57.76,82.85,1.0
3.0,24.0,4.0,21.0,52.0,5.2,6.0,4.0,0.875,26.41,59.37,1.0
4.0,35.0,7.0,33.0,79.0,7.9,7.0,3.0,0.943,43.9,108.07,1.0
4.0,130.0,12.0,141.0,287.0,28.7,5.0,10.0,1.085,73.85,235.47,1.0
1.0,18.0,1.0,14.0,34.0,3.4,2.0,6.0,0.778,44.76,81.09,1.0
2.0,123.0,11.0,138.0,274.0,27.4,12.0,9.0,1.122,79.56,159.02,1.0
3.0,117.0,12.0,115.0,247.0,24.7,9.0,4.0,0.983,37.56,120.7,1.0
2.0,104.0,1.0,113.0,220.0,22.0,4.0,8.0,1.087,44.06,315.17,1.0
2.0,104.0,2.0,103.0,211.0,21.1,8.0,4.0,0.99,40.22,286.0,1.0
6.0,6.0,0.0,0.0,12.0,1.2,2.0,1.0,0.0,5.82,133.87,0.0
7.0,90.0,9.0,87.0,193.0,19.3,5.0,11.0,0.967,38.55,176.97,1.0
55.0,88.0,22.0,1.0,166.0,16.6,10.0,7.0,0.011,95.29,280.27,0.0
0.0,0.0,0.0,0.0,0.0,0.0,0.0,0.0,0.0,3.25,30.2,0.0
1.0,15.0,0.0,1.0,17.0,1.7,3.0,3.0,0.067,17.35,51.9,0.0
2.0,32.0,2.0,31.0,67.0,6.7,3.0,6.0,0.969,35.28,195.15,1.0
0.0,1.0,0.0,0.0,1.0,0.1,1.0,1.0,0.0,2.85,44.8,0.0
2.0,12.0,4.0,10.0,28.0,2.8,3.0,5.0,0.833,44.97,41.28,1.0
0.0,0.0,1.0,0.0,1.0,0.1,1.0,0.0,0.0,3.09,40.95,0.0
6.0,96.0,12.0,109.0,223.0,22.3,15.0,7.0,1.135,75.53,188.91,1.0
1.0,71.0,4.0,75.0,151.0,15.1,8.0,4.0,1.056,45.85,81.09,1.0
3.0,10.0,2.0,1.0,16.0,1.6,1.0,4.0,0.1,18.22,134.87,0.0
8.0,164.0,8.0,180.0,360.0,36.0,6.0,8.0,1.098,53.41,127.76,1.0
0.0,29.0,1.0,24.0,54.0,5.4,4.0,4.0,0.828,37.29,84.52,1.0
3.0,10.0,3.0,0.0,16.0,1.6,1.0,3.0,0.0,3.01,150.29,0.0
3.0,15.0,0.0,1.0,19.0,1.9,2.0,3.0,0.067,19.41,149.61,0.0
31.0,62.0,9.0,0.0,102.0,10.2,11.0,8.0,0.0,75.94,675.23,0.0
2.0,19.0,1.0,18.0,40.0,4.0,2.0,5.0,0.947,36.67,41.31,1.0
1.0,14.0,2.0,1.0,18.0,1.8,1.0,4.0,0.071,11.78,115.01,0.0
0.0,70.0,9.0,76.0,155.0,15.5,9.0,8.0,1.086,75.2,300.65,1.0
60.0,18.0,0.0,0.0,78.0,7.8,3.0,2.0,0.0,29.53,198.19,0.0
1.0,0.0,0.0,0.0,1.0,0.1,1.0,0.0,0.0,0.83,55.43,0.0
5.0,3.0,1.0,1.0,10.0,1.0,2.0,3.0,0.333,2.69,166.21,0.0
3.0,26.0,4.0,22.0,55.0,5.5,6.0,5.0,0.846,33.5,68.94,1.0
3.0,4.0,2.0,1.0,10.0,1.0,1.0,1.0,0.25,7.22,107.64,0.0
1.0,52.0,0.0,47.0,100.0,10.0,8.0,6.0,0.904,48.36,82.38,1.0
1.0,25.0,1.0,24.0,51.0,5.1,4.0,4.0,0.96,33.0,43.61,1.0
0.0,0.0,0.0,0.0,0.0,0.0,0.0,0.0,0.0,3.78,16.31,0.0
2.0,29.0,6.0,27.0,64.0,6.4,5.0,5.0,0.931,63.79,74.51,1.0
78.0,59.0,29.0,1.0,167.0,16.7,11.0,8.0,0.017,52.43,542.84,0.0
5.0,50.0,7.0,49.0,111.0,11.1,2.0,4.0,0.98,41.31,96.34,1.0
0.0,2.0,0.0,0.0,2.0,0.2,1.0,0.0,0.0,3.35,22.16,0.0
2.0,33.0,1.0,29.0,65.0,6.5,6.0,6.0,0.879,33.82,135.6,1.0
2.0,5.0,0.0,0.0,7.0,0.7,1.0,3.0,0.0,19.14,99.18,0.0
6.0,5.0,3.0,1.0,15.0,1.5,1.0,1.0,0.2,3.07,95.74,0.0
44.0,18.0,0.0,0.0,62.0,6.2,4.0,3.0,0.0,29.72,202.29,0.0
0.0,14.0,2.0,12.0,28.0,2.8,5.0,3.0,0.857,25.41,88.4,1.0
3.0,38.0,7.0,36.0,84.0,8.4,7.0,4.0,0.947,44.44,173.62,1.0
0.0,32.0,3.0,30.0,65.0,6.5,6.0,3.0,0.938,32.89,132.67,1.0
2.0,6.0,2.0,0.0,10.0,1.0,1.0,1.0,0.0,7.9,70.77,0.0
1.0,28.0,0.0,22.0,51.0,5.1,2.0,5.0,0.786,32.76,73.58,1.0
4.0,140.0,7.0,148.0,299.0,29.9,13.0,4.0,1.057,69.98,85.91,1.0
2.0,30.0,3.0,24.0,59.0,5.9,4.0,3.0,0.8,35.94,105.3,1.0
2.0,14.0,2.0,13.0,31.0,3.1,5.0,3.0,0.929,31.7,84.16,1.0
4.0,14.0,0.0,0.0,18.0,1.8,3.0,3.0,0.0,8.47,42.87,0.0
3.0,73.0,4.0,74.0,154.0,15.4,8.0,5.0,1.014,67.34,198.21,1.0
0.0,0.0,0.0,0.0,0.0,0.0,0.0,0.0,0.0,3.7,55.84,0.0
6.0,14.0,3.0,0.0,23.0,2.3,1.0,1.0,0.0,16.27,57.66,0.0
0.0,2.0,1.0,0.0,3.0,0.3,1.0,0.0,0.0,3.95,20.63,0.0
1.0,14.0,0.0,11.0,26.0,2.6,5.0,5.0,0.786,26.71,51.64,1.0
3.0,55.0,8.0,53.0,119.0,11.9,8.0,4.0,0.964,44.12,106.25,1.0
54.0,11.0,0.0,0.0,65.0,6.5,3.0,3.0,0.0,11.31,220.32,0.0
0.0,95.0,15.0,108.0,218.0,21.8,15.0,7.0,1.137,38.41,180.71,1.0
2.0,11.0,3.0,1.0,17.0,1.7,2.0,3.0,0.091,10.43,99.87,0.0
6.0,60.0,10.0,65.0,141.0,14.1,6.0,5.0,1.083,89.31,181.76,1.0
59.0,69.0,13.0,3.0,144.0,14.4,8.0,5.0,0.043,52.68,416.92,0.0
3.0,29.0,3.0,31.0,66.0,6.6,8.0,3.0,1.069,62.99,94.4,1.0
0.0,0.0,0.0,0.0,0.0,0.0,0.0,0.0,0.0,1.22,37.24,0.0
6.0,174.0,14.0,174.0,368.0,36.8,9.0,5.0,1.0,87.1,154.41,1.0
3.0,168.0,1.0,175.0,347.0,34.7,7.0,6.0,1.042,55.9,119.31,1.0
77.0,157.0,18.0,3.0,255.0,25.5,12.0,8.0,0.019,64.17,219.35,0.0
6.0,62.0,10.0,53.0,131.0,13.1,12.0,11.0,0.855,65.12,110.02,1.0
5.0,55.0,10.0,56.0,126.0,12.6,14.0,4.0,1.018,59.02,184.48,1.0
3.0,7.0,3.0,1.0,14.0,1.4,3.0,2.0,0.143,2.58,64.6,0.0
1.0,30.0,7.0,29.0,67.0,6.7,3.0,5.0,0.967,57.06,216.92,1.0
0.0,0.0,0.0,0.0,0.0,0.0,0.0,0.0,0.0,3.03,34.35,0.0
61.0,145.0,13.0,1.0,220.0,22.0,4.0,4.0,0.007,61.25,605.07,0.0
7.0,167.0,0.0,154.0,328.0,32.8,7.0,10.0,0.922,58.1,284.91,1.0
1.0,32.0,0.0,29.0,62.0,6.2,6.0,7.0,0.906,40.36,147.3,1.0
4.0,65.0,4.0,67.0,140.0,14.0,3.0,2.0,1.031,56.13,134.94,1.0
29.0,65.0,14.0,1.0,109.0,10.9,12.0,7.0,0.015,92.76,529.72,0.0
0.0,0.0,1.0,0.0,1.0,0.1,1.0,1.0,0.0,0.13,44.13,0.0
3.0,83.0,6.0,73.0,165.0,16.5,10.0,5.0,0.88,83.14,130.52,1.0
0.0,1.0,0.0,0.0,1.0,0.1,1.0,1.0,0.0,2.82,52.37,0.0
3.0,70.0,4.0,66.0,143.0,14.3,4.0,5.0,0.943,64.64,167.07,1.0
1.0,3.0,0.0,1.0,5.0,0.5,2.0,4.0,0.333,14.44,42.53,0.0
8.0,111.0,15.0,109.0,243.0,24.3,9.0,4.0,0.982,66.15,75.77,1.0
1.0,1.0,1.0,0.0,3.0,0.3,1.0,1.0,0.0,2.39,38.3,0.0
0.0,2.0,0.0,0.0,2.0,0.2,1.0,0.0,0.0,0.78,55.74,0.0
4.0,40.0,6.0,41.0,91.0,9.1,5.0,5.0,1.025,58.84,110.0,1.0
6.0,83.0,14.0,89.0,192.0,19.2,8.0,4.0,1.072,57.54,100.98,1.0
4.0,153.0,6.0,148.0,311.0,31.1,6.0,10.0,0.967,55.08,108.23,1.0
1.0,81.0,3.0,90.0,175.0,17.5,10.0,12.0,1.111,39.31,278.53,1.0
0.0,2.0,0.0,0.0,2.0,0.2,1.0,1.0,0.0,3.09,27.43,0.0
2.0,168.0,14.0,154.0,338.0,33.8,12.0,4.0,0.917,85.83,196.82,1.0
8.0,171.0,3.0,172.0,354.0,35.4,12.0,7.0,1.006,37.3,269.81,1.0
3.0,62.0,2.0,67.0,134.0,13.4,8.0,5.0,1.081,53.15,114.4,1.0
0.0,35.0,3.0,34.0,72.0,7.2,3.0,5.0,0.971,41.07,144.69,1.0
2.0,26.0,7.0,28.0,63.0,6.3,7.0,2.0,1.077,33.08,208.58,1.0
4.0,46.0,0.0,47.0,97.0,9.7,8.0,2.0,1.022,36.99,96.17,1.0
4.0,6.0,0.0,0.0,10.0,1.0,2.0,1.0,0.0,4.63,57.77,0.0
5.0,68.0,14.0,64.0,151.0,15.1,11.0,5.0,0.941,94.65,236.0,1.0
2.0,131.0,10.0,129.0,272.0,27.2,11.0,12.0,0.985,57.24,113.13,1.0
2.0,13.0,3.0,11.0,29.0,2.9,5.0,6.0,0.846,33.13,94.73,1.0
2.0,46.0,6.0,41.0,95.0,9.5,8.0,3.0,0.891,36.88,126.69,1.0
0.0,24.0,2.0,22.0,48.0,4.8,3.0,7.0,0.917,22.81,104.89,1.0
3.0,124.0,9.0,128.0,264.0,26.4,14.0,6.0,1.032,49.53,101.72,1.0
0.0,1.0,0.0,0.0,1.0,0.1,1.0,0.0,0.0,2.26,46.38,0.0
3.0,144.0,6.0,148.0,301.0,30.1,6.0,11.0,1.028,61.07,124.27,1.0
0.0,1.0,0.0,0.0,1.0,0.1,1.0,0.0,0.0,3.71,44.99,0.0
0.0,1.0,1.0,0.0,2.0,0.2,1.0,0.0,0.0,1.57,54.42,0.0
58.0,75.0,23.0,3.0,159.0,15.9,8.0,4.0,0.04,75.47,375.27,0.0
1.0,23.0,1.0,18.0,43.0,4.3,5.0,6.0,0.783,40.74,119.95,1.0
1.0,124.0,10.0,125.0,260.0,26.0,15.0,5.0,1.008,64.39,144.83,1.0
1.0,89.0,9.0,83.0,182.0,18.2,15.0,10.0,0.933,40.29,132.36,1.0
7.0,162.0,5.0,183.0,357.0,35.7,4.0,12.0,1.13,41.74,237.19,1.0
3.0,144.0,0.0,139.0,286.0,28.6,13.0,12.0,0.965,38.48,305.41,1.0
0.0,0.0,0.0,0.0,0.0,0.0,0.0,0.0,0.0,3.96,54.61,0.0
0.0,0.0,0.0,0.0,0.0,0.0,0.0,0.0,0.0,0.36,19.57,0.0
44.0,49.0,20.0,2.0,115.0,11.5,9.0,7.0,0.041,81.71,622.39,0.0
0.0,1.0,0.0,0.0,1.0,0.1,1.0,1.0,0.0,0.32,38.33,0.0
7.0,107.0,11.0,101.0,226.0,22.6,15.0,7.0,0.944,62.19,102.62,1.0
2.0,4.0,1.0,1.0,8.0,0.8,2.0,4.0,0.25,18.08,137.35,0.0
6.0,112.0,11.0,126.0,255.0,25.5,7.0,11.0,1.125,72.45,309.3,1.0
6.0,110.0,8.0,117.0,241.0,24.1,4.0,5.0,1.064,54.92,182.26,1.0
66.0,20.0,0.0,0.0,86.0,8.6,1.0,1.0,0.0,13.57,227.98,0.0
64.0,70.0,6.0,1.0,141.0,14.1,5.0,3.0,0.014,83.79,730.42,0.0
64.0,64.0,22.0,1.0,151.0,15.1,4.0,4.0,0.016,59.27,834.83,0.0
2.0,6.0,3.0,0.0,11.0,1.1,2.0,1.0,0.0,7.94,137.12,0.0
0.0,0.0,1.0,0.0,1.0,0.1,1.0,1.0,0.0,3.25,41.66,0.0
0.0,68.0,3.0,74.0,145.0,14.5,6.0,6.0,1.088,63.14,111.63,1.0
2.0,45.0,0.0,40.0,87.0,8.7,5.0,11.0,0.889,56.65,161.64,1.0
0.0,44.0,4.0,39.0,87.0,8.7,4.0,4.0,0.886,55.48,267.62,1.0
59.0,20.0,0.0,0.0,79.0,7.9,4.0,2.0,0.0,27.65,194.06,0.0
0.0,1.0,1.0,0.0,2.0,0.2,1.0,1.0,0.0,1.97,32.5,0.0
0.0,31.0,0.0,27.0,58.0,5.8,2.0,5.0,0.871,38.29,129.88,1.0
114.0,64.0,5.0,1.0,184.0,18.4,11.0,8.0,0.016,52.69,357.16,0.0
0.0,1.0,1.0,0.0,2.0,0.2,1.0,0.0,0.0,1.37,52.64,0.0
6.0,93.0,9.0,79.0,187.0,18.7,4.0,8.0,0.849,40.14,88.35,1.0
3.0,29.0,3.0,25.0,60.0,6.0,6.0,5.0,0.862,36.1,47.77,1.0
0.0,0.0,0.0,0.0,0.0,0.0,0.0,0.0,0.0,2.37,18.55,0.0
3.0,13.0,3.0,0.0,19.0,1.9,3.0,2.0,0.0,6.43,139.76,0.0
2.0,50.0,7.0,48.0,107.0,10.7,2.0,6.0,0.96,51.15,50.77,1.0
74.0,7.0,0.0,0.0,81.0,8.1,1.0,2.0,0.0,34.83,84.97,0.0
0.0,1.0,1.0,0.0,2.0,0.2,1.0,1.0,0.0,0.26,34.56,0.0
3.0,68.0,6.0,65.0,142.0,14.2,5.0,6.0,0.956,35.46,81.74,1.0
8.0,159.0,14.0,141.0,322.0,32.2,16.0,11.0,0.887,70.35,130.15,1.0
2.0,86.0,12.0,90.0,190.0,19.0,9.0,6.0,1.047,61.92,109.58,1.0
5.0,91.0,9.0,103.0,208.0,20.8,6.0,12.0,1.132,73.24,233.69,1.0
95.0,122.0,7.0,0.0,224.0,22.4,11.0,8.0,0.0,77.65,264.21,0.0
95.0,81.0,8.0,1.0,185.0,18.5,7.0,4.0,0.012,69.49,302.7,0.0
5.0,102.0,11.0,108.0,226.0,22.6,9.0,11.0,1.059,94.2,80.48,1.0
3.0,15.0,0.0,13.0,31.0,3.1,5.0,3.0,0.867,40.13,144.59,1.0
2.0,14.0,2.0,0.0,18.0,1.8,3.0,2.0,0.0,8.81,142.76,0.0
4.0,84.0,14.0,83.0,185.0,18.5,16.0,11.0,0.988,41.22,157.74,1.0
5.0,29.0,6.0,26.0,66.0,6.6,6.0,4.0,0.897,45.9,201.25,1.0
0.0,1.0,0.0,0.0,1.0,0.1,1.0,0.0,0.0,1.75,57.54,0.0
116.0,133.0,8.0,0.0,257.0,25.7,5.0,8.0,0.0,68.82,435.91,0.0
96.0,140.0,24.0,1.0,261.0,26.1,5.0,8.0,0.007,80.4,600.73,0.0
5.0,44.0,7.0,41.0,97.0,9.7,12.0,11.0,0.932,56.65,73.4,1.0
106.0,97.0,25.0,0.0,228.0,22.8,4.0,4.0,0.0,84.52,321.98,0.0
6.0,85.0,5.0,93.0,189.0,18.9,16.0,8.0,1.094,72.41,94.42,1.0
2.0,10.0,1.0,0.0,13.0,1.3,2.0,2.0,0.0,10.76,69.19,0.0
6.0,4.0,3.0,0.0,13.0,1.3,2.0,4.0,0.0,3.89,100.77,0.0
1.0,34.0,4.0,29.0,68.0,6.8,6.0,7.0,0.853,27.87,81.5,1.0
6.0,5.0,0.0,0.0,11.0,1.1,1.0,3.0,0.0,10.34,158.54,0.0
6.0,14.0,2.0,0.0,22.0,2.2,2.0,2.0,0.0,2.37,163.12,0.0
7.0,100.0,5.0,99.0,211.0,21.1,5.0,8.0,0.99,42.33,99.47,1.0
5.0,99.0,6.0,95.0,205.0,20.5,13.0,11.0,0.96,73.73,201.79,1.0
8.0,105.0,12.0,98.0,223.0,22.3,4.0,6.0,0.933,71.3,171.11,1.0
2.0,30.0,0.0,24.0,56.0,5.6,6.0,3.0,0.8,17.09,85.3,1.0
92.0,68.0,10.0,0.0,170.0,17.0,12.0,4.0,0.0,67.04,549.07,0.0
7.0,142.0,12.0,141.0,302.0,30.2,9.0,11.0,0.993,78.17,166.22,1.0
3.0,3.0,1.0,1.0,8.0,0.8,1.0,4.0,0.333,19.27,177.61,0.0
3.0,61.0,0.0,69.0,133.0,13.3,16.0,6.0,1.131,44.97,262.29,1.0
0.0,24.0,0.0,23.0,47.0,4.7,2.0,6.0,0.958,17.98,105.54,1.0
1.0,15.0,2.0,0.0,18.0,1.8,3.0,1.0,0.0,10.85,170.74,0.0
3.0,76.0,8.0,67.0,154.0,15.4,12.0,9.0,0.882,53.14,135.28,1.0
5.0,45.0,2.0,41.0,93.0,9.3,5.0,4.0,0.911,50.83,197.79,1.0
0.0,0.0,1.0,0.0,1.0,0.1,1.0,1.0,0.0,2.81,22.64,0.0
57.0,88.0,19.0,2.0,166.0,16.6,11.0,5.0,0.023,64.88,593.92,0.0
82.0,72.0,23.0,1.0,178.0,17.8,10.0,7.0,0.014,82.43,605.45,0.0
3.0,15.0,4.0,12.0,34.0,3.4,4.0,6.0,0.8,24.04,76.37,1.0
3.0,10.0,1.0,0.0,14.0,1.4,2.0,4.0,0.0,4.55,56.36,0.0
1.0,15.0,1.0,1.0,18.0,1.8,3.0,2.0,0.067,5.21,152.6,0.0
5.0,15.0,1.0,1.0,22.0,2.2,1.0,2.0,0.067,8.51,68.46,0.0
4.0,4.0,1.0,1.0,10.0,1.0,1.0,1.0,0.25,8.8,42.9,0.0
0.0,2.0,1.0,0.0,3.0,0.3,1.0,1.0,0.0,1.06,34.12,0.0
5.0,157.0,14.0,177.0,353.0,35.3,15.0,12.0,1.127,47.67,88.21,1.0
8.0,42.0,2.0,41.0,93.0,9.3,14.0,5.0,0.976,88.62,224.16,1.0
0.0,2.0,0.0,0.0,2.0,0.2,1.0,0.0,0.0,2.64,41.15,0.0
1.0,11.0,3.0,0.0,15.0,1.5,1.0,4.0,0.0,11.03,148.34,0.0
1.0,5.0,3.0,0.0,9.0,0.9,2.0,2.0,0.0,3.44,124.27,0.0
0.0,0.0,1.0,0.0,1.0,0.1,1.0,1.0,0.0,3.86,36.53,0.0
2.0,166.0,1.0,187.0,356.0,35.6,8.0,5.0,1.127,75.39,290.4,1.0
5.0,11.0,3.0,1.0,20.0,2.0,1.0,3.0,0.091,14.63,153.72,0.0
5.0,11.0,0.0,0.0,16.0,1.6,1.0,3.0,0.0,5.81,166.79,0.0
5.0,79.0,9.0,74.0,167.0,16.7,10.0,12.0,0.937,71.22,267.44,1.0
6.0,178.0,0.0,162.0,346.0,34.6,7.0,4.0,0.91,65.49,289.61,1.0
0.0,33.0,3.0,31.0,67.0,6.7,5.0,2.0,0.939,41.1,112.72,1.0
2.0,121.0,5.0,111.0,239.0,23.9,14.0,6.0,0.917,37.83,164.45,1.0
3.0,19.0,0.0,17.0,39.0,3.9,4.0,7.0,0.895,16.76,53.03,1.0
8.0,135.0,5.0,122.0,270.0,27.0,14.0,8.0,0.904,71.48,217.21,1.0
1.0,84.0,3.0,79.0,167.0,16.7,8.0,11.0,0.94,54.03,142.91,1.0
1.0,55.0,4.0,54.0,114.0,11.4,15.0,10.0,0.982,54.79,141.01,1.0
0.0,129.0,12.0,147.0,288.0,28.8,15.0,6.0,1.14,41.99,292.67,1.0
1.0,18.0,3.0,14.0,36.0,3.6,3.0,5.0,0.778,37.96,67.63,1.0
45.0,48.0,21.0,1.0,115.0,11.5,11.0,5.0,0.021,88.43,552.04,0.0
1.0,0.0,0.0,0.0,1.0,0.1,1.0,1.0,0.0,0.81,47.1,0.0
62.0,59.0,11.0,2.0,134.0,13.4,7.0,6.0,0.034,75.2,359.72,0.0
5.0,10.0,3.0,0.0,18.0,1.8,1.0,1.0,0.0,12.73,140.41,0.0
1.0,3.0,1.0,0.0,5.0,0.5,3.0,3.0,0.0,8.45,54.61,0.0
3.0,25.0,1.0,22.0,51.0,5.1,2.0,3.0,0.88,28.39,147.21,1.0
0.0,0.0,0.0,0.0,0.0,0.0,0.0,0.0,0.0,0.14,15.61,0.0
4.0,73.0,13.0,74.0,164.0,16.4,16.0,9.0,1.014,89.06,116.51,1.0
0.0,1.0,0.0,0.0,1.0,0.1,1.0,1.0,0.0,3.62,38.63,0.0
4.0,7.0,1.0,0.0,12.0,1.2,3.0,1.0,0.0,19.99,90.23,0.0
38.0,89.0,27.0,2.0,156.0,15.6,11.0,3.0,0.022,76.7,231.63,0.0
3.0,19.0,2.0,15.0,39.0,3.9,5.0,5.0,0.789,18.91,110.43,1.0
112.0,117.0,11.0,0.0,240.0,24.0,6.0,3.0,0.0,67.6,495.77,0.0
1.0,1.0,0.0,0.0,2.0,0.2,1.0,0.0,0.0,3.52,26.75,0.0
64.0,14.0,0.0,0.0,78.0,7.8,1.0,1.0,0.0,20.11,164.9,0.0
0.0,1.0,0.0,0.0,1.0,0.1,1.0,1.0,0.0,3.14,18.44,0.0
53.0,156.0,25.0,2.0,236.0,23.6,12.0,8.0,0.013,76.98,704.5,0.0
4.0,116.0,3.0,107.0,230.0,23.0,13.0,10.0,0.922,74.59,148.89,1.0
5.0,13.0,1.0,0.0,19.0,1.9,2.0,1.0,0.0,19.08,168.91,0.0
3.0,23.0,0.0,18.0,44.0,4.4,3.0,6.0,0.783,42.39,111.83,1.0
4.0,35.0,6.0,31.0,76.0,7.6,5.0,5.0,0.886,46.43,87.37,1.0
6.0,11.0,1.0,0.0,18.0,1.8,3.0,3.0,0.0,2.54,159.49,0.0
31.0,132.0,21.0,2.0,186.0,18.6,5.0,7.0,0.015,79.34,749.51,0.0
4.0,9.0,3.0,1.0,17.0,1.7,1.0,1.0,0.111,3.09,141.95,0.0
0.0,61.0,2.0,57.0,120.0,12.0,13.0,7.0,0.934,94.34,299.65,1.0
3.0,34.0,1.0,35.0,73.0,7.3,8.0,4.0,1.029,47.52,206.99,1.0
3.0,78.0,3.0,87.0,171.0,17.1,16.0,4.0,1.115,90.4,100.73,1.0
0.0,2.0,0.0,0.0,2.0,0.2,1.0,0.0,0.0,3.41,31.7,0.0
8.0,53.0,0.0,51.0,112.0,11.2,6.0,10.0,0.962,84.32,234.14,1.0
3.0,174.0,15.0,184.0,376.0,37.6,15.0,5.0,1.057,61.16,96.68,1.0
0.0,39.0,1.0,37.0,77.0,7.7,3.0,5.0,0.949,46.85,168.83,1.0
111.0,108.0,11.0,3.0,233.0,23.3,4.0,8.0,0.028,88.01,616.66,0.0
6.0,13.0,2.0,0.0,21.0,2.1,3.0,4.0,0.0,8.75,82.97,0.0
0.0,12.0,2.0,12.0,26.0,2.6,4.0,7.0,1.0,20.91,48.61,1.0
0.0,0.0,0.0,0.0,0.0,0.0,0.0,0.0,0.0,1.39,28.21,0.0
72.0,111.0,25.0,2.0,210.0,21.0,8.0,8.0,0.018,50.73,241.49,0.0
3.0,118.0,0.0,100.0,221.0,22.1,8.0,9.0,0.847,51.71,133.18,1.0
0.0,142.0,3.0,136.0,281.0,28.1,12.0,11.0,0.958,80.47,199.38,1.0
56.0,13.0,0.0,0.0,69.0,6.9,3.0,2.0,0.0,15.94,88.44,0.0
6.0,178.0,5.0,159.0,348.0,34.8,9.0,9.0,0.893,66.29,257.12,1.0
3.0,23.0,3.0,22.0,51.0,5.1,3.0,5.0,0.957,27.37,113.67,1.0
0.0,44.0,5.0,41.0,90.0,9.0,12.0,11.0,0.932,53.73,241.19,1.0
7.0,82.0,15.0,93.0,197.0,19.7,11.0,5.0,1.134,42.25,259.99,1.0
81.0,16.0,0.0,0.0,97.0,9.7,1.0,2.0,0.0,10.35,171.22,0.0
4.0,6.0,3.0,0.0,13.0,1.3,2.0,3.0,0.0,8.08,120.91,0.0
1.0,0.0,0.0,0.0,1.0,0.1,1.0,1.0,0.0,1.87,34.88,0.0
91.0,92.0,27.0,2.0,212.0,21.2,11.0,8.0,0.022,49.5,262.13,0.0
3.0,162.0,0.0,143.0,308.0,30.8,5.0,12.0,0.883,41.85,244.13,1.0
1.0,108.0,12.0,105.0,226.0,22.6,8.0,10.0,0.972,39.62,107.17,1.0
1.0,19.0,3.0,17.0,40.0,4.0,4.0,3.0,0.895,24.7,118.46,1.0
2.0,13.0,1.0,0.0,16.0,1.6,3.0,3.0,0.0,10.27,160.21,0.0
3.0,12.0,1.0,12.0,28.0,2.8,4.0,6.0,1.0,26.62,133.71,1.0
5.0,54.0,1.0,49.0,109.0,10.9,9.0,5.0,0.907,58.99,101.38,1.0
1.0,15.0,0.0,0.0,16.0,1.6,3.0,3.0,0.0,12.6,152.95,0.0
2.0,162.0,13.0,168.0,345.0,34.5,12.0,10.0,1.037,60.1,163.54,1.0
5.0,145.0,13.0,133.0,296.0,29.6,11.0,4.0,0.917,43.42,83.64,1.0
4.0,164.0,3.0,149.0,320.0,32.0,6.0,11.0,0.909,45.33,157.86,1.0
1.0,30.0,2.0,30.0,63.0,6.3,7.0,2.0,1.0,47.67,82.86,1.0
54.0,88.0,24.0,3.0,169.0,16.9,4.0,8.0,0.034,94.57,358.65,0.0
0.0,71.0,8.0,67.0,146.0,14.6,5.0,5.0,0.944,53.05,191.3,1.0
0.0,31.0,0.0,27.0,58.0,5.8,6.0,3.0,0.871,20.12,138.17,1.0
0.0,2.0,0.0,0.0,2.0,0.2,1.0,1.0,0.0,3.98,37.06,0.0
2.0,40.0,5.0,39.0,86.0,8.6,8.0,3.0,0.975,71.81,103.21,1.0
6.0,160.0,11.0,142.0,319.0,31.9,9.0,10.0,0.887,84.36,220.01,1.0
2.0,11.0,0.0,1.0,14.0,1.4,3.0,4.0,0.091,8.65,43.59,0.0
78.0,142.0,19.0,2.0,241.0,24.1,6.0,8.0,0.014,96.43,475.49,0.0
0.0,14.0,1.0,13.0,28.0,2.8,6.0,5.0,0.929,25.34,108.12,1.0
5.0,168.0,12.0,185.0,370.0,37.0,6.0,9.0,1.101,63.33,72.06,1.0
2.0,28.0,7.0,30.0,67.0,6.7,2.0,6.0,1.071,34.68,54.99,1.0
4.0,11.0,0.0,1.0,16.0,1.6,1.0,1.0,0.091,12.17,59.18,0.0
29.0,143.0,26.0,3.0,201.0,20.1,4.0,4.0,0.021,55.92,265.58,0.0
1.0,1.0,1.0,0.0,3.0,0.3,1.0,1.0,0.0,3.39,58.73,0.0
0.0,0.0,0.0,0.0,0.0,0.0,0.0,0.0,0.0,2.93,38.92,0.0
1.0,32.0,0.0,32.0,65.0,6.5,5.0,4.0,1.0,43.85,135.6,1.0
0.0,1.0,0.0,0.0,1.0,0.1,1.0,0.0,0.0,2.99,42.17,0.0
2.0,13.0,1.0,0.0,16.0,1.6,2.0,3.0,0.0,11.3,41.36,0.0
6.0,13.0,3.0,0.0,22.0,2.2,2.0,1.0,0.0,2.19,76.22,0.0
3.0,11.0,2.0,1.0,17.0,1.7,3.0,3.0,0.091,11.74,87.54,0.0
2.0,29.0,7.0,26.0,64.0,6.4,2.0,3.0,0.897,39.98,112.8,1.0
5.0,15.0,3.0,0.0,23.0,2.3,1.0,3.0,0.0,3.68,83.2,0.0
3.0,66.0,4.0,61.0,134.0,13.4,4.0,4.0,0.924,71.33,62.0,1.0
7.0,56.0,8.0,63.0,134.0,13.4,12.0,12.0,1.125,89.89,159.72,1.0
1.0,25.0,3.0,20.0,49.0,4.9,5.0,5.0,0.8,40.46,48.99,1.0
5.0,4.0,2.0,0.0,11.0,1.1,3.0,4.0,0.0,19.45,66.08,0.0
8.0,155.0,7.0,152.0,322.0,32.2,11.0,8.0,0.981,49.73,136.01,1.0
1.0,45.0,10.0,41.0,97.0,9.7,10.0,10.0,0.911,92.78,134.9,1.0
1.0,2.0,1.0,0.0,4.0,0.4,1.0,1.0,0.0,0.42,16.07,0.0
0.0,0.0,0.0,0.0,0.0,0.0,0.0,0.0,0.0,1.53,44.27,0.0
0.0,20.0,2.0,16.0,38.0,3.8,6.0,6.0,0.8,27.27,49.0,1.0
2.0,160.0,6.0,156.0,324.0,32.4,10.0,12.0,0.975,52.04,177.9,1.0
5.0,9.0,3.0,0.0,17.0,1.7,3.0,4.0,0.0,13.41,138.29,0.0
6.0,109.0,4.0,97.0,216.0,21.6,16.0,8.0,0.89,53.04,306.8,1.0
0.0,81.0,9.0,75.0,165.0,16.5,12.0,5.0,0.926,41.32,303.72,1.0
5.0,4.0,2.0,0.0,11.0,1.1,1.0,2.0,0.0,12.67,161.58,0.0
2.0,19.0,1.0,18.0,40.0,4.0,2.0,3.0,0.947,18.35,66.29,1.0
3.0,103.0,15.0,92.0,213.0,21.3,9.0,4.0,0.893,65.25,123.93,1.0
1.0,10.0,1.0,0.0,12.0,1.2,1.0,3.0,0.0,17.26,105.8,0.0
1.0,1.0,0.0,0.0,2.0,0.2,1.0,0.0,0.0,2.72,25.55,0.0
0.0,1.0,0.0,0.0,1.0,0.1,1.0,1.0,0.0,0.57,37.38,0.0
96.0,83.0,23.0,2.0,204.0,20.4,7.0,4.0,0.024,96.17,708.04,0.0
0.0,2.0,1.0,0.0,3.0,0.3,1.0,1.0,0.0,2.22,37.05,0.0
5.0,57.0,7.0,54.0,123.0,12.3,8.0,4.0,0.947,67.34,91.63,1.0
3.0,40.0,2.0,38.0,83.0,8.3,2.0,2.0,0.95,51.47,55.64,1.0
6.0,10.0,3.0,1.0,20.0,2.0,2.0,4.0,0.1,14.78,102.14,0.0
6.0,166.0,13.0,148.0,333.0,33.3,12.0,8.0,0.892,77.56,220.88,1.0
4.0,60.0,4.0,60.0,128.0,12.8,4.0,6.0,1.0,44.41,73.85,1.0
2.0,17.0,0.0,16.0,35.0,3.5,6.0,4.0,0.941,32.26,84.1,1.0
72.0,16.0,0.0,0.0,88.0,8.8,3.0,1.0,0.0,31.02,229.0,0.0
0.0,20.0,4.0,18.0,42.0,4.2,6.0,6.0,0.9,38.99,85.79,1.0
0.0,0.0,1.0,0.0,1.0,0.1,1.0,1.0,0.0,2.67,29.42,0.0
3.0,23.0,0.0,20.0,46.0,4.6,2.0,4.0,0.87,21.21,76.76,1.0
59.0,110.0,19.0,1.0,189.0,18.9,12.0,4.0,0.009,76.31,496.75,0.0
5.0,87.0,2.0,82.0,176.0,17.6,9.0,5.0,0.943,63.95,260.34,1.0
0.0,2.0,1.0,0.0,3.0,0.3,1.0,1.0,0.0,1.45,35.61,0.0
0.0,34.0,0.0,29.0,63.0,6.3,5.0,6.0,0.853,33.01,44.15,1.0
3.0,20.0,1.0,16.0,40.0,4.0,6.0,4.0,0.8,21.72,98.84,1.0
1.0,1.0,0.0,0.0,2.0,0.2,1.0,0.0,0.0,1.41,36.56,0.0
0.0,2.0,0.0,0.0,2.0,0.2,1.0,1.0,0.0,3.69,59.13,0.0
0.0,2.0,0.0,0.0,2.0,0.2,1.0,1.0,0.0,2.35,40.8,0.0
31.0,8.0,0.0,0.0,39.0,3.9,1.0,1.0,0.0,22.45,84.55,0.0
3.0,26.0,4.0,23.0,56.0,5.6,4.0,4.0,0.885,20.65,142.65,1.0
1.0,29.0,6.0,29.0,65.0,6.5,5.0,5.0,1.0,61.74,194.64,1.0
7.0,150.0,15.0,166.0,338.0,33.8,10.0,7.0,1.107,86.84,265.33,1.0
3.0,72.0,12.0,74.0,161.0,16.1,15.0,12.0,1.028,47.86,258.0,1.0
6.0,173.0,1.0,177.0,357.0,35.7,4.0,12.0,1.023,46.75,184.63,1.0
63.0,15.0,0.0,0.0,78.0,7.8,4.0,1.0,0.0,18.48,141.25,0.0
56.0,76.0,7.0,3.0,142.0,14.2,9.0,3.0,0.039,74.39,316.02,0.0
3.0,32.0,2.0,26.0,63.0,6.3,6.0,3.0,0.812,40.22,94.22,1.0
1.0,35.0,0.0,29.0,65.0,6.5,6.0,5.0,0.829,41.74,86.88,1.0
96.0,108.0,17.0,1.0,222.0,22.2,5.0,6.0,0.009,63.74,208.2,0.0
1.0,0.0,1.0,0.0,2.0,0.2,1.0,1.0,0.0,2.12,34.68,0.0
38.0,159.0,13.0,3.0,213.0,21.3,8.0,4.0,0.019,82.43,494.67,0.0
1.0,0.0,0.0,0.0,1.0,0.1,1.0,0.0,0.0,2.41,27.3,0.0
4.0,7.0,2.0,1.0,14.0,1.4,1.0,3.0,0.143,14.36,73.06,0.0
4.0,31.0,7.0,33.0,75.0,7.5,3.0,4.0,1.065,72.07,176.15,1.0
1.0,0.0,1.0,0.0,2.0,0.2,1.0,1.0,0.0,1.67,56.72,0.0
3.0,147.0,6.0,167.0,323.0,32.3,9.0,7.0,1.136,75.69,123.22,1.0
1.0,14.0,1.0,13.0,29.0,2.9,6.0,6.0,0.929,39.03,76.31,1.0
7.0,122.0,12.0,139.0,280.0,28.0,8.0,4.0,1.139,67.94,116.99,1.0
0.0,2.0,0.0,0.0,2.0,0.2,1.0,0.0,0.0,2.97,29.95,0.0
8.0,179.0,2.0,158.0,347.0,34.7,11.0,5.0,0.883,88.21,288.3,1.0
5.0,95.0,12.0,90.0,202.0,20.2,16.0,7.0,0.947,82.14,288.7,1.0
1.0,2.0,0.0,0.0,3.0,0.3,1.0,0.0,0.0,2.81,41.46,0.0
5.0,54.0,4.0,52.0,115.0,11.5,3.0,3.0,0.963,25.25,63.09,1.0
4.0,10.0,3.0,0.0,17.0,1.7,1.0,2.0,0.0,15.15,173.01,0.0
4.0,57.0,9.0,58.0,128.0,12.8,6.0,8.0,1.018,59.52,284.93,1.0
5.0,12.0,1.0,0.0,18.0,1.8,2.0,2.0,0.0,12.84,133.96,0.0
3.0,70.0,6.0,63.0,142.0,14.2,3.0,6.0,0.9,33.34,50.75,1.0
3.0,25.0,0.0,20.0,48.0,4.8,4.0,7.0,0.8,29.24,82.99,1.0
2.0,153.0,11.0,163.0,329.0,32.9,15.0,4.0,1.065,45.24,91.37,1.0
0.0,162.0,10.0,164.0,336.0,33.6,14.0,10.0,1.012,66.82,198.9,1.0
1.0,30.0,4.0,30.0,65.0,6.5,4.0,3.0,1.0,30.18,62.64,1.0
0.0,0.0,0.0,0.0,0.0,0.0,0.0,0.0,0.0,0.88,48.76,0.0
1.0,2.0,0.0,0.0,3.0,0.3,1.0,0.0,0.0,2.96,24.65,0.0
1.0,150.0,13.0,143.0,307.0,30.7,15.0,12.0,0.953,70.56,121.84,1.0
5.0,178.0,1.0,156.0,340.0,34.0,10.0,5.0,0.876,70.86,221.9,1.0
1.0,7.0,0.0,1.0,9.0,0.9,3.0,3.0,0.143,4.34,115.05,0.0
3.0,12.0,4.0,12.0,31.0,3.1,2.0,7.0,1.0,43.16,128.57,1.0
3.0,23.0,1.0,18.0,45.0,4.5,5.0,6.0,0.783,20.16,57.48,1.0
1.0,4.0,3.0,0.0,8.0,0.8,3.0,2.0,0.0,8.03,162.11,0.0
1.0,96.0,15.0,100.0,212.0,21.2,16.0,5.0,1.042,50.28,213.73,1.0
80.0,12.0,0.0,0.0,92.0,9.2,3.0,1.0,0.0,25.52,232.99,0.0
0.0,45.0,1.0,48.0,94.0,9.4,3.0,5.0,1.067,62.46,211.16,1.0
1.0,43.0,4.0,42.0,90.0,9.0,8.0,5.0,0.977,44.84,104.96,1.0
2.0,11.0,2.0,0.0,15.0,1.5,3.0,3.0,0.0,19.2,140.1,0.0
4.0,34.0,0.0,32.0,70.0,7.0,2.0,4.0,0.941,28.63,112.97,1.0
0.0,2.0,0.0,0.0,2.0,0.2,1.0,0.0,0.0,1.2,50.31,0.0
0.0,1.0,1.0,0.0,2.0,0.2,1.0,0.0,0.0,2.27,29.09,0.0
2.0,26.0,0.0,25.0,53.0,5.3,6.0,4.0,0.962,29.24,97.31,1.0
0.0,2.0,1.0,0.0,3.0,0.3,1.0,0.0,0.0,1.68,22.74,0.0
2.0,3.0,3.0,1.0,9.0,0.9,2.0,1.0,0.333,9.01,104.23,0.0
5.0,4.0,2.0,0.0,11.0,1.1,2.0,3.0,0.0,3.21,67.34,0.0
4.0,162.0,3.0,183.0,352.0,35.2,10.0,7.0,1.13,64.47,92.08,1.0
0.0,34.0,4.0,35.0,73.0,7.3,2.0,7.0,1.029,16.14,44.85,1.0
5.0,104.0,1.0,109.0,219.0,21.9,6.0,10.0,1.048,35.07,249.31,1.0
6.0,167.0,13.0,189.0,375.0,37.5,16.0,7.0,1.132,45.42,198.73,1.0
3.0,128.0,12.0,130.0,273.0,27.3,16.0,6.0,1.016,38.09,274.56,1.0
5.0,65.0,8.0,66.0,144.0,14.4,4.0,5.0,1.015,62.79,157.96,1.0
0.0,0.0,1.0,0.0,1.0,0.1,1.0,1.0,0.0,1.21,17.38,0.0
8.0,137.0,0.0,118.0,263.0,26.3,6.0,6.0,0.861,50.73,174.63,1.0
0.0,0.0,0.0,0.0,0.0,0.0,0.0,0.0,0.0,3.35,45.34,0.0
0.0,61.0,0.0,58.0,119.0,11.9,2.0,2.0,0.951,28.21,170.63,1.0
0.0,2.0,0.0,0.0,2.0,0.2,1.0,1.0,0.0,3.11,18.5,0.0
6.0,132.0,1.0,114.0,253.0,25.3,9.0,9.0,0.864,45.17,195.86,1.0
1.0,35.0,5.0,31.0,72.0,7.2,3.0,4.0,0.886,32.95,141.27,1.0
0.0,2.0,0.0,0.0,2.0,0.2,1.0,1.0,0.0,3.07,39.96,0.0
4.0,15.0,2.0,0.0,21.0,2.1,1.0,3.0,0.0,15.42,139.03,0.0
0.0,28.0,3.0,22.0,53.0,5.3,2.0,3.0,0.786,33.48,71.09,1.0
0.0,38.0,4.0,39.0,81.0,8.1,3.0,4.0,1.026,58.21,93.49,1.0
4.0,12.0,0.0,0.0,16.0,1.6,2.0,1.0,0.0,10.1,135.22,0.0
6.0,166.0,6.0,144.0,322.0,32.2,16.0,7.0,0.867,40.44,213.27,1.0
2.0,139.0,4.0,144.0,289.0,28.9,14.0,7.0,1.036,69.18,70.99,1.0
95.0,159.0,18.0,3.0,275.0,27.5,12.0,4.0,0.019,81.67,312.87,0.0
1.0,123.0,9.0,113.0,246.0,24.6,13.0,7.0,0.919,68.04,307.68,1.0
51.0,13.0,0.0,0.0,64.0,6.4,2.0,2.0,0.0,21.55,233.27,0.0
1.0,0.0,0.0,0.0,1.0,0.1,1.0,0.0,0.0,1.12,56.88,0.0
80.0,20.0,0.0,0.0,100.0,10.0,2.0,2.0,0.0,26.96,176.97,0.0
1.0,4.0,1.0,0.0,6.0,0.6,2.0,4.0,0.0,5.57,107.36,0.0
1.0,0.0,0.0,0.0,1.0,0.1,1.0,1.0,0.0,2.89,19.65,0.0
36.0,9.0,0.0,0.0,45.0,4.5,3.0,1.0,0.0,32.24,206.21,0.0
5.0,5.0,0.0,0.0,10.0,1.0,3.0,4.0,0.0,8.01,129.16,0.0
6.0,88.0,6.0,91.0,191.0,19.1,10.0,5.0,1.034,83.65,145.14,1.0
6.0,4.0,2.0,0.0,12.0,1.2,3.0,3.0,0.0,19.62,152.5,0.0
3.0,13.0,3.0,0.0,19.0,1.9,3.0,3.0,0.0,14.34,159.09,0.0
7.0,132.0,8.0,128.0,275.0,27.5,14.0,12.0,0.97,38.11,298.48,1.0
0.0,16.0,2.0,15.0,33.0,3.3,6.0,7.0,0.938,35.08,46.28,1.0
1.0,14.0,2.0,0.0,17.0,1.7,3.0,1.0,0.0,19.48,155.27,0.0
2.0,91.0,9.0,87.0,189.0,18.9,14.0,7.0,0.956,71.37,111.55,1.0
2.0,3.0,3.0,0.0,8.0,0.8,1.0,2.0,0.0,3.62,168.22,0.0
2.0,7.0,0.0,0.0,9.0,0.9,1.0,2.0,0.0,10.54,120.88,0.0
1.0,60.0,5.0,57.0,123.0,12.3,4.0,2.0,0.95,61.43,216.39,1.0
105.0,157.0,17.0,2.0,281.0,28.1,10.0,3.0,0.013,92.56,292.21,0.0
0.0,2.0,0.0,0.0,2.0,0.2,1.0,0.0,0.0,2.38,37.96,0.0
0.0,1.0,0.0,0.0,1.0,0.1,1.0,0.0,0.0,0.8,51.2,0.0
4.0,71.0,5.0,67.0,147.0,14.7,7.0,3.0,0.944,53.01,211.63,1.0
5.0,9.0,3.0,1.0,18.0,1.8,1.0,2.0,0.111,4.87,59.1,0.0
5.0,10.0,2.0,0.0,17.0,1.7,3.0,3.0,0.0,15.94,95.74,0.0
61.0,71.0,30.0,3.0,165.0,16.5,10.0,8.0,0.042,88.39,207.09,0.0
2.0,15.0,2.0,12.0,31.0,3.1,5.0,6.0,0.8,43.56,121.14,1.0
1.0,19.0,4.0,18.0,42.0,4.2,6.0,7.0,0.947,26.71,57.06,1.0
109.0,118.0,17.0,1.0,245.0,24.5,6.0,3.0,0.008,69.82,392.9,0.0
0.0,1.0,1.0,0.0,2.0,0.2,1.0,0.0,0.0,1.42,44.43,0.0
5.0,11.0,1.0,0.0,17.0,1.7,2.0,4.0,0.0,10.34,135.14,0.0
0.0,60.0,0.0,57.0,117.0,11.7,3.0,5.0,0.95,64.52,161.7,1.0
6.0,3.0,3.0,1.0,13.0,1.3,3.0,1.0,0.333,5.42,101.54,0.0
3.0,46.0,4.0,49.0,102.0,10.2,4.0,6.0,1.065,59.67,143.85,1.0
68.0,5.0,0.0,0.0,73.0,7.3,4.0,2.0,0.0,19.17,198.82,0.0
0.0,0.0,0.0,0.0,0.0,0.0,0.0,0.0,0.0,2.83,31.5,0.0
2.0,174.0,0.0,149.0,325.0,32.5,14.0,11.0,0.856,58.92,107.73,1.0
29.0,104.0,23.0,1.0,157.0,15.7,5.0,6.0,0.01,54.16,839.84,0.0
6.0,47.0,9.0,46.0,108.0,10.8,15.0,4.0,0.979,49.88,228.42,1.0
0.0,35.0,4.0,34.0,73.0,7.3,3.0,3.0,0.971,38.06,106.4,1.0
6.0,15.0,0.0,0.0,21.0,2.1,1.0,3.0,0.0,19.55,125.46,0.0
3.0,16.0,0.0,13.0,32.0,3.2,4.0,6.0,0.812,26.4,65.82,1.0
0.0,0.0,1.0,0.0,1.0,0.1,1.0,0.0,0.0,1.08,37.11,0.0
8.0,146.0,10.0,133.0,297.0,29.7,9.0,10.0,0.911,93.26,75.45,1.0
7.0,51.0,8.0,58.0,124.0,12.4,12.0,9.0,1.137,71.94,253.75,1.0
3.0,17.0,3.0,13.0,36.0,3.6,4.0,7.0,0.765,37.09,114.75,1.0
4.0,15.0,2.0,1.0,22.0,2.2,1.0,1.0,0.067,3.79,149.74,0.0
0.0,34.0,3.0,33.0,70.0,7.0,5.0,4.0,0.971,44.19,122.85,1.0
6.0,162.0,2.0,184.0,354.0,35.4,11.0,10.0,1.136,57.46,191.14,1.0
6.0,6.0,2.0,1.0,15.0,1.5,3.0,2.0,0.167,9.55,61.49,0.0
0.0,2.0,1.0,0.0,3.0,0.3,1.0,1.0,0.0,1.22,58.63,0.0
120.0,156.0,10.0,1.0,287.0,28.7,6.0,7.0,0.006,83.96,801.4,0.0
3.0,51.0,7.0,50.0,111.0,11.1,5.0,3.0,0.98,67.67,108.15,1.0
2.0,5.0,3.0,0.0,10.0,1.0,3.0,2.0,0.0,8.0,92.83,0.0
1.0,0.0,0.0,0.0,1.0,0.1,1.0,1.0,0.0,3.17,43.13,0.0
0.0,23.0,3.0,22.0,48.0,4.8,5.0,7.0,0.957,36.87,60.02,1.0
4.0,14.0,2.0,0.0,20.0,2.0,1.0,3.0,0.0,7.94,78.03,0.0
2.0,35.0,0.0,29.0,66.0,6.6,6.0,5.0,0.829,19.22,83.77,1.0
97.0,95.0,21.0,2.0,215.0,21.5,9.0,6.0,0.021,73.6,723.06,0.0
2.0,22.0,3.0,21.0,48.0,4.8,4.0,6.0,0.955,35.93,63.47,1.0
1.0,33.0,3.0,36.0,73.0,7.3,7.0,5.0,1.091,27.96,133.84,1.0
0.0,124.0,9.0,116.0,249.0,24.9,14.0,8.0,0.935,46.64,91.27,1.0
4.0,10.0,0.0,1.0,15.0,1.5,1.0,4.0,0.1,3.59,59.68,0.0
0.0,176.0,8.0,179.0,363.0,36.3,4.0,7.0,1.017,48.87,250.79,1.0
8.0,144.0,13.0,128.0,293.0,29.3,8.0,4.0,0.889,71.6,170.6,1.0
3.0,43.0,7.0,46.0,99.0,9.9,4.0,5.0,1.07,67.56,142.62,1.0
1.0,35.0,8.0,37.0,81.0,8.1,5.0,3.0,1.057,66.92,218.66,1.0
1.0,173.0,3.0,179.0,356.0,35.6,9.0,9.0,1.035,63.64,220.51,1.0
0.0,0.0,0.0,0.0,0.0,0.0,0.0,0.0,0.0,1.86,30.08,0.0
4.0,51.0,7.0,54.0,116.0,11.6,3.0,5.0,1.059,51.56,104.68,1.0
2.0,101.0,6.0,87.0,196.0,19.6,13.0,7.0,0.861,50.13,164.77,1.0
62.0,10.0,0.0,0.0,72.0,7.2,4.0,3.0,0.0,14.87,222.8,0.0
91.0,144.0,28.0,2.0,265.0,26.5,9.0,4.0,0.014,95.84,845.34,0.0
47.0,113.0,24.0,2.0,186.0,18.6,11.0,3.0,0.018,94.34,377.58,0.0
45.0,102.0,8.0,1.0,156.0,15.6,10.0,8.0,0.01,62.11,774.32,0.0
5.0,40.0,11.0,44.0,100.0,10.0,15.0,12.0,1.1,64.5,221.95,1.0
0.0,0.0,0.0,0.0,0.0,0.0,0.0,0.0,0.0,3.68,36.37,0.0
3.0,37.0,2.0,37.0,79.0,7.9,7.0,6.0,1.0,68.03,150.07,1.0
66.0,8.0,0.0,0.0,74.0,7.4,1.0,1.0,0.0,19.02,194.34,0.0
7.0,119.0,8.0,131.0,265.0,26.5,10.0,8.0,1.101,75.55,150.24,1.0
1.0,27.0,2.0,22.0,52.0,5.2,2.0,3.0,0.815,27.61,68.49,1.0
1.0,35.0,8.0,32.0,76.0,7.6,7.0,4.0,0.914,71.95,101.03,1.0
1.0,28.0,0.0,27.0,56.0,5.6,5.0,4.0,0.964,44.23,96.79,1.0
1.0,2.0,0.0,0.0,3.0,0.3,1.0,0.0,0.0,0.48,38.91,0.0
7.0,125.0,14.0,130.0,276.0,27.6,7.0,8.0,1.04,71.87,135.71,1.0
1.0,77.0,15.0,79.0,172.0,17.2,16.0,10.0,1.026,41.58,94.06,1.0
0.0,1.0,0.0,0.0,1.0,0.1,1.0,0.0,0.0,0.3,29.69,0.0
1.0,16.0,1.0,14.0,32.0,3.2,4.0,7.0,0.875,34.88,133.45,1.0
8.0,135.0,13.0,120.0,276.0,27.6,15.0,10.0,0.889,35.08,273.73,1.0
0.0,0.0,0.0,0.0,0.0,0.0,0.0,0.0,0.0,2.39,49.05,0.0
62.0,100.0,19.0,0.0,181.0,18.1,6.0,7.0,0.0,48.18,335.0,0.0
6.0,155.0,13.0,177.0,351.0,35.1,15.0,10.0,1.142,55.4,156.15,1.0
8.0,144.0,8.0,165.0,325.0,32.5,13.0,9.0,1.146,50.6,194.69,1.0
0.0,0.0,0.0,0.0,0.0,0.0,0.0,0.0,0.0,3.46,51.92,0.0
4.0,13.0,0.0,0.0,17.0,1.7,3.0,4.0,0.0,8.75,83.9,0.0
3.0,14.0,0.0,11.0,28.0,2.8,4.0,7.0,0.786,35.93,126.75,1.0
4.0,45.0,2.0,45.0,96.0,9.6,8.0,5.0,1.0,37.33,123.25,1.0
0.0,26.0,1.0,22.0,49.0,4.9,2.0,4.0,0.846,35.58,51.76,1.0
47.0,96.0,19.0,0.0,162.0,16.2,11.0,3.0,0.0,69.72,827.83,0.0
0.0,0.0,0.0,0.0,0.0,0.0,0.0,0.0,0.0,2.88,39.78,0.0
1.0,64.0,6.0,61.0,132.0,13.2,4.0,2.0,0.953,25.22,115.5,1.0
4.0,49.0,2.0,48.0,103.0,10.3,4.0,2.0,0.98,41.94,63.91,1.0
0.0,0.0,0.0,0.0,0.0,0.0,0.0,0.0,0.0,3.61,46.15,0.0
0.0,2.0,1.0,0.0,3.0,0.3,1.0,0.0,0.0,3.09,48.23,0.0
1.0,72.0,3.0,77.0,153.0,15.3,3.0,4.0,1.069,46.79,193.04,1.0
4.0,26.0,3.0,27.0,60.0,6.0,7.0,5.0,1.038,51.46,141.79,1.0
4.0,12.0,0.0,0.0,16.0,1.6,2.0,4.0,0.0,7.64,59.56,0.0
2.0,22.0,4.0,21.0,49.0,4.9,3.0,5.0,0.955,22.94,61.09,1.0
2.0,21.0,2.0,16.0,41.0,4.1,3.0,6.0,0.762,29.87,87.9,1.0
1.0,29.0,2.0,24.0,56.0,5.6,4.0,4.0,0.828,23.61,144.88,1.0
2.0,33.0,4.0,35.0,74.0,7.4,2.0,6.0,1.061,42.45,183.65,1.0
115.0,149.0,15.0,0.0,279.0,27.9,8.0,6.0,0.0,49.6,770.08,0.0
113.0,150.0,30.0,3.0,296.0,29.6,8.0,4.0,0.02,72.71,257.57,0.0
32.0,17.0,0.0,0.0,49.0,4.9,4.0,1.0,0.0,33.42,243.56,0.0
3.0,35.0,2.0,33.0,73.0,7.3,5.0,3.0,0.943,43.92,89.46,1.0
65.0,58.0,14.0,1.0,138.0,13.8,11.0,8.0,0.017,69.16,590.95,0.0
0.0,43.0,12.0,39.0,94.0,9.4,11.0,11.0,0.907,66.79,97.69,1.0
1.0,8.0,1.0,0.0,10.0,1.0,1.0,4.0,0.0,16.95,132.34,0.0
8.0,159.0,0.0,168.0,335.0,33.5,10.0,7.0,1.057,39.27,253.44,1.0
1.0,1.0,0.0,0.0,2.0,0.2,1.0,0.0,0.0,3.4,29.91,0.0
1.0,120.0,12.0,136.0,269.0,26.9,4.0,6.0,1.133,77.39,182.38,1.0
62.0,8.0,0.0,0.0,70.0,7.0,3.0,1.0,0.0,16.12,202.75,0.0
6.0,55.0,13.0,63.0,137.0,13.7,14.0,10.0,1.145,73.78,133.45,1.0
2.0,31.0,1.0,29.0,63.0,6.3,2.0,3.0,0.935,25.61,125.24,1.0
0.0,0.0,0.0,0.0,0.0,0.0,0.0,0.0,0.0,1.81,43.3,0.0
3.0,22.0,2.0,19.0,46.0,4.6,6.0,4.0,0.864,27.04,54.0,1.0
6.0,13.0,3.0,0.0,22.0,2.2,1.0,2.0,0.0,11.9,110.66,0.0
5.0,48.0,3.0,49.0,105.0,10.5,3.0,3.0,1.021,28.53,160.09,1.0
54.0,17.0,0.0,0.0,71.0,7.1,3.0,3.0,0.0,12.44,163.02,0.0
54.0,112.0,9.0,1.0,176.0,17.6,10.0,8.0,0.009,75.99,289.79,0.0
1.0,0.0,0.0,0.0,1.0,0.1,1.0,1.0,0.0,2.68,20.88,0.0
45.0,148.0,30.0,1.0,224.0,22.4,7.0,8.0,0.007,66.01,735.24,0.0
5.0,41.0,8.0,37.0,91.0,9.1,5.0,2.0,0.902,68.85,50.58,1.0
5.0,15.0,2.0,0.0,22.0,2.2,3.0,3.0,0.0,9.43,159.49,0.0
3.0,99.0,8.0,86.0,196.0,19.6,14.0,8.0,0.869,47.34,155.01,1.0
7.0,78.0,14.0,73.0,172.0,17.2,15.0,5.0,0.936,39.86,71.45,1.0
52.0,102.0,27.0,2.0,183.0,18.3,6.0,7.0,0.02,95.42,814.77,0.0
4.0,32.0,7.0,31.0,74.0,7.4,3.0,5.0,0.969,49.07,173.57,1.0
1.0,0.0,0.0,0.0,1.0,0.1,1.0,1.0,0.0,3.25,43.09,0.0
0.0,163.0,3.0,171.0,337.0,33.7,6.0,8.0,1.049,74.89,104.62,1.0
30.0,65.0,5.0,2.0,102.0,10.2,8.0,4.0,0.031,93.89,619.51,0.0
3.0,149.0,6.0,131.0,289.0,28.9,16.0,6.0,0.879,71.43,114.81,1.0
48.0,16.0,0.0,0.0,64.0,6.4,1.0,2.0,0.0,21.63,145.71,0.0
2.0,27.0,3.0,23.0,55.0,5.5,6.0,4.0,0.852,32.04,116.1,1.0
0.0,128.0,0.0,117.0,245.0,24.5,5.0,11.0,0.914,71.12,279.73,1.0
6.0,119.0,13.0,127.0,265.0,26.5,11.0,10.0,1.067,45.34,254.14,1.0
1.0,41.0,0.0,42.0,84.0,8.4,4.0,2.0,1.024,45.22,69.21,1.0
0.0,24.0,2.0,19.0,45.0,4.5,4.0,7.0,0.792,18.99,114.41,1.0
1.0,74.0,15.0,70.0,160.0,16.0,8.0,7.0,0.946,42.46,168.56,1.0
2.0,102.0,14.0,112.0,230.0,23.0,6.0,5.0,1.098,37.91,257.59,1.0
2.0,12.0,1.0,9.0,24.0,2.4,2.0,4.0,0.75,30.89,131.39,1.0
2.0,13.0,3.0,1.0,19.0,1.9,2.0,2.0,0.077,18.98,43.34,0.0
0.0,1.0,0.0,0.0,1.0,0.1,1.0,0.0,0.0,3.49,40.48,0.0
6.0,6.0,0.0,0.0,12.0,1.2,2.0,4.0,0.0,14.12,116.22,0.0
2.0,67.0,8.0,70.0,147.0,14.7,15.0,9.0,1.045,42.57,242.32,1.0
4.0,13.0,3.0,0.0,20.0,2.0,2.0,2.0,0.0,11.55,100.86,0.0
2.0,162.0,6.0,148.0,318.0,31.8,13.0,10.0,0.914,52.35,79.98,1.0
1.0,20.0,2.0,20.0,43.0,4.3,3.0,6.0,1.0,34.89,114.85,1.0
1.0,0.0,0.0,0.0,1.0,0.1,1.0,0.0,0.0,3.21,39.62,0.0
90.0,92.0,26.0,1.0,209.0,20.9,4.0,8.0,0.011,95.75,728.2,0.0
0.0,26.0,1.0,24.0,51.0,5.1,4.0,3.0,0.923,36.14,142.96,1.0
4.0,7.0,0.0,1.0,12.0,1.2,2.0,2.0,0.143,6.46,100.79,0.0
0.0,1.0,0.0,0.0,1.0,0.1,1.0,0.0,0.0,2.64,49.31,0.0
31.0,94.0,16.0,1.0,142.0,14.2,7.0,8.0,0.011,93.15,710.42,0.0
30.0,138.0,22.0,2.0,192.0,19.2,6.0,8.0,0.014,91.31,592.79,0.0
81.0,45.0,7.0,2.0,135.0,13.5,9.0,3.0,0.044,82.34,640.65,0.0
1.0,33.0,0.0,30.0,64.0,6.4,5.0,4.0,0.909,37.68,94.75,1.0
5.0,110.0,7.0,99.0,221.0,22.1,5.0,7.0,0.9,73.26,169.49,1.0
0.0,27.0,7.0,24.0,58.0,5.8,4.0,2.0,0.889,34.73,215.64,1.0
54.0,79.0,25.0,0.0,158.0,15.8,8.0,6.0,0.0,85.84,749.41,0.0
5.0,32.0,8.0,31.0,76.0,7.6,3.0,3.0,0.969,43.79,59.19,1.0
36.0,12.0,0.0,0.0,48.0,4.8,2.0,1.0,0.0,27.09,190.8,0.0
2.0,4.0,0.0,0.0,6.0,0.6,1.0,2.0,0.0,13.89,132.3,0.0
4.0,51.0,8.0,56.0,119.0,11.9,6.0,7.0,1.098,65.76,172.8,1.0
3.0,35.0,4.0,34.0,76.0,7.6,3.0,5.0,0.971,37.97,65.33,1.0
2.0,4.0,0.0,0.0,6.0,0.6,1.0,2.0,0.0,5.57,96.08,0.0
1.0,137.0,3.0,149.0,290.0,29.0,6.0,11.0,1.088,57.03,90.17,1.0
0.0,2.0,0.0,0.0,2.0,0.2,1.0,1.0,0.0,1.45,31.08,0.0
87.0,19.0,0.0,0.0,106.0,10.6,2.0,2.0,0.0,31.56,110.66,0.0
4.0,15.0,2.0,0.0,21.0,2.1,3.0,1.0,0.0,19.48,162.32,0.0
7.0,134.0,8.0,150.0,299.0,29.9,4.0,10.0,1.119,67.57,193.24,1.0
1.0,12.0,1.0,9.0,23.0,2.3,4.0,4.0,0.75,39.0,53.58,1.0
6.0,6.0,1.0,0.0,13.0,1.3,3.0,3.0,0.0,12.67,167.45,0.0
0.0,1.0,0.0,0.0,1.0,0.1,1.0,0.0,0.0,2.68,15.87,0.0
0.0,42.0,6.0,38.0,86.0,8.6,3.0,3.0,0.905,65.54,170.11,1.0
5.0,124.0,2.0,119.0,250.0,25.0,12.0,7.0,0.96,61.55,269.71,1.0
5.0,74.0,5.0,70.0,154.0,15.4,6.0,3.0,0.946,27.26,175.2,1.0
0.0,0.0,0.0,0.0,0.0,0.0,0.0,0.0,0.0,0.66,54.82,0.0
0.0,0.0,1.0,0.0,1.0,0.1,1.0,1.0,0.0,2.02,23.1,0.0
3.0,151.0,4.0,151.0,309.0,30.9,9.0,6.0,1.0,82.43,239.6,1.0
0.0,63.0,7.0,60.0,130.0,13.0,4.0,2.0,0.952,33.47,185.2,1.0
0.0,1.0,0.0,0.0,1.0,0.1,1.0,0.0,0.0,3.6,22.68,0.0
58.0,5.0,0.0,0.0,63.0,6.3,4.0,3.0,0.0,14.49,184.88,0.0
1.0,5.0,1.0,0.0,7.0,0.7,1.0,1.0,0.0,10.74,53.83,0.0
3.0,25.0,1.0,23.0,52.0,5.2,6.0,3.0,0.92,27.39,51.14,1.0
3.0,38.0,2.0,38.0,81.0,8.1,5.0,3.0,1.0,49.85,150.17,1.0
0.0,0.0,1.0,0.0,1.0,0.1,1.0,0.0,0.0,1.27,40.38,0.0
0.0,26.0,4.0,23.0,53.0,5.3,4.0,3.0,0.885,37.17,102.53,1.0
62.0,78.0,6.0,3.0,149.0,14.9,10.0,4.0,0.038,89.52,670.84,0.0
0.0,39.0,7.0,35.0,81.0,8.1,3.0,5.0,0.897,35.65,191.75,1.0
0.0,1.0,0.0,0.0,1.0,0.1,1.0,1.0,0.0,3.47,37.05,0.0
0.0,30.0,3.0,28.0,61.0,6.1,4.0,4.0,0.933,18.63,95.3,1.0
0.0,57.0,1.0,50.0,108.0,10.8,14.0,11.0,0.877,38.06,96.53,1.0
0.0,0.0,0.0,0.0,0.0,0.0,0.0,0.0,0.0,1.73,26.84,0.0
2.0,27.0,0.0,24.0,53.0,5.3,2.0,5.0,0.889,15.08,97.16,1.0
0.0,0.0,0.0,0.0,0.0,0.0,0.0,0.0,0.0,3.91,25.6,0.0
5.0,8.0,1.0,0.0,14.0,1.4,3.0,1.0,0.0,18.2,73.91,0.0
45.0,18.0,0.0,0.0,63.0,6.3,2.0,2.0,0.0,27.66,217.69,0.0
4.0,140.0,2.0,154.0,300.0,30.0,5.0,4.0,1.1,55.06,308.05,1.0
6.0,8.0,1.0,1.0,16.0,1.6,3.0,2.0,0.125,8.75,117.03,0.0
4.0,79.0,9.0,80.0,172.0,17.2,5.0,8.0,1.013,71.24,111.3,1.0
1.0,13.0,3.0,13.0,30.0,3.0,4.0,7.0,1.0,34.17,138.46,1.0
5.0,51.0,2.0,53.0,111.0,11.1,7.0,2.0,1.039,57.48,205.86,1.0
0.0,0.0,0.0,0.0,0.0,0.0,0.0,0.0,0.0,1.21,40.06,0.0
0.0,0.0,0.0,0.0,0.0,0.0,0.0,0.0,0.0,0.63,39.94,0.0
6.0,6.0,3.0,0.0,15.0,1.5,2.0,3.0,0.0,14.45,167.0,0.0
118.0,132.0,16.0,3.0,269.0,26.9,10.0,6.0,0.023,94.84,830.82,0.0
41.0,106.0,22.0,2.0,171.0,17.1,7.0,3.0,0.019,72.12,402.96,0.0
4.0,109.0,9.0,121.0,243.0,24.3,5.0,8.0,1.11,45.42,246.4,1.0
8.0,173.0,10.0,173.0,364.0,36.4,4.0,10.0,1.0,59.92,262.69,1.0
87.0,158.0,17.0,1.0,263.0,26.3,10.0,6.0,0.006,90.02,386.2,0.0
0.0,150.0,12.0,153.0,315.0,31.5,10.0,10.0,1.02,36.95,138.29,1.0
7.0,150.0,13.0,158.0,328.0,32.8,12.0,10.0,1.053,40.23,193.39,1.0
83.0,107.0,19.0,0.0,209.0,20.9,12.0,3.0,0.0,77.14,329.1,0.0
0.0,0.0,0.0,0.0,0.0,0.0,0.0,0.0,0.0,1.74,40.26,0.0
42.0,142.0,7.0,3.0,194.0,19.4,10.0,8.0,0.021,64.93,246.06,0.0
6.0,151.0,0.0,166.0,323.0,32.3,13.0,11.0,1.099,74.44,318.94,1.0
8.0,53.0,5.0,46.0,112.0,11.2,15.0,12.0,0.868,88.89,98.63,1.0
65.0,20.0,0.0,0.0,85.0,8.5,2.0,1.0,0.0,17.42,244.68,0.0
44.0,19.0,0.0,0.0,63.0,6.3,2.0,3.0,0.0,32.38,112.02,0.0
5.0,7.0,2.0,1.0,15.0,1.5,3.0,3.0,0.143,17.51,42.87,0.0
0.0,0.0,0.0,0.0,0.0,0.0,0.0,0.0,0.0,1.56,28.35,0.0
74.0,136.0,9.0,2.0,221.0,22.1,5.0,7.0,0.015,71.02,591.69,0.0
6.0,8.0,3.0,0.0,17.0,1.7,2.0,4.0,0.0,15.62,80.08,0.0
8.0,42.0,0.0,40.0,90.0,9.0,14.0,5.0,0.952,86.78,262.1,1.0
2.0,8.0,3.0,0.0,13.0,1.3,1.0,4.0,0.0,4.4,85.25,0.0
5.0,12.0,2.0,1.0,20.0,2.0,1.0,1.0,0.083,13.09,163.82,0.0
3.0,34.0,1.0,27.0,65.0,6.5,5.0,7.0,0.794,29.37,107.07,1.0
31.0,6.0,0.0,0.0,37.0,3.7,2.0,3.0,0.0,17.62,163.29,0.0
0.0,0.0,0.0,0.0,0.0,0.0,0.0,0.0,0.0,1.47,30.23,0.0
4.0,11.0,2.0,0.0,17.0,1.7,2.0,1.0,0.0,5.33,59.69,0.0
3.0,25.0,0.0,21.0,49.0,4.9,3.0,6.0,0.84,44.63,104.66,1.0
110.0,50.0,10.0,3.0,173.0,17.3,8.0,4.0,0.06,76.79,475.26,0.0
1.0,2.0,1.0,0.0,4.0,0.4,1.0,1.0,0.0,2.47,24.31,0.0
0.0,1.0,0.0,0.0,1.0,0.1,1.0,0.0,0.0,2.02,46.49,0.0
85.0,117.0,25.0,3.0,230.0,23.0,11.0,4.0,0.026,70.09,768.71,0.0
0.0,1.0,0.0,0.0,1.0,0.1,1.0,1.0,0.0,2.34,51.04,0.0
0.0,13.0,0.0,12.0,25.0,2.5,6.0,4.0,0.923,42.89,93.41,1.0
2.0,17.0,2.0,15.0,36.0,3.6,5.0,6.0,0.882,18.08,108.76,1.0
3.0,81.0,15.0,92.0,191.0,19.1,15.0,4.0,1.136,40.99,239.09,1.0
6.0,10.0,0.0,0.0,16.0,1.6,2.0,4.0,0.0,8.0,133.82,0.0
49.0,108.0,17.0,2.0,176.0,17.6,9.0,7.0,0.019,67.77,613.49,0.0
6.0,166.0,11.0,149.0,332.0,33.2,11.0,5.0,0.898,55.25,171.53,1.0
1.0,4.0,2.0,0.0,7.0,0.7,2.0,4.0,0.0,11.03,156.14,0.0
2.0,25.0,0.0,20.0,47.0,4.7,5.0,6.0,0.8,18.0,112.66,1.0
1.0,52.0,3.0,50.0,106.0,10.6,8.0,6.0,0.962,44.87,93.32,1.0
64.0,41.0,6.0,0.0,111.0,11.1,12.0,3.0,0.0,82.9,457.62,0.0
81.0,143.0,24.0,3.0,251.0,25.1,10.0,8.0,0.021,66.16,742.16,0.0
40.0,123.0,11.0,2.0,176.0,17.6,11.0,6.0,0.016,75.18,615.11,0.0
0.0,27.0,2.0,27.0,56.0,5.6,4.0,5.0,1.0,44.06,42.95,1.0
0.0,1.0,0.0,0.0,1.0,0.1,1.0,1.0,0.0,1.89,22.44,0.0
4.0,7.0,3.0,0.0,14.0,1.4,1.0,2.0,0.0,10.73,157.25,0.0
1.0,2.0,0.0,0.0,3.0,0.3,1.0,1.0,0.0,2.62,15.78,0.0
0.0,0.0,0.0,0.0,0.0,0.0,0.0,0.0,0.0,0.74,59.6,0.0
0.0,2.0,1.0,0.0,3.0,0.3,1.0,0.0,0.0,0.69,30.17,0.0
6.0,7.0,0.0,1.0,14.0,1.4,2.0,1.0,0.143,17.88,135.22,0.0
7.0,65.0,0.0,70.0,142.0,14.2,11.0,5.0,1.077,61.02,137.25,1.0
0.0,2.0,0.0,0.0,2.0,0.2,1.0,1.0,0.0,3.89,49.29,0.0
27.0,137.0,17.0,3.0,184.0,18.4,5.0,5.0,0.022,76.54,299.32,0.0
5.0,60.0,9.0,66.0,140.0,14.0,16.0,9.0,1.1,93.69,216.44,1.0
0.0,31.0,3.0,31.0,65.0,6.5,8.0,4.0,1.0,74.57,170.12,1.0
4.0,49.0,2.0,52.0,107.0,10.7,7.0,2.0,1.061,59.1,124.09,1.0
2.0,74.0,6.0,66.0,148.0,14.8,8.0,2.0,0.892,68.82,169.25,1.0
62.0,8.0,0.0,0.0,70.0,7.0,2.0,2.0,0.0,21.83,206.9,0.0
3.0,36.0,2.0,38.0,79.0,7.9,6.0,6.0,1.056,52.06,184.16,1.0
6.0,3.0,2.0,0.0,11.0,1.1,2.0,2.0,0.0,3.79,175.7,0.0
0.0,0.0,0.0,0.0,0.0,0.0,0.0,0.0,0.0,2.61,22.54,0.0
5.0,10.0,3.0,0.0,18.0,1.8,3.0,2.0,0.0,18.17,82.91,0.0
5.0,53.0,7.0,47.0,112.0,11.2,10.0,12.0,0.887,64.29,301.53,1.0
3.0,53.0,1.0,45.0,102.0,10.2,16.0,9.0,0.849,86.27,74.67,1.0
47.0,96.0,7.0,3.0,153.0,15.3,7.0,7.0,0.031,65.81,619.56,0.0
7.0,73.0,13.0,82.0,175.0,17.5,8.0,8.0,1.123,91.44,135.99,1.0
1.0,61.0,0.0,62.0,124.0,12.4,8.0,3.0,1.016,58.24,107.7,1.0
1.0,112.0,1.0,122.0,236.0,23.6,5.0,4.0,1.089,45.74,192.31,1.0
69.0,149.0,6.0,0.0,224.0,22.4,7.0,5.0,0.0,60.04,717.54,0.0
1.0,114.0,13.0,123.0,251.0,25.1,7.0,12.0,1.079,43.37,90.17,1.0
0.0,75.0,3.0,76.0,154.0,15.4,15.0,12.0,1.013,89.47,102.61,1.0
38.0,89.0,26.0,2.0,155.0,15.5,12.0,6.0,0.022,67.19,595.85,0.0
2.0,5.0,1.0,0.0,8.0,0.8,1.0,3.0,0.0,12.34,101.72,0.0
0.0,135.0,13.0,137.0,285.0,28.5,6.0,4.0,1.015,85.57,131.28,1.0
4.0,5.0,1.0,0.0,10.0,1.0,2.0,4.0,0.0,17.77,149.66,0.0
7.0,50.0,12.0,54.0,123.0,12.3,4.0,8.0,1.08,81.37,224.77,1.0
1.0,0.0,0.0,0.0,1.0,0.1,1.0,0.0,0.0,1.94,45.4,0.0
1.0,12.0,0.0,1.0,14.0,1.4,2.0,1.0,0.083,15.36,58.28,0.0
76.0,9.0,0.0,0.0,85.0,8.5,3.0,3.0,0.0,25.98,149.19,0.0
0.0,174.0,1.0,165.0,340.0,34.0,8.0,4.0,0.948,49.56,238.14,1.0
5.0,6.0,2.0,0.0,13.0,1.3,3.0,2.0,0.0,17.8,157.7,0.0
8.0,179.0,14.0,162.0,363.0,36.3,15.0,5.0,0.905,74.4,152.04,1.0
117.0,124.0,9.0,0.0,250.0,25.0,9.0,3.0,0.0,55.58,491.7,0.0
1.0,1.0,1.0,0.0,3.0,0.3,1.0,1.0,0.0,2.68,26.6,0.0
1.0,27.0,3.0,24.0,55.0,5.5,6.0,4.0,0.889,33.05,79.49,1.0
3.0,7.0,3.0,1.0,14.0,1.4,2.0,1.0,0.143,6.7,173.7,0.0
0.0,23.0,0.0,19.0,42.0,4.2,6.0,6.0,0.826,29.94,77.69,1.0
0.0,2.0,0.0,0.0,2.0,0.2,1.0,1.0,0.0,1.51,21.96,0.0
6.0,172.0,2.0,159.0,339.0,33.9,10.0,12.0,0.924,63.23,181.4,1.0
118.0,98.0,22.0,0.0,238.0,23.8,10.0,3.0,0.0,74.26,739.11,0.0
1.0,57.0,4.0,62.0,124.0,12.4,8.0,2.0,1.088,54.95,177.41,1.0
6.0,15.0,2.0,0.0,23.0,2.3,1.0,2.0,0.0,7.34,114.96,0.0
4.0,109.0,10.0,109.0,232.0,23.2,4.0,11.0,1.0,47.28,258.38,1.0
1.0,13.0,0.0,1.0,15.0,1.5,2.0,4.0,0.077,16.26,140.18,0.0
3.0,5.0,0.0,0.0,8.0,0.8,2.0,2.0,0.0,14.73,163.07,0.0
6.0,86.0,11.0,83.0,186.0,18.6,7.0,10.0,0.965,78.06,309.31,1.0
5.0,70.0,0.0,69.0,144.0,14.4,2.0,6.0,0.986,59.65,103.07,1.0
0.0,30.0,6.0,28.0,64.0,6.4,5.0,6.0,0.933,42.32,99.32,1.0
0.0,22.0,2.0,17.0,41.0,4.1,5.0,5.0,0.773,35.49,118.01,1.0
0.0,1.0,0.0,0.0,1.0,0.1,1.0,1.0,0.0,1.87,28.19,0.0
0.0,1.0,0.0,0.0,1.0,0.1,1.0,1.0,0.0,2.31,29.47,0.0
0.0,0.0,1.0,0.0,1.0,0.1,1.0,0.0,0.0,1.85,41.57,0.0
1.0,153.0,3.0,144.0,301.0,30.1,16.0,11.0,0.941,60.46,153.66,1.0
1.0,7.0,3.0,0.0,11.0,1.1,2.0,3.0,0.0,3.64,116.18,0.0
0.0,0.0,1.0,0.0,1.0,0.1,1.0,1.0,0.0,3.09,59.98,0.0
2.0,21.0,2.0,19.0,44.0,4.4,6.0,6.0,0.905,42.54,88.15,1.0
56.0,10.0,0.0,0.0,66.0,6.6,4.0,3.0,0.0,34.58,197.29,0.0
1.0,0.0,0.0,0.0,1.0,0.1,1.0,1.0,0.0,2.9,35.37,0.0
8.0,105.0,9.0,103.0,225.0,22.5,10.0,10.0,0.981,88.92,138.37,1.0
1.0,11.0,0.0,0.0,12.0,1.2,3.0,2.0,0.0,14.38,84.23,0.0
1.0,1.0,0.0,0.0,2.0,0.2,1.0,0.0,0.0,1.28,27.91,0.0
7.0,116.0,14.0,121.0,258.0,25.8,7.0,10.0,1.043,77.5,185.27,1.0
0.0,29.0,3.0,26.0,58.0,5.8,3.0,3.0,0.897,38.52,56.65,1.0
0.0,0.0,0.0,0.0,0.0,0.0,0.0,0.0,0.0,2.75,30.4,0.0
5.0,96.0,9.0,100.0,210.0,21.0,13.0,7.0,1.042,83.54,273.97,1.0
3.0,163.0,11.0,181.0,358.0,35.8,8.0,5.0,1.11,51.83,311.04,1.0
1.0,21.0,4.0,17.0,43.0,4.3,4.0,5.0,0.81,35.37,97.78,1.0
0.0,158.0,10.0,144.0,312.0,31.2,7.0,8.0,0.911,44.89,219.1,1.0
3.0,27.0,1.0,22.0,53.0,5.3,4.0,5.0,0.815,28.7,136.18,1.0
86.0,13.0,0.0,0.0,99.0,9.9,3.0,2.0,0.0,32.91,97.89,0.0
4.0,141.0,2.0,130.0,277.0,27.7,5.0,4.0,0.922,83.02,268.69,1.0
4.0,32.0,5.0,31.0,72.0,7.2,6.0,3.0,0.969,68.91,75.25,1.0
6.0,4.0,2.0,0.0,12.0,1.2,1.0,3.0,0.0,12.99,110.26,0.0
0.0,2.0,0.0,0.0,2.0,0.2,1.0,0.0,0.0,3.75,54.97,0.0
8.0,100.0,8.0,93.0,209.0,20.9,15.0,4.0,0.93,78.64,106.89,1.0
0.0,1.0,0.0,0.0,1.0,0.1,1.0,0.0,0.0,1.1,51.31,0.0
0.0,0.0,0.0,0.0,0.0,0.0,0.0,0.0,0.0,3.01,34.28,0.0
2.0,12.0,2.0,1.0,17.0,1.7,1.0,2.0,0.083,7.83,68.58,0.0
3.0,85.0,7.0,87.0,182.0,18.2,9.0,6.0,1.024,67.59,179.71,1.0
93.0,64.0,7.0,2.0,166.0,16.6,11.0,4.0,0.031,70.12,214.18,0.0
8.0,139.0,14.0,140.0,301.0,30.1,16.0,4.0,1.007,84.68,115.79,1.0
4.0,64.0,8.0,58.0,134.0,13.4,5.0,4.0,0.906,43.67,150.75,1.0
0.0,108.0,3.0,116.0,227.0,22.7,6.0,11.0,1.074,91.49,97.65,1.0
35.0,81.0,10.0,0.0,126.0,12.6,5.0,8.0,0.0,55.09,819.51,0.0
2.0,131.0,1.0,136.0,270.0,27.0,5.0,5.0,1.038,43.64,280.84,1.0
0.0,1.0,0.0,0.0,1.0,0.1,1.0,1.0,0.0,3.58,26.61,0.0
3.0,74.0,15.0,74.0,166.0,16.6,15.0,4.0,1.0,36.98,165.64,1.0
2.0,6.0,2.0,0.0,10.0,1.0,1.0,1.0,0.0,2.29,43.91,0.0
5.0,45.0,10.0,48.0,108.0,10.8,15.0,8.0,1.067,57.75,157.66,1.0
2.0,85.0,8.0,87.0,182.0,18.2,9.0,8.0,1.024,80.21,196.99,1.0
5.0,52.0,2.0,57.0,116.0,11.6,9.0,11.0,1.096,89.31,213.14,1.0
5.0,42.0,10.0,37.0,94.0,9.4,16.0,5.0,0.881,50.05,202.18,1.0
32.0,96.0,10.0,0.0,138.0,13.8,5.0,4.0,0.0,96.63,371.12,0.0
3.0,120.0,3.0,133.0,259.0,25.9,9.0,10.0,1.108,84.73,203.41,1.0
3.0,7.0,0.0,1.0,11.0,1.1,1.0,3.0,0.143,2.86,160.98,0.0
1.0,1.0,0.0,0.0,2.0,0.2,1.0,1.0,0.0,0.38,36.62,0.0
